Fitter report for Lab4
Tue Nov 26 18:45:05 2024
Quartus Prime Version 23.1std.0 Build 991 11/28/2023 SC Standard Edition


---------------------
; Table of Contents ;
---------------------
  1. Legal Notice
  2. Fitter Summary
  3. Fitter Settings
  4. Parallel Compilation
  5. Fitter Netlist Optimizations
  6. Ignored Assignments
  7. Incremental Compilation Preservation Summary
  8. Incremental Compilation Partition Settings
  9. Incremental Compilation Placement Preservation
 10. Pin-Out File
 11. Fitter Resource Usage Summary
 12. Fitter Partition Statistics
 13. Input Pins
 14. Output Pins
 15. Bidir Pins
 16. I/O Bank Usage
 17. All Package Pins
 18. I/O Assignment Warnings
 19. PLL Usage Summary
 20. Fitter Resource Utilization by Entity
 21. Delay Chain Summary
 22. Pad To Core Delay Chain Fanout
 23. Control Signals
 24. Global & Other Fast Signals
 25. Non-Global High Fan-Out Signals
 26. Fitter RAM Summary
 27. Routing Usage Summary
 28. I/O Rules Summary
 29. I/O Rules Details
 30. I/O Rules Matrix
 31. Fitter Device Options
 32. Operating Settings and Conditions
 33. Estimated Delay Added for Hold Timing Summary
 34. Estimated Delay Added for Hold Timing Details
 35. Fitter Messages
 36. Fitter Suppressed Messages



----------------
; Legal Notice ;
----------------
Copyright (C) 2023  Intel Corporation. All rights reserved.
Your use of Intel Corporation's design tools, logic functions 
and other software and tools, and any partner logic 
functions, and any output files from any of the foregoing 
(including device programming or simulation files), and any 
associated documentation or information are expressly subject 
to the terms and conditions of the Intel Program License 
Subscription Agreement, the Intel Quartus Prime License Agreement,
the Intel FPGA IP License Agreement, or other applicable license
agreement, including, without limitation, that your use is for
the sole purpose of programming logic devices manufactured by
Intel and sold by Intel or its authorized distributors.  Please
refer to the applicable agreement for further details, at
https://fpgasoftware.intel.com/eula.



+--------------------------------------------------------------------------------------+
; Fitter Summary                                                                       ;
+---------------------------------+----------------------------------------------------+
; Fitter Status                   ; Successful - Tue Nov 26 18:45:05 2024              ;
; Quartus Prime Version           ; 23.1std.0 Build 991 11/28/2023 SC Standard Edition ;
; Revision Name                   ; Lab4                                               ;
; Top-level Entity Name           ; Lab4                                               ;
; Family                          ; Cyclone V                                          ;
; Device                          ; 5CSXFC6D6F31C6                                     ;
; Timing Models                   ; Final                                              ;
; Logic utilization (in ALMs)     ; 2,644 / 41,910 ( 6 % )                             ;
; Total registers                 ; 3562                                               ;
; Total pins                      ; 54 / 499 ( 11 % )                                  ;
; Total virtual pins              ; 0                                                  ;
; Total block memory bits         ; 3,200 / 5,662,720 ( < 1 % )                        ;
; Total RAM Blocks                ; 5 / 553 ( < 1 % )                                  ;
; Total DSP Blocks                ; 0 / 112 ( 0 % )                                    ;
; Total HSSI RX PCSs              ; 0 / 9 ( 0 % )                                      ;
; Total HSSI PMA RX Deserializers ; 0 / 9 ( 0 % )                                      ;
; Total HSSI TX PCSs              ; 0 / 9 ( 0 % )                                      ;
; Total HSSI PMA TX Serializers   ; 0 / 9 ( 0 % )                                      ;
; Total PLLs                      ; 1 / 15 ( 7 % )                                     ;
; Total DLLs                      ; 0 / 4 ( 0 % )                                      ;
+---------------------------------+----------------------------------------------------+


+----------------------------------------------------------------------------------------------------------------------------------------------------+
; Fitter Settings                                                                                                                                    ;
+--------------------------------------------------------------------+---------------------------------------+---------------------------------------+
; Option                                                             ; Setting                               ; Default Value                         ;
+--------------------------------------------------------------------+---------------------------------------+---------------------------------------+
; Device                                                             ; 5CSXFC6D6F31C6                        ;                                       ;
; Minimum Core Junction Temperature                                  ; 0                                     ;                                       ;
; Maximum Core Junction Temperature                                  ; 85                                    ;                                       ;
; Use smart compilation                                              ; Off                                   ; Off                                   ;
; Enable parallel Assembler and Timing Analyzer during compilation   ; On                                    ; On                                    ;
; Enable compact report table                                        ; Off                                   ; Off                                   ;
; Router Timing Optimization Level                                   ; Normal                                ; Normal                                ;
; Perform Clocking Topology Analysis During Routing                  ; Off                                   ; Off                                   ;
; Placement Effort Multiplier                                        ; 1.0                                   ; 1.0                                   ;
; Device initialization clock source                                 ; INIT_INTOSC                           ; INIT_INTOSC                           ;
; Optimize Hold Timing                                               ; All Paths                             ; All Paths                             ;
; Optimize Multi-Corner Timing                                       ; On                                    ; On                                    ;
; Auto RAM to MLAB Conversion                                        ; On                                    ; On                                    ;
; Equivalent RAM and MLAB Power Up                                   ; Auto                                  ; Auto                                  ;
; Equivalent RAM and MLAB Paused Read Capabilities                   ; Care                                  ; Care                                  ;
; Power Optimization During Fitting                                  ; Normal compilation                    ; Normal compilation                    ;
; SSN Optimization                                                   ; Off                                   ; Off                                   ;
; Optimize Timing                                                    ; Normal compilation                    ; Normal compilation                    ;
; Optimize Timing for ECOs                                           ; Off                                   ; Off                                   ;
; Regenerate Full Fit Report During ECO Compiles                     ; Off                                   ; Off                                   ;
; Optimize IOC Register Placement for Timing                         ; Normal                                ; Normal                                ;
; Final Placement Optimizations                                      ; Automatically                         ; Automatically                         ;
; Fitter Aggressive Routability Optimizations                        ; Automatically                         ; Automatically                         ;
; Fitter Initial Placement Seed                                      ; 1                                     ; 1                                     ;
; Periphery to Core Placement and Routing Optimization               ; Off                                   ; Off                                   ;
; Weak Pull-Up Resistor                                              ; Off                                   ; Off                                   ;
; Enable Bus-Hold Circuitry                                          ; Off                                   ; Off                                   ;
; Auto Packed Registers                                              ; Auto                                  ; Auto                                  ;
; Auto Delay Chains                                                  ; On                                    ; On                                    ;
; Auto Delay Chains for High Fanout Input Pins                       ; Off                                   ; Off                                   ;
; Treat Bidirectional Pin as Output Pin                              ; Off                                   ; Off                                   ;
; Perform Physical Synthesis for Combinational Logic for Fitting     ; Off                                   ; Off                                   ;
; Perform Physical Synthesis for Combinational Logic for Performance ; Off                                   ; Off                                   ;
; Perform Register Duplication for Performance                       ; Off                                   ; Off                                   ;
; Perform Register Retiming for Performance                          ; Off                                   ; Off                                   ;
; Perform Asynchronous Signal Pipelining                             ; Off                                   ; Off                                   ;
; Fitter Effort                                                      ; Auto Fit                              ; Auto Fit                              ;
; Physical Synthesis Effort Level                                    ; Normal                                ; Normal                                ;
; Logic Cell Insertion - Logic Duplication                           ; Auto                                  ; Auto                                  ;
; Auto Register Duplication                                          ; Auto                                  ; Auto                                  ;
; Auto Global Clock                                                  ; On                                    ; On                                    ;
; Auto Global Register Control Signals                               ; On                                    ; On                                    ;
; Reserve all unused pins                                            ; As input tri-stated with weak pull-up ; As input tri-stated with weak pull-up ;
; Synchronizer Identification                                        ; Auto                                  ; Auto                                  ;
; Enable Beneficial Skew Optimization                                ; On                                    ; On                                    ;
; Optimize Design for Metastability                                  ; On                                    ; On                                    ;
; Active Serial clock source                                         ; FREQ_100MHz                           ; FREQ_100MHz                           ;
; Force Fitter to Avoid Periphery Placement Warnings                 ; Off                                   ; Off                                   ;
; Clamping Diode                                                     ; Off                                   ; Off                                   ;
; Enable input tri-state on active configuration pins in user mode   ; Off                                   ; Off                                   ;
; Advanced Physical Optimization                                     ; On                                    ; On                                    ;
+--------------------------------------------------------------------+---------------------------------------+---------------------------------------+


+------------------------------------------+
; Parallel Compilation                     ;
+----------------------------+-------------+
; Processors                 ; Number      ;
+----------------------------+-------------+
; Number detected on machine ; 8           ;
; Maximum allowed            ; 4           ;
;                            ;             ;
; Average used               ; 1.22        ;
; Maximum used               ; 4           ;
;                            ;             ;
; Usage by Processor         ; % Time Used ;
;     Processor 1            ; 100.0%      ;
;     Processor 2            ;   7.4%      ;
;     Processor 3            ;   7.3%      ;
;     Processor 4            ;   7.2%      ;
+----------------------------+-------------+


+----------------------------------------------------------------------------------------------------------------------------------------------------------------------------------------------------------------------------------------------------------------------------------------------------------------------------------------------------------------------------------------------------------------------------------------------------------------------------------------------------------------------------------------------------------------------------------------------------------------------------------------------------------------------------------------------------------------------------------------------------------------------------------------------------------------------------------------------------------------------------------------------------------------------+
; Fitter Netlist Optimizations                                                                                                                                                                                                                                                                                                                                                                                                                                                                                                                                                                                                                                                                                                                                                                                                                                                                                         ;
+----------------------------------------------------------------------------------------------------------------------------------------------------------------------------------------------------------------------------------------------------------------------------------------------------------------------------------------------------------+-----------------+---------------------------------------------------+----------------------------------------+-----------+----------------+--------------------------------------------------------------------------------------------------------------------------------------------------------------------------------------------------------------------------------------------------------------------------------------------------------------------------------------------------------------------+------------------+-----------------------+
; Node                                                                                                                                                                                                                                                                                                                                                     ; Action          ; Operation                                         ; Reason                                 ; Node Port ; Node Port Name ; Destination Node                                                                                                                                                                                                                                                                                                                                                   ; Destination Port ; Destination Port Name ;
+----------------------------------------------------------------------------------------------------------------------------------------------------------------------------------------------------------------------------------------------------------------------------------------------------------------------------------------------------------+-----------------+---------------------------------------------------+----------------------------------------+-----------+----------------+--------------------------------------------------------------------------------------------------------------------------------------------------------------------------------------------------------------------------------------------------------------------------------------------------------------------------------------------------------------------+------------------+-----------------------+
; Lab4_CLOCKS:clocks|Lab4_CLOCKS_sys_pll:sys_pll|altera_pll:altera_pll_i|outclk_wire[0]~CLKENA0                                                                                                                                                                                                                                                            ; Created         ; Placement                                         ; Fitter Periphery Placement             ;           ;                ;                                                                                                                                                                                                                                                                                                                                                                    ;                  ;                       ;
; Lab4_CLOCKS:clocks|Lab4_CLOCKS_sys_pll:sys_pll|altera_pll:altera_pll_i|outclk_wire[1]~CLKENA0                                                                                                                                                                                                                                                            ; Created         ; Placement                                         ; Fitter Periphery Placement             ;           ;                ;                                                                                                                                                                                                                                                                                                                                                                    ;                  ;                       ;
; Lab4_DEBUG:debug|alt_jtag_atlantic:Lab4_DEBUG_alt_jtag_atlantic|rdata[0]                                                                                                                                                                                                                                                                                 ; Packed Register ; Register Packing                                  ; Timing optimization                    ; Q         ;                ; Lab4_DEBUG:debug|Lab4_DEBUG_scfifo_w:the_Lab4_DEBUG_scfifo_w|scfifo:wfifo|scfifo_3291:auto_generated|a_dpfifo_5771:dpfifo|altsyncram_7pu1:FIFOram|q_b[0]                                                                                                                                                                                                           ; PORTBDATAOUT     ;                       ;
; Lab4_DEBUG:debug|alt_jtag_atlantic:Lab4_DEBUG_alt_jtag_atlantic|rdata[1]                                                                                                                                                                                                                                                                                 ; Packed Register ; Register Packing                                  ; Timing optimization                    ; Q         ;                ; Lab4_DEBUG:debug|Lab4_DEBUG_scfifo_w:the_Lab4_DEBUG_scfifo_w|scfifo:wfifo|scfifo_3291:auto_generated|a_dpfifo_5771:dpfifo|altsyncram_7pu1:FIFOram|q_b[1]                                                                                                                                                                                                           ; PORTBDATAOUT     ;                       ;
; Lab4_DEBUG:debug|alt_jtag_atlantic:Lab4_DEBUG_alt_jtag_atlantic|rdata[2]                                                                                                                                                                                                                                                                                 ; Packed Register ; Register Packing                                  ; Timing optimization                    ; Q         ;                ; Lab4_DEBUG:debug|Lab4_DEBUG_scfifo_w:the_Lab4_DEBUG_scfifo_w|scfifo:wfifo|scfifo_3291:auto_generated|a_dpfifo_5771:dpfifo|altsyncram_7pu1:FIFOram|q_b[2]                                                                                                                                                                                                           ; PORTBDATAOUT     ;                       ;
; Lab4_DEBUG:debug|alt_jtag_atlantic:Lab4_DEBUG_alt_jtag_atlantic|rdata[3]                                                                                                                                                                                                                                                                                 ; Packed Register ; Register Packing                                  ; Timing optimization                    ; Q         ;                ; Lab4_DEBUG:debug|Lab4_DEBUG_scfifo_w:the_Lab4_DEBUG_scfifo_w|scfifo:wfifo|scfifo_3291:auto_generated|a_dpfifo_5771:dpfifo|altsyncram_7pu1:FIFOram|q_b[3]                                                                                                                                                                                                           ; PORTBDATAOUT     ;                       ;
; Lab4_DEBUG:debug|alt_jtag_atlantic:Lab4_DEBUG_alt_jtag_atlantic|rdata[4]                                                                                                                                                                                                                                                                                 ; Packed Register ; Register Packing                                  ; Timing optimization                    ; Q         ;                ; Lab4_DEBUG:debug|Lab4_DEBUG_scfifo_w:the_Lab4_DEBUG_scfifo_w|scfifo:wfifo|scfifo_3291:auto_generated|a_dpfifo_5771:dpfifo|altsyncram_7pu1:FIFOram|q_b[4]                                                                                                                                                                                                           ; PORTBDATAOUT     ;                       ;
; Lab4_DEBUG:debug|alt_jtag_atlantic:Lab4_DEBUG_alt_jtag_atlantic|rdata[5]                                                                                                                                                                                                                                                                                 ; Packed Register ; Register Packing                                  ; Timing optimization                    ; Q         ;                ; Lab4_DEBUG:debug|Lab4_DEBUG_scfifo_w:the_Lab4_DEBUG_scfifo_w|scfifo:wfifo|scfifo_3291:auto_generated|a_dpfifo_5771:dpfifo|altsyncram_7pu1:FIFOram|q_b[5]                                                                                                                                                                                                           ; PORTBDATAOUT     ;                       ;
; Lab4_DEBUG:debug|alt_jtag_atlantic:Lab4_DEBUG_alt_jtag_atlantic|rdata[6]                                                                                                                                                                                                                                                                                 ; Packed Register ; Register Packing                                  ; Timing optimization                    ; Q         ;                ; Lab4_DEBUG:debug|Lab4_DEBUG_scfifo_w:the_Lab4_DEBUG_scfifo_w|scfifo:wfifo|scfifo_3291:auto_generated|a_dpfifo_5771:dpfifo|altsyncram_7pu1:FIFOram|q_b[6]                                                                                                                                                                                                           ; PORTBDATAOUT     ;                       ;
; Lab4_DEBUG:debug|alt_jtag_atlantic:Lab4_DEBUG_alt_jtag_atlantic|rdata[7]                                                                                                                                                                                                                                                                                 ; Packed Register ; Register Packing                                  ; Timing optimization                    ; Q         ;                ; Lab4_DEBUG:debug|Lab4_DEBUG_scfifo_w:the_Lab4_DEBUG_scfifo_w|scfifo:wfifo|scfifo_3291:auto_generated|a_dpfifo_5771:dpfifo|altsyncram_7pu1:FIFOram|q_b[7]                                                                                                                                                                                                           ; PORTBDATAOUT     ;                       ;
; Lab4_SDRAM:sdram|m_addr[0]                                                                                                                                                                                                                                                                                                                               ; Packed Register ; Register Packing                                  ; Fast Output Register assignment        ; Q         ;                ; sdram_wire_addr[0]~output                                                                                                                                                                                                                                                                                                                                          ; I                ;                       ;
; Lab4_SDRAM:sdram|m_addr[1]                                                                                                                                                                                                                                                                                                                               ; Packed Register ; Register Packing                                  ; Fast Output Register assignment        ; Q         ;                ; sdram_wire_addr[1]~output                                                                                                                                                                                                                                                                                                                                          ; I                ;                       ;
; Lab4_SDRAM:sdram|m_addr[2]                                                                                                                                                                                                                                                                                                                               ; Packed Register ; Register Packing                                  ; Fast Output Register assignment        ; Q         ;                ; sdram_wire_addr[2]~output                                                                                                                                                                                                                                                                                                                                          ; I                ;                       ;
; Lab4_SDRAM:sdram|m_addr[3]                                                                                                                                                                                                                                                                                                                               ; Packed Register ; Register Packing                                  ; Fast Output Register assignment        ; Q         ;                ; sdram_wire_addr[3]~output                                                                                                                                                                                                                                                                                                                                          ; I                ;                       ;
; Lab4_SDRAM:sdram|m_addr[4]                                                                                                                                                                                                                                                                                                                               ; Packed Register ; Register Packing                                  ; Fast Output Register assignment        ; Q         ;                ; sdram_wire_addr[4]~output                                                                                                                                                                                                                                                                                                                                          ; I                ;                       ;
; Lab4_SDRAM:sdram|m_addr[5]                                                                                                                                                                                                                                                                                                                               ; Packed Register ; Register Packing                                  ; Fast Output Register assignment        ; Q         ;                ; sdram_wire_addr[5]~output                                                                                                                                                                                                                                                                                                                                          ; I                ;                       ;
; Lab4_SDRAM:sdram|m_addr[6]                                                                                                                                                                                                                                                                                                                               ; Packed Register ; Register Packing                                  ; Fast Output Register assignment        ; Q         ;                ; sdram_wire_addr[6]~output                                                                                                                                                                                                                                                                                                                                          ; I                ;                       ;
; Lab4_SDRAM:sdram|m_addr[7]                                                                                                                                                                                                                                                                                                                               ; Packed Register ; Register Packing                                  ; Fast Output Register assignment        ; Q         ;                ; sdram_wire_addr[7]~output                                                                                                                                                                                                                                                                                                                                          ; I                ;                       ;
; Lab4_SDRAM:sdram|m_addr[8]                                                                                                                                                                                                                                                                                                                               ; Packed Register ; Register Packing                                  ; Fast Output Register assignment        ; Q         ;                ; sdram_wire_addr[8]~output                                                                                                                                                                                                                                                                                                                                          ; I                ;                       ;
; Lab4_SDRAM:sdram|m_addr[9]                                                                                                                                                                                                                                                                                                                               ; Packed Register ; Register Packing                                  ; Fast Output Register assignment        ; Q         ;                ; sdram_wire_addr[9]~output                                                                                                                                                                                                                                                                                                                                          ; I                ;                       ;
; Lab4_SDRAM:sdram|m_addr[10]                                                                                                                                                                                                                                                                                                                              ; Packed Register ; Register Packing                                  ; Fast Output Register assignment        ; Q         ;                ; sdram_wire_addr[10]~output                                                                                                                                                                                                                                                                                                                                         ; I                ;                       ;
; Lab4_SDRAM:sdram|m_addr[11]                                                                                                                                                                                                                                                                                                                              ; Packed Register ; Register Packing                                  ; Fast Output Register assignment        ; Q         ;                ; sdram_wire_addr[11]~output                                                                                                                                                                                                                                                                                                                                         ; I                ;                       ;
; Lab4_SDRAM:sdram|m_addr[12]                                                                                                                                                                                                                                                                                                                              ; Packed Register ; Register Packing                                  ; Fast Output Register assignment        ; Q         ;                ; sdram_wire_addr[12]~output                                                                                                                                                                                                                                                                                                                                         ; I                ;                       ;
; Lab4_SDRAM:sdram|m_bank[0]                                                                                                                                                                                                                                                                                                                               ; Packed Register ; Register Packing                                  ; Fast Output Register assignment        ; Q         ;                ; sdram_wire_ba[0]~output                                                                                                                                                                                                                                                                                                                                            ; I                ;                       ;
; Lab4_SDRAM:sdram|m_bank[1]                                                                                                                                                                                                                                                                                                                               ; Packed Register ; Register Packing                                  ; Fast Output Register assignment        ; Q         ;                ; sdram_wire_ba[1]~output                                                                                                                                                                                                                                                                                                                                            ; I                ;                       ;
; Lab4_SDRAM:sdram|m_cmd[0]                                                                                                                                                                                                                                                                                                                                ; Duplicated      ; Register Packing                                  ; Fast Output Register assignment        ; Q         ;                ; Lab4_SDRAM:sdram|m_cmd[0]~_Duplicate_1                                                                                                                                                                                                                                                                                                                             ; Q                ;                       ;
; Lab4_SDRAM:sdram|m_cmd[0]                                                                                                                                                                                                                                                                                                                                ; Packed Register ; Register Packing                                  ; Fast Output Register assignment        ; Q         ;                ; sdram_wire_we_n~output                                                                                                                                                                                                                                                                                                                                             ; I                ;                       ;
; Lab4_SDRAM:sdram|m_cmd[0]                                                                                                                                                                                                                                                                                                                                ; Inverted        ; Register Packing                                  ; Fast Output Register assignment        ; Q         ;                ;                                                                                                                                                                                                                                                                                                                                                                    ;                  ;                       ;
; Lab4_SDRAM:sdram|m_cmd[1]                                                                                                                                                                                                                                                                                                                                ; Duplicated      ; Register Packing                                  ; Fast Output Register assignment        ; Q         ;                ; Lab4_SDRAM:sdram|m_cmd[1]~_Duplicate_1                                                                                                                                                                                                                                                                                                                             ; Q                ;                       ;
; Lab4_SDRAM:sdram|m_cmd[1]                                                                                                                                                                                                                                                                                                                                ; Packed Register ; Register Packing                                  ; Fast Output Register assignment        ; Q         ;                ; sdram_wire_cas_n~output                                                                                                                                                                                                                                                                                                                                            ; I                ;                       ;
; Lab4_SDRAM:sdram|m_cmd[1]                                                                                                                                                                                                                                                                                                                                ; Inverted        ; Register Packing                                  ; Fast Output Register assignment        ; Q         ;                ;                                                                                                                                                                                                                                                                                                                                                                    ;                  ;                       ;
; Lab4_SDRAM:sdram|m_cmd[2]                                                                                                                                                                                                                                                                                                                                ; Duplicated      ; Register Packing                                  ; Fast Output Register assignment        ; Q         ;                ; Lab4_SDRAM:sdram|m_cmd[2]~_Duplicate_1                                                                                                                                                                                                                                                                                                                             ; Q                ;                       ;
; Lab4_SDRAM:sdram|m_cmd[2]                                                                                                                                                                                                                                                                                                                                ; Packed Register ; Register Packing                                  ; Fast Output Register assignment        ; Q         ;                ; sdram_wire_ras_n~output                                                                                                                                                                                                                                                                                                                                            ; I                ;                       ;
; Lab4_SDRAM:sdram|m_cmd[2]                                                                                                                                                                                                                                                                                                                                ; Inverted        ; Register Packing                                  ; Fast Output Register assignment        ; Q         ;                ;                                                                                                                                                                                                                                                                                                                                                                    ;                  ;                       ;
; Lab4_SDRAM:sdram|m_cmd[3]                                                                                                                                                                                                                                                                                                                                ; Packed Register ; Register Packing                                  ; Fast Output Register assignment        ; Q         ;                ; sdram_wire_cs_n~output                                                                                                                                                                                                                                                                                                                                             ; I                ;                       ;
; Lab4_SDRAM:sdram|m_cmd[3]                                                                                                                                                                                                                                                                                                                                ; Inverted        ; Register Packing                                  ; Fast Output Register assignment        ; Q         ;                ;                                                                                                                                                                                                                                                                                                                                                                    ;                  ;                       ;
; Lab4_SDRAM:sdram|m_data[0]                                                                                                                                                                                                                                                                                                                               ; Duplicated      ; Register Packing                                  ; Fast Output Register assignment        ; Q         ;                ; Lab4_SDRAM:sdram|m_data[0]~_Duplicate_1                                                                                                                                                                                                                                                                                                                            ; Q                ;                       ;
; Lab4_SDRAM:sdram|m_data[0]                                                                                                                                                                                                                                                                                                                               ; Packed Register ; Register Packing                                  ; Fast Output Register assignment        ; Q         ;                ; sdram_wire_dq[0]~output                                                                                                                                                                                                                                                                                                                                            ; I                ;                       ;
; Lab4_SDRAM:sdram|m_data[1]                                                                                                                                                                                                                                                                                                                               ; Duplicated      ; Register Packing                                  ; Fast Output Register assignment        ; Q         ;                ; Lab4_SDRAM:sdram|m_data[1]~_Duplicate_1                                                                                                                                                                                                                                                                                                                            ; Q                ;                       ;
; Lab4_SDRAM:sdram|m_data[1]                                                                                                                                                                                                                                                                                                                               ; Packed Register ; Register Packing                                  ; Fast Output Register assignment        ; Q         ;                ; sdram_wire_dq[1]~output                                                                                                                                                                                                                                                                                                                                            ; I                ;                       ;
; Lab4_SDRAM:sdram|m_data[2]                                                                                                                                                                                                                                                                                                                               ; Duplicated      ; Register Packing                                  ; Fast Output Register assignment        ; Q         ;                ; Lab4_SDRAM:sdram|m_data[2]~_Duplicate_1                                                                                                                                                                                                                                                                                                                            ; Q                ;                       ;
; Lab4_SDRAM:sdram|m_data[2]                                                                                                                                                                                                                                                                                                                               ; Packed Register ; Register Packing                                  ; Fast Output Register assignment        ; Q         ;                ; sdram_wire_dq[2]~output                                                                                                                                                                                                                                                                                                                                            ; I                ;                       ;
; Lab4_SDRAM:sdram|m_data[3]                                                                                                                                                                                                                                                                                                                               ; Duplicated      ; Register Packing                                  ; Fast Output Register assignment        ; Q         ;                ; Lab4_SDRAM:sdram|m_data[3]~_Duplicate_1                                                                                                                                                                                                                                                                                                                            ; Q                ;                       ;
; Lab4_SDRAM:sdram|m_data[3]                                                                                                                                                                                                                                                                                                                               ; Packed Register ; Register Packing                                  ; Fast Output Register assignment        ; Q         ;                ; sdram_wire_dq[3]~output                                                                                                                                                                                                                                                                                                                                            ; I                ;                       ;
; Lab4_SDRAM:sdram|m_data[4]                                                                                                                                                                                                                                                                                                                               ; Duplicated      ; Register Packing                                  ; Fast Output Register assignment        ; Q         ;                ; Lab4_SDRAM:sdram|m_data[4]~_Duplicate_1                                                                                                                                                                                                                                                                                                                            ; Q                ;                       ;
; Lab4_SDRAM:sdram|m_data[4]                                                                                                                                                                                                                                                                                                                               ; Packed Register ; Register Packing                                  ; Fast Output Register assignment        ; Q         ;                ; sdram_wire_dq[4]~output                                                                                                                                                                                                                                                                                                                                            ; I                ;                       ;
; Lab4_SDRAM:sdram|m_data[5]                                                                                                                                                                                                                                                                                                                               ; Duplicated      ; Register Packing                                  ; Fast Output Register assignment        ; Q         ;                ; Lab4_SDRAM:sdram|m_data[5]~_Duplicate_1                                                                                                                                                                                                                                                                                                                            ; Q                ;                       ;
; Lab4_SDRAM:sdram|m_data[5]                                                                                                                                                                                                                                                                                                                               ; Packed Register ; Register Packing                                  ; Fast Output Register assignment        ; Q         ;                ; sdram_wire_dq[5]~output                                                                                                                                                                                                                                                                                                                                            ; I                ;                       ;
; Lab4_SDRAM:sdram|m_data[6]                                                                                                                                                                                                                                                                                                                               ; Duplicated      ; Register Packing                                  ; Fast Output Register assignment        ; Q         ;                ; Lab4_SDRAM:sdram|m_data[6]~_Duplicate_1                                                                                                                                                                                                                                                                                                                            ; Q                ;                       ;
; Lab4_SDRAM:sdram|m_data[6]                                                                                                                                                                                                                                                                                                                               ; Packed Register ; Register Packing                                  ; Fast Output Register assignment        ; Q         ;                ; sdram_wire_dq[6]~output                                                                                                                                                                                                                                                                                                                                            ; I                ;                       ;
; Lab4_SDRAM:sdram|m_data[7]                                                                                                                                                                                                                                                                                                                               ; Duplicated      ; Register Packing                                  ; Fast Output Register assignment        ; Q         ;                ; Lab4_SDRAM:sdram|m_data[7]~_Duplicate_1                                                                                                                                                                                                                                                                                                                            ; Q                ;                       ;
; Lab4_SDRAM:sdram|m_data[7]                                                                                                                                                                                                                                                                                                                               ; Packed Register ; Register Packing                                  ; Fast Output Register assignment        ; Q         ;                ; sdram_wire_dq[7]~output                                                                                                                                                                                                                                                                                                                                            ; I                ;                       ;
; Lab4_SDRAM:sdram|m_data[8]                                                                                                                                                                                                                                                                                                                               ; Duplicated      ; Register Packing                                  ; Fast Output Register assignment        ; Q         ;                ; Lab4_SDRAM:sdram|m_data[8]~_Duplicate_1                                                                                                                                                                                                                                                                                                                            ; Q                ;                       ;
; Lab4_SDRAM:sdram|m_data[8]                                                                                                                                                                                                                                                                                                                               ; Packed Register ; Register Packing                                  ; Fast Output Register assignment        ; Q         ;                ; sdram_wire_dq[8]~output                                                                                                                                                                                                                                                                                                                                            ; I                ;                       ;
; Lab4_SDRAM:sdram|m_data[9]                                                                                                                                                                                                                                                                                                                               ; Duplicated      ; Register Packing                                  ; Fast Output Register assignment        ; Q         ;                ; Lab4_SDRAM:sdram|m_data[9]~_Duplicate_1                                                                                                                                                                                                                                                                                                                            ; Q                ;                       ;
; Lab4_SDRAM:sdram|m_data[9]                                                                                                                                                                                                                                                                                                                               ; Packed Register ; Register Packing                                  ; Fast Output Register assignment        ; Q         ;                ; sdram_wire_dq[9]~output                                                                                                                                                                                                                                                                                                                                            ; I                ;                       ;
; Lab4_SDRAM:sdram|m_data[10]                                                                                                                                                                                                                                                                                                                              ; Duplicated      ; Register Packing                                  ; Fast Output Register assignment        ; Q         ;                ; Lab4_SDRAM:sdram|m_data[10]~_Duplicate_1                                                                                                                                                                                                                                                                                                                           ; Q                ;                       ;
; Lab4_SDRAM:sdram|m_data[10]                                                                                                                                                                                                                                                                                                                              ; Packed Register ; Register Packing                                  ; Fast Output Register assignment        ; Q         ;                ; sdram_wire_dq[10]~output                                                                                                                                                                                                                                                                                                                                           ; I                ;                       ;
; Lab4_SDRAM:sdram|m_data[11]                                                                                                                                                                                                                                                                                                                              ; Duplicated      ; Register Packing                                  ; Fast Output Register assignment        ; Q         ;                ; Lab4_SDRAM:sdram|m_data[11]~_Duplicate_1                                                                                                                                                                                                                                                                                                                           ; Q                ;                       ;
; Lab4_SDRAM:sdram|m_data[11]                                                                                                                                                                                                                                                                                                                              ; Packed Register ; Register Packing                                  ; Fast Output Register assignment        ; Q         ;                ; sdram_wire_dq[11]~output                                                                                                                                                                                                                                                                                                                                           ; I                ;                       ;
; Lab4_SDRAM:sdram|m_data[12]                                                                                                                                                                                                                                                                                                                              ; Duplicated      ; Register Packing                                  ; Fast Output Register assignment        ; Q         ;                ; Lab4_SDRAM:sdram|m_data[12]~_Duplicate_1                                                                                                                                                                                                                                                                                                                           ; Q                ;                       ;
; Lab4_SDRAM:sdram|m_data[12]                                                                                                                                                                                                                                                                                                                              ; Packed Register ; Register Packing                                  ; Fast Output Register assignment        ; Q         ;                ; sdram_wire_dq[12]~output                                                                                                                                                                                                                                                                                                                                           ; I                ;                       ;
; Lab4_SDRAM:sdram|m_data[13]                                                                                                                                                                                                                                                                                                                              ; Duplicated      ; Register Packing                                  ; Fast Output Register assignment        ; Q         ;                ; Lab4_SDRAM:sdram|m_data[13]~_Duplicate_1                                                                                                                                                                                                                                                                                                                           ; Q                ;                       ;
; Lab4_SDRAM:sdram|m_data[13]                                                                                                                                                                                                                                                                                                                              ; Packed Register ; Register Packing                                  ; Fast Output Register assignment        ; Q         ;                ; sdram_wire_dq[13]~output                                                                                                                                                                                                                                                                                                                                           ; I                ;                       ;
; Lab4_SDRAM:sdram|m_data[14]                                                                                                                                                                                                                                                                                                                              ; Duplicated      ; Register Packing                                  ; Fast Output Register assignment        ; Q         ;                ; Lab4_SDRAM:sdram|m_data[14]~_Duplicate_1                                                                                                                                                                                                                                                                                                                           ; Q                ;                       ;
; Lab4_SDRAM:sdram|m_data[14]                                                                                                                                                                                                                                                                                                                              ; Packed Register ; Register Packing                                  ; Fast Output Register assignment        ; Q         ;                ; sdram_wire_dq[14]~output                                                                                                                                                                                                                                                                                                                                           ; I                ;                       ;
; Lab4_SDRAM:sdram|m_data[15]                                                                                                                                                                                                                                                                                                                              ; Duplicated      ; Register Packing                                  ; Fast Output Register assignment        ; Q         ;                ; Lab4_SDRAM:sdram|m_data[15]~_Duplicate_1                                                                                                                                                                                                                                                                                                                           ; Q                ;                       ;
; Lab4_SDRAM:sdram|m_data[15]                                                                                                                                                                                                                                                                                                                              ; Packed Register ; Register Packing                                  ; Fast Output Register assignment        ; Q         ;                ; sdram_wire_dq[15]~output                                                                                                                                                                                                                                                                                                                                           ; I                ;                       ;
; Lab4_SDRAM:sdram|m_dqm[0]                                                                                                                                                                                                                                                                                                                                ; Packed Register ; Register Packing                                  ; Fast Output Register assignment        ; Q         ;                ; sdram_wire_dqm[0]~output                                                                                                                                                                                                                                                                                                                                           ; I                ;                       ;
; Lab4_SDRAM:sdram|m_dqm[1]                                                                                                                                                                                                                                                                                                                                ; Packed Register ; Register Packing                                  ; Fast Output Register assignment        ; Q         ;                ; sdram_wire_dqm[1]~output                                                                                                                                                                                                                                                                                                                                           ; I                ;                       ;
; Lab4_SDRAM:sdram|oe                                                                                                                                                                                                                                                                                                                                      ; Duplicated      ; Register Packing                                  ; Fast Output Enable Register assignment ; Q         ;                ; Lab4_SDRAM:sdram|oe~_Duplicate_1                                                                                                                                                                                                                                                                                                                                   ; Q                ;                       ;
; Lab4_SDRAM:sdram|oe                                                                                                                                                                                                                                                                                                                                      ; Packed Register ; Register Packing                                  ; Fast Output Enable Register assignment ; Q         ;                ; sdram_wire_dq[0]~output                                                                                                                                                                                                                                                                                                                                            ; OE               ;                       ;
; Lab4_SDRAM:sdram|oe                                                                                                                                                                                                                                                                                                                                      ; Inverted        ; Register Packing                                  ; Fast Output Enable Register assignment ; Q         ;                ;                                                                                                                                                                                                                                                                                                                                                                    ;                  ;                       ;
; Lab4_SDRAM:sdram|oe~_Duplicate_1                                                                                                                                                                                                                                                                                                                         ; Duplicated      ; Register Packing                                  ; Fast Output Enable Register assignment ; Q         ;                ; Lab4_SDRAM:sdram|oe~_Duplicate_2                                                                                                                                                                                                                                                                                                                                   ; Q                ;                       ;
; Lab4_SDRAM:sdram|oe~_Duplicate_1                                                                                                                                                                                                                                                                                                                         ; Packed Register ; Register Packing                                  ; Fast Output Enable Register assignment ; Q         ;                ; sdram_wire_dq[1]~output                                                                                                                                                                                                                                                                                                                                            ; OE               ;                       ;
; Lab4_SDRAM:sdram|oe~_Duplicate_1                                                                                                                                                                                                                                                                                                                         ; Inverted        ; Register Packing                                  ; Fast Output Enable Register assignment ; Q         ;                ;                                                                                                                                                                                                                                                                                                                                                                    ;                  ;                       ;
; Lab4_SDRAM:sdram|oe~_Duplicate_2                                                                                                                                                                                                                                                                                                                         ; Duplicated      ; Register Packing                                  ; Fast Output Enable Register assignment ; Q         ;                ; Lab4_SDRAM:sdram|oe~_Duplicate_3                                                                                                                                                                                                                                                                                                                                   ; Q                ;                       ;
; Lab4_SDRAM:sdram|oe~_Duplicate_2                                                                                                                                                                                                                                                                                                                         ; Packed Register ; Register Packing                                  ; Fast Output Enable Register assignment ; Q         ;                ; sdram_wire_dq[2]~output                                                                                                                                                                                                                                                                                                                                            ; OE               ;                       ;
; Lab4_SDRAM:sdram|oe~_Duplicate_2                                                                                                                                                                                                                                                                                                                         ; Inverted        ; Register Packing                                  ; Fast Output Enable Register assignment ; Q         ;                ;                                                                                                                                                                                                                                                                                                                                                                    ;                  ;                       ;
; Lab4_SDRAM:sdram|oe~_Duplicate_3                                                                                                                                                                                                                                                                                                                         ; Duplicated      ; Register Packing                                  ; Fast Output Enable Register assignment ; Q         ;                ; Lab4_SDRAM:sdram|oe~_Duplicate_4                                                                                                                                                                                                                                                                                                                                   ; Q                ;                       ;
; Lab4_SDRAM:sdram|oe~_Duplicate_3                                                                                                                                                                                                                                                                                                                         ; Packed Register ; Register Packing                                  ; Fast Output Enable Register assignment ; Q         ;                ; sdram_wire_dq[3]~output                                                                                                                                                                                                                                                                                                                                            ; OE               ;                       ;
; Lab4_SDRAM:sdram|oe~_Duplicate_3                                                                                                                                                                                                                                                                                                                         ; Inverted        ; Register Packing                                  ; Fast Output Enable Register assignment ; Q         ;                ;                                                                                                                                                                                                                                                                                                                                                                    ;                  ;                       ;
; Lab4_SDRAM:sdram|oe~_Duplicate_4                                                                                                                                                                                                                                                                                                                         ; Duplicated      ; Register Packing                                  ; Fast Output Enable Register assignment ; Q         ;                ; Lab4_SDRAM:sdram|oe~_Duplicate_5                                                                                                                                                                                                                                                                                                                                   ; Q                ;                       ;
; Lab4_SDRAM:sdram|oe~_Duplicate_4                                                                                                                                                                                                                                                                                                                         ; Packed Register ; Register Packing                                  ; Fast Output Enable Register assignment ; Q         ;                ; sdram_wire_dq[4]~output                                                                                                                                                                                                                                                                                                                                            ; OE               ;                       ;
; Lab4_SDRAM:sdram|oe~_Duplicate_4                                                                                                                                                                                                                                                                                                                         ; Inverted        ; Register Packing                                  ; Fast Output Enable Register assignment ; Q         ;                ;                                                                                                                                                                                                                                                                                                                                                                    ;                  ;                       ;
; Lab4_SDRAM:sdram|oe~_Duplicate_5                                                                                                                                                                                                                                                                                                                         ; Duplicated      ; Register Packing                                  ; Fast Output Enable Register assignment ; Q         ;                ; Lab4_SDRAM:sdram|oe~_Duplicate_6                                                                                                                                                                                                                                                                                                                                   ; Q                ;                       ;
; Lab4_SDRAM:sdram|oe~_Duplicate_5                                                                                                                                                                                                                                                                                                                         ; Packed Register ; Register Packing                                  ; Fast Output Enable Register assignment ; Q         ;                ; sdram_wire_dq[5]~output                                                                                                                                                                                                                                                                                                                                            ; OE               ;                       ;
; Lab4_SDRAM:sdram|oe~_Duplicate_5                                                                                                                                                                                                                                                                                                                         ; Inverted        ; Register Packing                                  ; Fast Output Enable Register assignment ; Q         ;                ;                                                                                                                                                                                                                                                                                                                                                                    ;                  ;                       ;
; Lab4_SDRAM:sdram|oe~_Duplicate_6                                                                                                                                                                                                                                                                                                                         ; Duplicated      ; Register Packing                                  ; Fast Output Enable Register assignment ; Q         ;                ; Lab4_SDRAM:sdram|oe~_Duplicate_7                                                                                                                                                                                                                                                                                                                                   ; Q                ;                       ;
; Lab4_SDRAM:sdram|oe~_Duplicate_6                                                                                                                                                                                                                                                                                                                         ; Packed Register ; Register Packing                                  ; Fast Output Enable Register assignment ; Q         ;                ; sdram_wire_dq[6]~output                                                                                                                                                                                                                                                                                                                                            ; OE               ;                       ;
; Lab4_SDRAM:sdram|oe~_Duplicate_6                                                                                                                                                                                                                                                                                                                         ; Inverted        ; Register Packing                                  ; Fast Output Enable Register assignment ; Q         ;                ;                                                                                                                                                                                                                                                                                                                                                                    ;                  ;                       ;
; Lab4_SDRAM:sdram|oe~_Duplicate_7                                                                                                                                                                                                                                                                                                                         ; Duplicated      ; Register Packing                                  ; Fast Output Enable Register assignment ; Q         ;                ; Lab4_SDRAM:sdram|oe~_Duplicate_8                                                                                                                                                                                                                                                                                                                                   ; Q                ;                       ;
; Lab4_SDRAM:sdram|oe~_Duplicate_7                                                                                                                                                                                                                                                                                                                         ; Packed Register ; Register Packing                                  ; Fast Output Enable Register assignment ; Q         ;                ; sdram_wire_dq[7]~output                                                                                                                                                                                                                                                                                                                                            ; OE               ;                       ;
; Lab4_SDRAM:sdram|oe~_Duplicate_7                                                                                                                                                                                                                                                                                                                         ; Inverted        ; Register Packing                                  ; Fast Output Enable Register assignment ; Q         ;                ;                                                                                                                                                                                                                                                                                                                                                                    ;                  ;                       ;
; Lab4_SDRAM:sdram|oe~_Duplicate_8                                                                                                                                                                                                                                                                                                                         ; Duplicated      ; Register Packing                                  ; Fast Output Enable Register assignment ; Q         ;                ; Lab4_SDRAM:sdram|oe~_Duplicate_9                                                                                                                                                                                                                                                                                                                                   ; Q                ;                       ;
; Lab4_SDRAM:sdram|oe~_Duplicate_8                                                                                                                                                                                                                                                                                                                         ; Packed Register ; Register Packing                                  ; Fast Output Enable Register assignment ; Q         ;                ; sdram_wire_dq[8]~output                                                                                                                                                                                                                                                                                                                                            ; OE               ;                       ;
; Lab4_SDRAM:sdram|oe~_Duplicate_8                                                                                                                                                                                                                                                                                                                         ; Inverted        ; Register Packing                                  ; Fast Output Enable Register assignment ; Q         ;                ;                                                                                                                                                                                                                                                                                                                                                                    ;                  ;                       ;
; Lab4_SDRAM:sdram|oe~_Duplicate_9                                                                                                                                                                                                                                                                                                                         ; Duplicated      ; Register Packing                                  ; Fast Output Enable Register assignment ; Q         ;                ; Lab4_SDRAM:sdram|oe~_Duplicate_10                                                                                                                                                                                                                                                                                                                                  ; Q                ;                       ;
; Lab4_SDRAM:sdram|oe~_Duplicate_9                                                                                                                                                                                                                                                                                                                         ; Packed Register ; Register Packing                                  ; Fast Output Enable Register assignment ; Q         ;                ; sdram_wire_dq[9]~output                                                                                                                                                                                                                                                                                                                                            ; OE               ;                       ;
; Lab4_SDRAM:sdram|oe~_Duplicate_9                                                                                                                                                                                                                                                                                                                         ; Inverted        ; Register Packing                                  ; Fast Output Enable Register assignment ; Q         ;                ;                                                                                                                                                                                                                                                                                                                                                                    ;                  ;                       ;
; Lab4_SDRAM:sdram|oe~_Duplicate_10                                                                                                                                                                                                                                                                                                                        ; Duplicated      ; Register Packing                                  ; Fast Output Enable Register assignment ; Q         ;                ; Lab4_SDRAM:sdram|oe~_Duplicate_11                                                                                                                                                                                                                                                                                                                                  ; Q                ;                       ;
; Lab4_SDRAM:sdram|oe~_Duplicate_10                                                                                                                                                                                                                                                                                                                        ; Packed Register ; Register Packing                                  ; Fast Output Enable Register assignment ; Q         ;                ; sdram_wire_dq[10]~output                                                                                                                                                                                                                                                                                                                                           ; OE               ;                       ;
; Lab4_SDRAM:sdram|oe~_Duplicate_10                                                                                                                                                                                                                                                                                                                        ; Inverted        ; Register Packing                                  ; Fast Output Enable Register assignment ; Q         ;                ;                                                                                                                                                                                                                                                                                                                                                                    ;                  ;                       ;
; Lab4_SDRAM:sdram|oe~_Duplicate_11                                                                                                                                                                                                                                                                                                                        ; Duplicated      ; Register Packing                                  ; Fast Output Enable Register assignment ; Q         ;                ; Lab4_SDRAM:sdram|oe~_Duplicate_12                                                                                                                                                                                                                                                                                                                                  ; Q                ;                       ;
; Lab4_SDRAM:sdram|oe~_Duplicate_11                                                                                                                                                                                                                                                                                                                        ; Packed Register ; Register Packing                                  ; Fast Output Enable Register assignment ; Q         ;                ; sdram_wire_dq[11]~output                                                                                                                                                                                                                                                                                                                                           ; OE               ;                       ;
; Lab4_SDRAM:sdram|oe~_Duplicate_11                                                                                                                                                                                                                                                                                                                        ; Inverted        ; Register Packing                                  ; Fast Output Enable Register assignment ; Q         ;                ;                                                                                                                                                                                                                                                                                                                                                                    ;                  ;                       ;
; Lab4_SDRAM:sdram|oe~_Duplicate_12                                                                                                                                                                                                                                                                                                                        ; Duplicated      ; Register Packing                                  ; Fast Output Enable Register assignment ; Q         ;                ; Lab4_SDRAM:sdram|oe~_Duplicate_13                                                                                                                                                                                                                                                                                                                                  ; Q                ;                       ;
; Lab4_SDRAM:sdram|oe~_Duplicate_12                                                                                                                                                                                                                                                                                                                        ; Packed Register ; Register Packing                                  ; Fast Output Enable Register assignment ; Q         ;                ; sdram_wire_dq[12]~output                                                                                                                                                                                                                                                                                                                                           ; OE               ;                       ;
; Lab4_SDRAM:sdram|oe~_Duplicate_12                                                                                                                                                                                                                                                                                                                        ; Inverted        ; Register Packing                                  ; Fast Output Enable Register assignment ; Q         ;                ;                                                                                                                                                                                                                                                                                                                                                                    ;                  ;                       ;
; Lab4_SDRAM:sdram|oe~_Duplicate_13                                                                                                                                                                                                                                                                                                                        ; Duplicated      ; Register Packing                                  ; Fast Output Enable Register assignment ; Q         ;                ; Lab4_SDRAM:sdram|oe~_Duplicate_14                                                                                                                                                                                                                                                                                                                                  ; Q                ;                       ;
; Lab4_SDRAM:sdram|oe~_Duplicate_13                                                                                                                                                                                                                                                                                                                        ; Packed Register ; Register Packing                                  ; Fast Output Enable Register assignment ; Q         ;                ; sdram_wire_dq[13]~output                                                                                                                                                                                                                                                                                                                                           ; OE               ;                       ;
; Lab4_SDRAM:sdram|oe~_Duplicate_13                                                                                                                                                                                                                                                                                                                        ; Inverted        ; Register Packing                                  ; Fast Output Enable Register assignment ; Q         ;                ;                                                                                                                                                                                                                                                                                                                                                                    ;                  ;                       ;
; Lab4_SDRAM:sdram|oe~_Duplicate_14                                                                                                                                                                                                                                                                                                                        ; Duplicated      ; Register Packing                                  ; Fast Output Enable Register assignment ; Q         ;                ; Lab4_SDRAM:sdram|oe~_Duplicate_15                                                                                                                                                                                                                                                                                                                                  ; Q                ;                       ;
; Lab4_SDRAM:sdram|oe~_Duplicate_14                                                                                                                                                                                                                                                                                                                        ; Packed Register ; Register Packing                                  ; Fast Output Enable Register assignment ; Q         ;                ; sdram_wire_dq[14]~output                                                                                                                                                                                                                                                                                                                                           ; OE               ;                       ;
; Lab4_SDRAM:sdram|oe~_Duplicate_14                                                                                                                                                                                                                                                                                                                        ; Inverted        ; Register Packing                                  ; Fast Output Enable Register assignment ; Q         ;                ;                                                                                                                                                                                                                                                                                                                                                                    ;                  ;                       ;
; Lab4_SDRAM:sdram|oe~_Duplicate_15                                                                                                                                                                                                                                                                                                                        ; Packed Register ; Register Packing                                  ; Fast Output Enable Register assignment ; Q         ;                ; sdram_wire_dq[15]~output                                                                                                                                                                                                                                                                                                                                           ; OE               ;                       ;
; Lab4_SDRAM:sdram|oe~_Duplicate_15                                                                                                                                                                                                                                                                                                                        ; Inverted        ; Register Packing                                  ; Fast Output Enable Register assignment ; Q         ;                ;                                                                                                                                                                                                                                                                                                                                                                    ;                  ;                       ;
; Lab4_SDRAM:sdram|za_data[0]                                                                                                                                                                                                                                                                                                                              ; Packed Register ; Register Packing                                  ; Fast Input Register assignment         ; Q         ;                ; sdram_wire_dq[0]~input                                                                                                                                                                                                                                                                                                                                             ; O                ;                       ;
; Lab4_SDRAM:sdram|za_data[1]                                                                                                                                                                                                                                                                                                                              ; Packed Register ; Register Packing                                  ; Fast Input Register assignment         ; Q         ;                ; sdram_wire_dq[1]~input                                                                                                                                                                                                                                                                                                                                             ; O                ;                       ;
; Lab4_SDRAM:sdram|za_data[2]                                                                                                                                                                                                                                                                                                                              ; Packed Register ; Register Packing                                  ; Fast Input Register assignment         ; Q         ;                ; sdram_wire_dq[2]~input                                                                                                                                                                                                                                                                                                                                             ; O                ;                       ;
; Lab4_SDRAM:sdram|za_data[3]                                                                                                                                                                                                                                                                                                                              ; Packed Register ; Register Packing                                  ; Fast Input Register assignment         ; Q         ;                ; sdram_wire_dq[3]~input                                                                                                                                                                                                                                                                                                                                             ; O                ;                       ;
; Lab4_SDRAM:sdram|za_data[4]                                                                                                                                                                                                                                                                                                                              ; Packed Register ; Register Packing                                  ; Fast Input Register assignment         ; Q         ;                ; sdram_wire_dq[4]~input                                                                                                                                                                                                                                                                                                                                             ; O                ;                       ;
; Lab4_SDRAM:sdram|za_data[5]                                                                                                                                                                                                                                                                                                                              ; Packed Register ; Register Packing                                  ; Fast Input Register assignment         ; Q         ;                ; sdram_wire_dq[5]~input                                                                                                                                                                                                                                                                                                                                             ; O                ;                       ;
; Lab4_SDRAM:sdram|za_data[6]                                                                                                                                                                                                                                                                                                                              ; Packed Register ; Register Packing                                  ; Fast Input Register assignment         ; Q         ;                ; sdram_wire_dq[6]~input                                                                                                                                                                                                                                                                                                                                             ; O                ;                       ;
; Lab4_SDRAM:sdram|za_data[7]                                                                                                                                                                                                                                                                                                                              ; Packed Register ; Register Packing                                  ; Fast Input Register assignment         ; Q         ;                ; sdram_wire_dq[7]~input                                                                                                                                                                                                                                                                                                                                             ; O                ;                       ;
; Lab4_SDRAM:sdram|za_data[8]                                                                                                                                                                                                                                                                                                                              ; Packed Register ; Register Packing                                  ; Fast Input Register assignment         ; Q         ;                ; sdram_wire_dq[8]~input                                                                                                                                                                                                                                                                                                                                             ; O                ;                       ;
; Lab4_SDRAM:sdram|za_data[9]                                                                                                                                                                                                                                                                                                                              ; Packed Register ; Register Packing                                  ; Fast Input Register assignment         ; Q         ;                ; sdram_wire_dq[9]~input                                                                                                                                                                                                                                                                                                                                             ; O                ;                       ;
; Lab4_SDRAM:sdram|za_data[10]                                                                                                                                                                                                                                                                                                                             ; Packed Register ; Register Packing                                  ; Fast Input Register assignment         ; Q         ;                ; sdram_wire_dq[10]~input                                                                                                                                                                                                                                                                                                                                            ; O                ;                       ;
; Lab4_SDRAM:sdram|za_data[11]                                                                                                                                                                                                                                                                                                                             ; Packed Register ; Register Packing                                  ; Fast Input Register assignment         ; Q         ;                ; sdram_wire_dq[11]~input                                                                                                                                                                                                                                                                                                                                            ; O                ;                       ;
; Lab4_SDRAM:sdram|za_data[12]                                                                                                                                                                                                                                                                                                                             ; Packed Register ; Register Packing                                  ; Fast Input Register assignment         ; Q         ;                ; sdram_wire_dq[12]~input                                                                                                                                                                                                                                                                                                                                            ; O                ;                       ;
; Lab4_SDRAM:sdram|za_data[13]                                                                                                                                                                                                                                                                                                                             ; Packed Register ; Register Packing                                  ; Fast Input Register assignment         ; Q         ;                ; sdram_wire_dq[13]~input                                                                                                                                                                                                                                                                                                                                            ; O                ;                       ;
; Lab4_SDRAM:sdram|za_data[14]                                                                                                                                                                                                                                                                                                                             ; Packed Register ; Register Packing                                  ; Fast Input Register assignment         ; Q         ;                ; sdram_wire_dq[14]~input                                                                                                                                                                                                                                                                                                                                            ; O                ;                       ;
; Lab4_SDRAM:sdram|za_data[15]                                                                                                                                                                                                                                                                                                                             ; Packed Register ; Register Packing                                  ; Fast Input Register assignment         ; Q         ;                ; sdram_wire_dq[15]~input                                                                                                                                                                                                                                                                                                                                            ; O                ;                       ;
; Lab4_mm_interconnect_0:mm_interconnect_0|altera_avalon_sc_fifo:sdram_s1_agent_rdata_fifo|out_payload[0]                                                                                                                                                                                                                                                  ; Packed Register ; Register Packing                                  ; Timing optimization                    ; Q         ;                ; Lab4_mm_interconnect_0:mm_interconnect_0|altera_avalon_sc_fifo:sdram_s1_agent_rdata_fifo|altsyncram:mem_rtl_0|altsyncram_40n1:auto_generated|ram_block1a0                                                                                                                                                                                                          ; PORTBDATAOUT     ;                       ;
; Lab4_mm_interconnect_0:mm_interconnect_0|altera_avalon_sc_fifo:sdram_s1_agent_rdata_fifo|out_payload[1]                                                                                                                                                                                                                                                  ; Packed Register ; Register Packing                                  ; Timing optimization                    ; Q         ;                ; Lab4_mm_interconnect_0:mm_interconnect_0|altera_avalon_sc_fifo:sdram_s1_agent_rdata_fifo|altsyncram:mem_rtl_0|altsyncram_40n1:auto_generated|ram_block1a1                                                                                                                                                                                                          ; PORTBDATAOUT     ;                       ;
; Lab4_mm_interconnect_0:mm_interconnect_0|altera_avalon_sc_fifo:sdram_s1_agent_rdata_fifo|out_payload[2]                                                                                                                                                                                                                                                  ; Packed Register ; Register Packing                                  ; Timing optimization                    ; Q         ;                ; Lab4_mm_interconnect_0:mm_interconnect_0|altera_avalon_sc_fifo:sdram_s1_agent_rdata_fifo|altsyncram:mem_rtl_0|altsyncram_40n1:auto_generated|ram_block1a2                                                                                                                                                                                                          ; PORTBDATAOUT     ;                       ;
; Lab4_mm_interconnect_0:mm_interconnect_0|altera_avalon_sc_fifo:sdram_s1_agent_rdata_fifo|out_payload[3]                                                                                                                                                                                                                                                  ; Packed Register ; Register Packing                                  ; Timing optimization                    ; Q         ;                ; Lab4_mm_interconnect_0:mm_interconnect_0|altera_avalon_sc_fifo:sdram_s1_agent_rdata_fifo|altsyncram:mem_rtl_0|altsyncram_40n1:auto_generated|ram_block1a3                                                                                                                                                                                                          ; PORTBDATAOUT     ;                       ;
; Lab4_mm_interconnect_0:mm_interconnect_0|altera_avalon_sc_fifo:sdram_s1_agent_rdata_fifo|out_payload[4]                                                                                                                                                                                                                                                  ; Packed Register ; Register Packing                                  ; Timing optimization                    ; Q         ;                ; Lab4_mm_interconnect_0:mm_interconnect_0|altera_avalon_sc_fifo:sdram_s1_agent_rdata_fifo|altsyncram:mem_rtl_0|altsyncram_40n1:auto_generated|ram_block1a4                                                                                                                                                                                                          ; PORTBDATAOUT     ;                       ;
; Lab4_mm_interconnect_0:mm_interconnect_0|altera_avalon_sc_fifo:sdram_s1_agent_rdata_fifo|out_payload[5]                                                                                                                                                                                                                                                  ; Packed Register ; Register Packing                                  ; Timing optimization                    ; Q         ;                ; Lab4_mm_interconnect_0:mm_interconnect_0|altera_avalon_sc_fifo:sdram_s1_agent_rdata_fifo|altsyncram:mem_rtl_0|altsyncram_40n1:auto_generated|ram_block1a5                                                                                                                                                                                                          ; PORTBDATAOUT     ;                       ;
; Lab4_mm_interconnect_0:mm_interconnect_0|altera_avalon_sc_fifo:sdram_s1_agent_rdata_fifo|out_payload[6]                                                                                                                                                                                                                                                  ; Packed Register ; Register Packing                                  ; Timing optimization                    ; Q         ;                ; Lab4_mm_interconnect_0:mm_interconnect_0|altera_avalon_sc_fifo:sdram_s1_agent_rdata_fifo|altsyncram:mem_rtl_0|altsyncram_40n1:auto_generated|ram_block1a6                                                                                                                                                                                                          ; PORTBDATAOUT     ;                       ;
; Lab4_mm_interconnect_0:mm_interconnect_0|altera_avalon_sc_fifo:sdram_s1_agent_rdata_fifo|out_payload[7]                                                                                                                                                                                                                                                  ; Packed Register ; Register Packing                                  ; Timing optimization                    ; Q         ;                ; Lab4_mm_interconnect_0:mm_interconnect_0|altera_avalon_sc_fifo:sdram_s1_agent_rdata_fifo|altsyncram:mem_rtl_0|altsyncram_40n1:auto_generated|ram_block1a7                                                                                                                                                                                                          ; PORTBDATAOUT     ;                       ;
; Lab4_mm_interconnect_0:mm_interconnect_0|altera_avalon_sc_fifo:sdram_s1_agent_rdata_fifo|out_payload[8]                                                                                                                                                                                                                                                  ; Packed Register ; Register Packing                                  ; Timing optimization                    ; Q         ;                ; Lab4_mm_interconnect_0:mm_interconnect_0|altera_avalon_sc_fifo:sdram_s1_agent_rdata_fifo|altsyncram:mem_rtl_0|altsyncram_40n1:auto_generated|ram_block1a8                                                                                                                                                                                                          ; PORTBDATAOUT     ;                       ;
; Lab4_mm_interconnect_0:mm_interconnect_0|altera_avalon_sc_fifo:sdram_s1_agent_rdata_fifo|out_payload[9]                                                                                                                                                                                                                                                  ; Packed Register ; Register Packing                                  ; Timing optimization                    ; Q         ;                ; Lab4_mm_interconnect_0:mm_interconnect_0|altera_avalon_sc_fifo:sdram_s1_agent_rdata_fifo|altsyncram:mem_rtl_0|altsyncram_40n1:auto_generated|ram_block1a9                                                                                                                                                                                                          ; PORTBDATAOUT     ;                       ;
; Lab4_mm_interconnect_0:mm_interconnect_0|altera_avalon_sc_fifo:sdram_s1_agent_rdata_fifo|out_payload[10]                                                                                                                                                                                                                                                 ; Packed Register ; Register Packing                                  ; Timing optimization                    ; Q         ;                ; Lab4_mm_interconnect_0:mm_interconnect_0|altera_avalon_sc_fifo:sdram_s1_agent_rdata_fifo|altsyncram:mem_rtl_0|altsyncram_40n1:auto_generated|ram_block1a10                                                                                                                                                                                                         ; PORTBDATAOUT     ;                       ;
; Lab4_mm_interconnect_0:mm_interconnect_0|altera_avalon_sc_fifo:sdram_s1_agent_rdata_fifo|out_payload[11]                                                                                                                                                                                                                                                 ; Packed Register ; Register Packing                                  ; Timing optimization                    ; Q         ;                ; Lab4_mm_interconnect_0:mm_interconnect_0|altera_avalon_sc_fifo:sdram_s1_agent_rdata_fifo|altsyncram:mem_rtl_0|altsyncram_40n1:auto_generated|ram_block1a11                                                                                                                                                                                                         ; PORTBDATAOUT     ;                       ;
; Lab4_mm_interconnect_0:mm_interconnect_0|altera_avalon_sc_fifo:sdram_s1_agent_rdata_fifo|out_payload[12]                                                                                                                                                                                                                                                 ; Packed Register ; Register Packing                                  ; Timing optimization                    ; Q         ;                ; Lab4_mm_interconnect_0:mm_interconnect_0|altera_avalon_sc_fifo:sdram_s1_agent_rdata_fifo|altsyncram:mem_rtl_0|altsyncram_40n1:auto_generated|ram_block1a12                                                                                                                                                                                                         ; PORTBDATAOUT     ;                       ;
; Lab4_mm_interconnect_0:mm_interconnect_0|altera_avalon_sc_fifo:sdram_s1_agent_rdata_fifo|out_payload[13]                                                                                                                                                                                                                                                 ; Packed Register ; Register Packing                                  ; Timing optimization                    ; Q         ;                ; Lab4_mm_interconnect_0:mm_interconnect_0|altera_avalon_sc_fifo:sdram_s1_agent_rdata_fifo|altsyncram:mem_rtl_0|altsyncram_40n1:auto_generated|ram_block1a13                                                                                                                                                                                                         ; PORTBDATAOUT     ;                       ;
; Lab4_mm_interconnect_0:mm_interconnect_0|altera_avalon_sc_fifo:sdram_s1_agent_rdata_fifo|out_payload[14]                                                                                                                                                                                                                                                 ; Packed Register ; Register Packing                                  ; Timing optimization                    ; Q         ;                ; Lab4_mm_interconnect_0:mm_interconnect_0|altera_avalon_sc_fifo:sdram_s1_agent_rdata_fifo|altsyncram:mem_rtl_0|altsyncram_40n1:auto_generated|ram_block1a14                                                                                                                                                                                                         ; PORTBDATAOUT     ;                       ;
; Lab4_mm_interconnect_0:mm_interconnect_0|altera_avalon_sc_fifo:sdram_s1_agent_rdata_fifo|out_payload[15]                                                                                                                                                                                                                                                 ; Packed Register ; Register Packing                                  ; Timing optimization                    ; Q         ;                ; Lab4_mm_interconnect_0:mm_interconnect_0|altera_avalon_sc_fifo:sdram_s1_agent_rdata_fifo|altsyncram:mem_rtl_0|altsyncram_40n1:auto_generated|ram_block1a15                                                                                                                                                                                                         ; PORTBDATAOUT     ;                       ;
; Lab4_DEBUG:debug|Lab4_DEBUG_scfifo_w:the_Lab4_DEBUG_scfifo_w|scfifo:wfifo|scfifo_3291:auto_generated|a_dpfifo_5771:dpfifo|a_fefifo_7cf:fifo_state|cntr_vg7:count_usedw|counter_reg_bit[4]                                                                                                                                                                ; Duplicated      ; Router Logic Cell Insertion and Logic Duplication ; Routability optimization               ;           ;                ; Lab4_DEBUG:debug|Lab4_DEBUG_scfifo_w:the_Lab4_DEBUG_scfifo_w|scfifo:wfifo|scfifo_3291:auto_generated|a_dpfifo_5771:dpfifo|a_fefifo_7cf:fifo_state|cntr_vg7:count_usedw|counter_reg_bit[4]~DUPLICATE                                                                                                                                                                ;                  ;                       ;
; Lab4_DEBUG:debug|alt_jtag_atlantic:Lab4_DEBUG_alt_jtag_atlantic|count[1]                                                                                                                                                                                                                                                                                 ; Duplicated      ; Router Logic Cell Insertion and Logic Duplication ; Routability optimization               ;           ;                ; Lab4_DEBUG:debug|alt_jtag_atlantic:Lab4_DEBUG_alt_jtag_atlantic|count[1]~DUPLICATE                                                                                                                                                                                                                                                                                 ;                  ;                       ;
; Lab4_DEBUG:debug|alt_jtag_atlantic:Lab4_DEBUG_alt_jtag_atlantic|write                                                                                                                                                                                                                                                                                    ; Duplicated      ; Router Logic Cell Insertion and Logic Duplication ; Routability optimization               ;           ;                ; Lab4_DEBUG:debug|alt_jtag_atlantic:Lab4_DEBUG_alt_jtag_atlantic|write~DUPLICATE                                                                                                                                                                                                                                                                                    ;                  ;                       ;
; Lab4_LEDs:leds|data_out[4]                                                                                                                                                                                                                                                                                                                               ; Duplicated      ; Router Logic Cell Insertion and Logic Duplication ; Routability optimization               ;           ;                ; Lab4_LEDs:leds|data_out[4]~DUPLICATE                                                                                                                                                                                                                                                                                                                               ;                  ;                       ;
; Lab4_NIOSV_FreeRTOS:niosv_freertos|niosv_dm_top:dbg_mod|niosv_debug_module:dm_inst|abstauto.data[0]                                                                                                                                                                                                                                                      ; Duplicated      ; Router Logic Cell Insertion and Logic Duplication ; Routability optimization               ;           ;                ; Lab4_NIOSV_FreeRTOS:niosv_freertos|niosv_dm_top:dbg_mod|niosv_debug_module:dm_inst|abstauto.data[0]~DUPLICATE                                                                                                                                                                                                                                                      ;                  ;                       ;
; Lab4_NIOSV_FreeRTOS:niosv_freertos|niosv_dm_top:dbg_mod|niosv_debug_module:dm_inst|abstauto.progbuf[1]                                                                                                                                                                                                                                                   ; Duplicated      ; Router Logic Cell Insertion and Logic Duplication ; Routability optimization               ;           ;                ; Lab4_NIOSV_FreeRTOS:niosv_freertos|niosv_dm_top:dbg_mod|niosv_debug_module:dm_inst|abstauto.progbuf[1]~DUPLICATE                                                                                                                                                                                                                                                   ;                  ;                       ;
; Lab4_NIOSV_FreeRTOS:niosv_freertos|niosv_dm_top:dbg_mod|niosv_debug_module:dm_inst|abstauto.progbuf[4]                                                                                                                                                                                                                                                   ; Duplicated      ; Router Logic Cell Insertion and Logic Duplication ; Routability optimization               ;           ;                ; Lab4_NIOSV_FreeRTOS:niosv_freertos|niosv_dm_top:dbg_mod|niosv_debug_module:dm_inst|abstauto.progbuf[4]~DUPLICATE                                                                                                                                                                                                                                                   ;                  ;                       ;
; Lab4_NIOSV_FreeRTOS:niosv_freertos|niosv_dm_top:dbg_mod|niosv_debug_module:dm_inst|abstcs.busy                                                                                                                                                                                                                                                           ; Duplicated      ; Router Logic Cell Insertion and Logic Duplication ; Routability optimization               ;           ;                ; Lab4_NIOSV_FreeRTOS:niosv_freertos|niosv_dm_top:dbg_mod|niosv_debug_module:dm_inst|abstcs.busy~DUPLICATE                                                                                                                                                                                                                                                           ;                  ;                       ;
; Lab4_NIOSV_FreeRTOS:niosv_freertos|niosv_dm_top:dbg_mod|niosv_debug_module:dm_inst|autoexec_cmd                                                                                                                                                                                                                                                          ; Duplicated      ; Router Logic Cell Insertion and Logic Duplication ; Routability optimization               ;           ;                ; Lab4_NIOSV_FreeRTOS:niosv_freertos|niosv_dm_top:dbg_mod|niosv_debug_module:dm_inst|autoexec_cmd~DUPLICATE                                                                                                                                                                                                                                                          ;                  ;                       ;
; Lab4_NIOSV_FreeRTOS:niosv_freertos|niosv_dm_top:dbg_mod|niosv_debug_module:dm_inst|csr_address[0]                                                                                                                                                                                                                                                        ; Duplicated      ; Router Logic Cell Insertion and Logic Duplication ; Routability optimization               ;           ;                ; Lab4_NIOSV_FreeRTOS:niosv_freertos|niosv_dm_top:dbg_mod|niosv_debug_module:dm_inst|csr_address[0]~DUPLICATE                                                                                                                                                                                                                                                        ;                  ;                       ;
; Lab4_NIOSV_FreeRTOS:niosv_freertos|niosv_dm_top:dbg_mod|niosv_debug_module:dm_inst|csr_address[7]                                                                                                                                                                                                                                                        ; Duplicated      ; Router Logic Cell Insertion and Logic Duplication ; Routability optimization               ;           ;                ; Lab4_NIOSV_FreeRTOS:niosv_freertos|niosv_dm_top:dbg_mod|niosv_debug_module:dm_inst|csr_address[7]~DUPLICATE                                                                                                                                                                                                                                                        ;                  ;                       ;
; Lab4_NIOSV_FreeRTOS:niosv_freertos|niosv_dm_top:dbg_mod|niosv_debug_module:dm_inst|csr_address_reg[2]                                                                                                                                                                                                                                                    ; Duplicated      ; Router Logic Cell Insertion and Logic Duplication ; Routability optimization               ;           ;                ; Lab4_NIOSV_FreeRTOS:niosv_freertos|niosv_dm_top:dbg_mod|niosv_debug_module:dm_inst|csr_address_reg[2]~DUPLICATE                                                                                                                                                                                                                                                    ;                  ;                       ;
; Lab4_NIOSV_FreeRTOS:niosv_freertos|niosv_dm_top:dbg_mod|niosv_debug_module:dm_inst|csr_write_data[8]                                                                                                                                                                                                                                                     ; Duplicated      ; Router Logic Cell Insertion and Logic Duplication ; Routability optimization               ;           ;                ; Lab4_NIOSV_FreeRTOS:niosv_freertos|niosv_dm_top:dbg_mod|niosv_debug_module:dm_inst|csr_write_data[8]~DUPLICATE                                                                                                                                                                                                                                                     ;                  ;                       ;
; Lab4_NIOSV_FreeRTOS:niosv_freertos|niosv_dm_top:dbg_mod|niosv_debug_module:dm_inst|csr_write_data[9]                                                                                                                                                                                                                                                     ; Duplicated      ; Router Logic Cell Insertion and Logic Duplication ; Routability optimization               ;           ;                ; Lab4_NIOSV_FreeRTOS:niosv_freertos|niosv_dm_top:dbg_mod|niosv_debug_module:dm_inst|csr_write_data[9]~DUPLICATE                                                                                                                                                                                                                                                     ;                  ;                       ;
; Lab4_NIOSV_FreeRTOS:niosv_freertos|niosv_dm_top:dbg_mod|niosv_debug_module:dm_inst|csr_write_data[18]                                                                                                                                                                                                                                                    ; Duplicated      ; Router Logic Cell Insertion and Logic Duplication ; Routability optimization               ;           ;                ; Lab4_NIOSV_FreeRTOS:niosv_freertos|niosv_dm_top:dbg_mod|niosv_debug_module:dm_inst|csr_write_data[18]~DUPLICATE                                                                                                                                                                                                                                                    ;                  ;                       ;
; Lab4_NIOSV_FreeRTOS:niosv_freertos|niosv_dm_top:dbg_mod|niosv_debug_module:dm_inst|dm_state.HALTED                                                                                                                                                                                                                                                       ; Duplicated      ; Router Logic Cell Insertion and Logic Duplication ; Routability optimization               ;           ;                ; Lab4_NIOSV_FreeRTOS:niosv_freertos|niosv_dm_top:dbg_mod|niosv_debug_module:dm_inst|dm_state.HALTED~DUPLICATE                                                                                                                                                                                                                                                       ;                  ;                       ;
; Lab4_NIOSV_FreeRTOS:niosv_freertos|niosv_dm_top:dbg_mod|niosv_debug_module:dm_inst|dm_state.HALTREQ                                                                                                                                                                                                                                                      ; Duplicated      ; Router Logic Cell Insertion and Logic Duplication ; Routability optimization               ;           ;                ; Lab4_NIOSV_FreeRTOS:niosv_freertos|niosv_dm_top:dbg_mod|niosv_debug_module:dm_inst|dm_state.HALTREQ~DUPLICATE                                                                                                                                                                                                                                                      ;                  ;                       ;
; Lab4_NIOSV_FreeRTOS:niosv_freertos|niosv_dm_top:dbg_mod|niosv_debug_module:dm_inst|dm_state.IDLE                                                                                                                                                                                                                                                         ; Duplicated      ; Router Logic Cell Insertion and Logic Duplication ; Routability optimization               ;           ;                ; Lab4_NIOSV_FreeRTOS:niosv_freertos|niosv_dm_top:dbg_mod|niosv_debug_module:dm_inst|dm_state.IDLE~DUPLICATE                                                                                                                                                                                                                                                         ;                  ;                       ;
; Lab4_NIOSV_FreeRTOS:niosv_freertos|niosv_dm_top:dbg_mod|niosv_debug_module:dm_inst|haltreq_ack                                                                                                                                                                                                                                                           ; Duplicated      ; Router Logic Cell Insertion and Logic Duplication ; Routability optimization               ;           ;                ; Lab4_NIOSV_FreeRTOS:niosv_freertos|niosv_dm_top:dbg_mod|niosv_debug_module:dm_inst|haltreq_ack~DUPLICATE                                                                                                                                                                                                                                                           ;                  ;                       ;
; Lab4_NIOSV_FreeRTOS:niosv_freertos|niosv_dm_top:dbg_mod|niosv_debug_module:dm_inst|niosv_ram:dbg_rom_inst|altsyncram:ram_no_ecc.data_ram|altsyncram_pds1:auto_generated|datain_reg[5]                                                                                                                                                                    ; Duplicated      ; Router Logic Cell Insertion and Logic Duplication ; Routability optimization               ;           ;                ; Lab4_NIOSV_FreeRTOS:niosv_freertos|niosv_dm_top:dbg_mod|niosv_debug_module:dm_inst|niosv_ram:dbg_rom_inst|altsyncram:ram_no_ecc.data_ram|altsyncram_pds1:auto_generated|datain_reg[5]~DUPLICATE                                                                                                                                                                    ;                  ;                       ;
; Lab4_NIOSV_FreeRTOS:niosv_freertos|niosv_dm_top:dbg_mod|niosv_debug_module:dm_inst|niosv_ram:dbg_rom_inst|altsyncram:ram_no_ecc.data_ram|altsyncram_pds1:auto_generated|datain_reg[14]                                                                                                                                                                   ; Duplicated      ; Router Logic Cell Insertion and Logic Duplication ; Routability optimization               ;           ;                ; Lab4_NIOSV_FreeRTOS:niosv_freertos|niosv_dm_top:dbg_mod|niosv_debug_module:dm_inst|niosv_ram:dbg_rom_inst|altsyncram:ram_no_ecc.data_ram|altsyncram_pds1:auto_generated|datain_reg[14]~DUPLICATE                                                                                                                                                                   ;                  ;                       ;
; Lab4_NIOSV_FreeRTOS:niosv_freertos|niosv_dm_top:dbg_mod|niosv_debug_module:dm_inst|niosv_ram:dbg_rom_inst|altsyncram:ram_no_ecc.data_ram|altsyncram_pds1:auto_generated|datain_reg[27]                                                                                                                                                                   ; Duplicated      ; Router Logic Cell Insertion and Logic Duplication ; Routability optimization               ;           ;                ; Lab4_NIOSV_FreeRTOS:niosv_freertos|niosv_dm_top:dbg_mod|niosv_debug_module:dm_inst|niosv_ram:dbg_rom_inst|altsyncram:ram_no_ecc.data_ram|altsyncram_pds1:auto_generated|datain_reg[27]~DUPLICATE                                                                                                                                                                   ;                  ;                       ;
; Lab4_NIOSV_FreeRTOS:niosv_freertos|niosv_dm_top:dbg_mod|niosv_dm_jtag2mm:dtm_inst|altera_avalon_st_handshake_clock_crosser:cmd_clk_xer|altera_avalon_st_clock_crosser:clock_xer|in_data_toggle                                                                                                                                                           ; Duplicated      ; Router Logic Cell Insertion and Logic Duplication ; Routability optimization               ;           ;                ; Lab4_NIOSV_FreeRTOS:niosv_freertos|niosv_dm_top:dbg_mod|niosv_dm_jtag2mm:dtm_inst|altera_avalon_st_handshake_clock_crosser:cmd_clk_xer|altera_avalon_st_clock_crosser:clock_xer|in_data_toggle~DUPLICATE                                                                                                                                                           ;                  ;                       ;
; Lab4_NIOSV_FreeRTOS:niosv_freertos|niosv_dm_top:dbg_mod|niosv_dm_jtag2mm:dtm_inst|dmi_status[0]                                                                                                                                                                                                                                                          ; Duplicated      ; Router Logic Cell Insertion and Logic Duplication ; Routability optimization               ;           ;                ; Lab4_NIOSV_FreeRTOS:niosv_freertos|niosv_dm_top:dbg_mod|niosv_dm_jtag2mm:dtm_inst|dmi_status[0]~DUPLICATE                                                                                                                                                                                                                                                          ;                  ;                       ;
; Lab4_NIOSV_FreeRTOS:niosv_freertos|niosv_dm_top:dbg_mod|niosv_dm_jtag2mm:dtm_inst|shifted_dmi[1]                                                                                                                                                                                                                                                         ; Duplicated      ; Router Logic Cell Insertion and Logic Duplication ; Routability optimization               ;           ;                ; Lab4_NIOSV_FreeRTOS:niosv_freertos|niosv_dm_top:dbg_mod|niosv_dm_jtag2mm:dtm_inst|shifted_dmi[1]~DUPLICATE                                                                                                                                                                                                                                                         ;                  ;                       ;
; Lab4_NIOSV_FreeRTOS:niosv_freertos|niosv_dm_top:dbg_mod|niosv_dm_jtag2mm:dtm_inst|shifted_dtmcs[16]                                                                                                                                                                                                                                                      ; Duplicated      ; Router Logic Cell Insertion and Logic Duplication ; Routability optimization               ;           ;                ; Lab4_NIOSV_FreeRTOS:niosv_freertos|niosv_dm_top:dbg_mod|niosv_dm_jtag2mm:dtm_inst|shifted_dtmcs[16]~DUPLICATE                                                                                                                                                                                                                                                      ;                  ;                       ;
; Lab4_NIOSV_FreeRTOS:niosv_freertos|niosv_dm_top:dbg_mod|niosv_dm_jtag2mm:dtm_inst|write_rsp                                                                                                                                                                                                                                                              ; Duplicated      ; Router Logic Cell Insertion and Logic Duplication ; Routability optimization               ;           ;                ; Lab4_NIOSV_FreeRTOS:niosv_freertos|niosv_dm_top:dbg_mod|niosv_dm_jtag2mm:dtm_inst|write_rsp~DUPLICATE                                                                                                                                                                                                                                                              ;                  ;                       ;
; Lab4_NIOSV_FreeRTOS:niosv_freertos|niosv_m_top:hart|niosv_m_core:m_core.niosv_m_full_inst|D_instr_pc[2]                                                                                                                                                                                                                                                  ; Duplicated      ; Router Logic Cell Insertion and Logic Duplication ; Routability optimization               ;           ;                ; Lab4_NIOSV_FreeRTOS:niosv_freertos|niosv_m_top:hart|niosv_m_core:m_core.niosv_m_full_inst|D_instr_pc[2]~DUPLICATE                                                                                                                                                                                                                                                  ;                  ;                       ;
; Lab4_NIOSV_FreeRTOS:niosv_freertos|niosv_m_top:hart|niosv_m_core:m_core.niosv_m_full_inst|D_instr_pc[12]                                                                                                                                                                                                                                                 ; Duplicated      ; Router Logic Cell Insertion and Logic Duplication ; Routability optimization               ;           ;                ; Lab4_NIOSV_FreeRTOS:niosv_freertos|niosv_m_top:hart|niosv_m_core:m_core.niosv_m_full_inst|D_instr_pc[12]~DUPLICATE                                                                                                                                                                                                                                                 ;                  ;                       ;
; Lab4_NIOSV_FreeRTOS:niosv_freertos|niosv_m_top:hart|niosv_m_core:m_core.niosv_m_full_inst|D_instr_pc[15]                                                                                                                                                                                                                                                 ; Duplicated      ; Router Logic Cell Insertion and Logic Duplication ; Routability optimization               ;           ;                ; Lab4_NIOSV_FreeRTOS:niosv_freertos|niosv_m_top:hart|niosv_m_core:m_core.niosv_m_full_inst|D_instr_pc[15]~DUPLICATE                                                                                                                                                                                                                                                 ;                  ;                       ;
; Lab4_NIOSV_FreeRTOS:niosv_freertos|niosv_m_top:hart|niosv_m_core:m_core.niosv_m_full_inst|D_instr_valid                                                                                                                                                                                                                                                  ; Duplicated      ; Router Logic Cell Insertion and Logic Duplication ; Routability optimization               ;           ;                ; Lab4_NIOSV_FreeRTOS:niosv_freertos|niosv_m_top:hart|niosv_m_core:m_core.niosv_m_full_inst|D_instr_valid~DUPLICATE                                                                                                                                                                                                                                                  ;                  ;                       ;
; Lab4_NIOSV_FreeRTOS:niosv_freertos|niosv_m_top:hart|niosv_m_core:m_core.niosv_m_full_inst|D_rs2_gpr[0]                                                                                                                                                                                                                                                   ; Duplicated      ; Router Logic Cell Insertion and Logic Duplication ; Routability optimization               ;           ;                ; Lab4_NIOSV_FreeRTOS:niosv_freertos|niosv_m_top:hart|niosv_m_core:m_core.niosv_m_full_inst|D_rs2_gpr[0]~DUPLICATE                                                                                                                                                                                                                                                   ;                  ;                       ;
; Lab4_NIOSV_FreeRTOS:niosv_freertos|niosv_m_top:hart|niosv_m_core:m_core.niosv_m_full_inst|D_rs2_gpr[4]                                                                                                                                                                                                                                                   ; Duplicated      ; Router Logic Cell Insertion and Logic Duplication ; Routability optimization               ;           ;                ; Lab4_NIOSV_FreeRTOS:niosv_freertos|niosv_m_top:hart|niosv_m_core:m_core.niosv_m_full_inst|D_rs2_gpr[4]~DUPLICATE                                                                                                                                                                                                                                                   ;                  ;                       ;
; Lab4_NIOSV_FreeRTOS:niosv_freertos|niosv_m_top:hart|niosv_m_core:m_core.niosv_m_full_inst|E_branch_op                                                                                                                                                                                                                                                    ; Duplicated      ; Router Logic Cell Insertion and Logic Duplication ; Routability optimization               ;           ;                ; Lab4_NIOSV_FreeRTOS:niosv_freertos|niosv_m_top:hart|niosv_m_core:m_core.niosv_m_full_inst|E_branch_op~DUPLICATE                                                                                                                                                                                                                                                    ;                  ;                       ;
; Lab4_NIOSV_FreeRTOS:niosv_freertos|niosv_m_top:hart|niosv_m_core:m_core.niosv_m_full_inst|E_csr_addr[0]                                                                                                                                                                                                                                                  ; Duplicated      ; Router Logic Cell Insertion and Logic Duplication ; Routability optimization               ;           ;                ; Lab4_NIOSV_FreeRTOS:niosv_freertos|niosv_m_top:hart|niosv_m_core:m_core.niosv_m_full_inst|E_csr_addr[0]~DUPLICATE                                                                                                                                                                                                                                                  ;                  ;                       ;
; Lab4_NIOSV_FreeRTOS:niosv_freertos|niosv_m_top:hart|niosv_m_core:m_core.niosv_m_full_inst|E_csr_addr[1]                                                                                                                                                                                                                                                  ; Duplicated      ; Router Logic Cell Insertion and Logic Duplication ; Routability optimization               ;           ;                ; Lab4_NIOSV_FreeRTOS:niosv_freertos|niosv_m_top:hart|niosv_m_core:m_core.niosv_m_full_inst|E_csr_addr[1]~DUPLICATE                                                                                                                                                                                                                                                  ;                  ;                       ;
; Lab4_NIOSV_FreeRTOS:niosv_freertos|niosv_m_top:hart|niosv_m_core:m_core.niosv_m_full_inst|E_csr_addr[7]                                                                                                                                                                                                                                                  ; Duplicated      ; Router Logic Cell Insertion and Logic Duplication ; Routability optimization               ;           ;                ; Lab4_NIOSV_FreeRTOS:niosv_freertos|niosv_m_top:hart|niosv_m_core:m_core.niosv_m_full_inst|E_csr_addr[7]~DUPLICATE                                                                                                                                                                                                                                                  ;                  ;                       ;
; Lab4_NIOSV_FreeRTOS:niosv_freertos|niosv_m_top:hart|niosv_m_core:m_core.niosv_m_full_inst|E_exe_s1[2]                                                                                                                                                                                                                                                    ; Duplicated      ; Router Logic Cell Insertion and Logic Duplication ; Routability optimization               ;           ;                ; Lab4_NIOSV_FreeRTOS:niosv_freertos|niosv_m_top:hart|niosv_m_core:m_core.niosv_m_full_inst|E_exe_s1[2]~DUPLICATE                                                                                                                                                                                                                                                    ;                  ;                       ;
; Lab4_NIOSV_FreeRTOS:niosv_freertos|niosv_m_top:hart|niosv_m_core:m_core.niosv_m_full_inst|E_exe_s1[3]                                                                                                                                                                                                                                                    ; Duplicated      ; Router Logic Cell Insertion and Logic Duplication ; Routability optimization               ;           ;                ; Lab4_NIOSV_FreeRTOS:niosv_freertos|niosv_m_top:hart|niosv_m_core:m_core.niosv_m_full_inst|E_exe_s1[3]~DUPLICATE                                                                                                                                                                                                                                                    ;                  ;                       ;
; Lab4_NIOSV_FreeRTOS:niosv_freertos|niosv_m_top:hart|niosv_m_core:m_core.niosv_m_full_inst|E_exe_s2[1]                                                                                                                                                                                                                                                    ; Duplicated      ; Router Logic Cell Insertion and Logic Duplication ; Routability optimization               ;           ;                ; Lab4_NIOSV_FreeRTOS:niosv_freertos|niosv_m_top:hart|niosv_m_core:m_core.niosv_m_full_inst|E_exe_s2[1]~DUPLICATE                                                                                                                                                                                                                                                    ;                  ;                       ;
; Lab4_NIOSV_FreeRTOS:niosv_freertos|niosv_m_top:hart|niosv_m_core:m_core.niosv_m_full_inst|E_exe_s2[16]                                                                                                                                                                                                                                                   ; Duplicated      ; Router Logic Cell Insertion and Logic Duplication ; Routability optimization               ;           ;                ; Lab4_NIOSV_FreeRTOS:niosv_freertos|niosv_m_top:hart|niosv_m_core:m_core.niosv_m_full_inst|E_exe_s2[16]~DUPLICATE                                                                                                                                                                                                                                                   ;                  ;                       ;
; Lab4_NIOSV_FreeRTOS:niosv_freertos|niosv_m_top:hart|niosv_m_core:m_core.niosv_m_full_inst|E_exe_s2[19]                                                                                                                                                                                                                                                   ; Duplicated      ; Router Logic Cell Insertion and Logic Duplication ; Routability optimization               ;           ;                ; Lab4_NIOSV_FreeRTOS:niosv_freertos|niosv_m_top:hart|niosv_m_core:m_core.niosv_m_full_inst|E_exe_s2[19]~DUPLICATE                                                                                                                                                                                                                                                   ;                  ;                       ;
; Lab4_NIOSV_FreeRTOS:niosv_freertos|niosv_m_top:hart|niosv_m_core:m_core.niosv_m_full_inst|E_instr_pc[9]                                                                                                                                                                                                                                                  ; Duplicated      ; Router Logic Cell Insertion and Logic Duplication ; Routability optimization               ;           ;                ; Lab4_NIOSV_FreeRTOS:niosv_freertos|niosv_m_top:hart|niosv_m_core:m_core.niosv_m_full_inst|E_instr_pc[9]~DUPLICATE                                                                                                                                                                                                                                                  ;                  ;                       ;
; Lab4_NIOSV_FreeRTOS:niosv_freertos|niosv_m_top:hart|niosv_m_core:m_core.niosv_m_full_inst|E_instr_pc[11]                                                                                                                                                                                                                                                 ; Duplicated      ; Router Logic Cell Insertion and Logic Duplication ; Routability optimization               ;           ;                ; Lab4_NIOSV_FreeRTOS:niosv_freertos|niosv_m_top:hart|niosv_m_core:m_core.niosv_m_full_inst|E_instr_pc[11]~DUPLICATE                                                                                                                                                                                                                                                 ;                  ;                       ;
; Lab4_NIOSV_FreeRTOS:niosv_freertos|niosv_m_top:hart|niosv_m_core:m_core.niosv_m_full_inst|E_instr_pc[14]                                                                                                                                                                                                                                                 ; Duplicated      ; Router Logic Cell Insertion and Logic Duplication ; Routability optimization               ;           ;                ; Lab4_NIOSV_FreeRTOS:niosv_freertos|niosv_m_top:hart|niosv_m_core:m_core.niosv_m_full_inst|E_instr_pc[14]~DUPLICATE                                                                                                                                                                                                                                                 ;                  ;                       ;
; Lab4_NIOSV_FreeRTOS:niosv_freertos|niosv_m_top:hart|niosv_m_core:m_core.niosv_m_full_inst|E_instr_pc[24]                                                                                                                                                                                                                                                 ; Duplicated      ; Router Logic Cell Insertion and Logic Duplication ; Routability optimization               ;           ;                ; Lab4_NIOSV_FreeRTOS:niosv_freertos|niosv_m_top:hart|niosv_m_core:m_core.niosv_m_full_inst|E_instr_pc[24]~DUPLICATE                                                                                                                                                                                                                                                 ;                  ;                       ;
; Lab4_NIOSV_FreeRTOS:niosv_freertos|niosv_m_top:hart|niosv_m_core:m_core.niosv_m_full_inst|E_instr_valid                                                                                                                                                                                                                                                  ; Duplicated      ; Router Logic Cell Insertion and Logic Duplication ; Routability optimization               ;           ;                ; Lab4_NIOSV_FreeRTOS:niosv_freertos|niosv_m_top:hart|niosv_m_core:m_core.niosv_m_full_inst|E_instr_valid~DUPLICATE                                                                                                                                                                                                                                                  ;                  ;                       ;
; Lab4_NIOSV_FreeRTOS:niosv_freertos|niosv_m_top:hart|niosv_m_core:m_core.niosv_m_full_inst|M0_exe_result[11]                                                                                                                                                                                                                                              ; Duplicated      ; Router Logic Cell Insertion and Logic Duplication ; Routability optimization               ;           ;                ; Lab4_NIOSV_FreeRTOS:niosv_freertos|niosv_m_top:hart|niosv_m_core:m_core.niosv_m_full_inst|M0_exe_result[11]~DUPLICATE                                                                                                                                                                                                                                              ;                  ;                       ;
; Lab4_NIOSV_FreeRTOS:niosv_freertos|niosv_m_top:hart|niosv_m_core:m_core.niosv_m_full_inst|M0_exe_result[15]                                                                                                                                                                                                                                              ; Duplicated      ; Router Logic Cell Insertion and Logic Duplication ; Routability optimization               ;           ;                ; Lab4_NIOSV_FreeRTOS:niosv_freertos|niosv_m_top:hart|niosv_m_core:m_core.niosv_m_full_inst|M0_exe_result[15]~DUPLICATE                                                                                                                                                                                                                                              ;                  ;                       ;
; Lab4_NIOSV_FreeRTOS:niosv_freertos|niosv_m_top:hart|niosv_m_core:m_core.niosv_m_full_inst|M0_instr_pc[11]                                                                                                                                                                                                                                                ; Duplicated      ; Router Logic Cell Insertion and Logic Duplication ; Routability optimization               ;           ;                ; Lab4_NIOSV_FreeRTOS:niosv_freertos|niosv_m_top:hart|niosv_m_core:m_core.niosv_m_full_inst|M0_instr_pc[11]~DUPLICATE                                                                                                                                                                                                                                                ;                  ;                       ;
; Lab4_NIOSV_FreeRTOS:niosv_freertos|niosv_m_top:hart|niosv_m_core:m_core.niosv_m_full_inst|M0_mem_byteen[1]                                                                                                                                                                                                                                               ; Duplicated      ; Router Logic Cell Insertion and Logic Duplication ; Routability optimization               ;           ;                ; Lab4_NIOSV_FreeRTOS:niosv_freertos|niosv_m_top:hart|niosv_m_core:m_core.niosv_m_full_inst|M0_mem_byteen[1]~DUPLICATE                                                                                                                                                                                                                                               ;                  ;                       ;
; Lab4_NIOSV_FreeRTOS:niosv_freertos|niosv_m_top:hart|niosv_m_core:m_core.niosv_m_full_inst|M0_mem_size[1]                                                                                                                                                                                                                                                 ; Duplicated      ; Router Logic Cell Insertion and Logic Duplication ; Routability optimization               ;           ;                ; Lab4_NIOSV_FreeRTOS:niosv_freertos|niosv_m_top:hart|niosv_m_core:m_core.niosv_m_full_inst|M0_mem_size[1]~DUPLICATE                                                                                                                                                                                                                                                 ;                  ;                       ;
; Lab4_NIOSV_FreeRTOS:niosv_freertos|niosv_m_top:hart|niosv_m_core:m_core.niosv_m_full_inst|M0_rs2_gpr_val[9]                                                                                                                                                                                                                                              ; Duplicated      ; Router Logic Cell Insertion and Logic Duplication ; Routability optimization               ;           ;                ; Lab4_NIOSV_FreeRTOS:niosv_freertos|niosv_m_top:hart|niosv_m_core:m_core.niosv_m_full_inst|M0_rs2_gpr_val[9]~DUPLICATE                                                                                                                                                                                                                                              ;                  ;                       ;
; Lab4_NIOSV_FreeRTOS:niosv_freertos|niosv_m_top:hart|niosv_m_core:m_core.niosv_m_full_inst|M0_rs2_gpr_val[20]                                                                                                                                                                                                                                             ; Duplicated      ; Router Logic Cell Insertion and Logic Duplication ; Routability optimization               ;           ;                ; Lab4_NIOSV_FreeRTOS:niosv_freertos|niosv_m_top:hart|niosv_m_core:m_core.niosv_m_full_inst|M0_rs2_gpr_val[20]~DUPLICATE                                                                                                                                                                                                                                             ;                  ;                       ;
; Lab4_NIOSV_FreeRTOS:niosv_freertos|niosv_m_top:hart|niosv_m_core:m_core.niosv_m_full_inst|M0_shift_amt[1]                                                                                                                                                                                                                                                ; Duplicated      ; Router Logic Cell Insertion and Logic Duplication ; Routability optimization               ;           ;                ; Lab4_NIOSV_FreeRTOS:niosv_freertos|niosv_m_top:hart|niosv_m_core:m_core.niosv_m_full_inst|M0_shift_amt[1]~DUPLICATE                                                                                                                                                                                                                                                ;                  ;                       ;
; Lab4_NIOSV_FreeRTOS:niosv_freertos|niosv_m_top:hart|niosv_m_core:m_core.niosv_m_full_inst|W_exe_result[9]                                                                                                                                                                                                                                                ; Duplicated      ; Router Logic Cell Insertion and Logic Duplication ; Routability optimization               ;           ;                ; Lab4_NIOSV_FreeRTOS:niosv_freertos|niosv_m_top:hart|niosv_m_core:m_core.niosv_m_full_inst|W_exe_result[9]~DUPLICATE                                                                                                                                                                                                                                                ;                  ;                       ;
; Lab4_NIOSV_FreeRTOS:niosv_freertos|niosv_m_top:hart|niosv_m_core:m_core.niosv_m_full_inst|W_exe_result[25]                                                                                                                                                                                                                                               ; Duplicated      ; Router Logic Cell Insertion and Logic Duplication ; Routability optimization               ;           ;                ; Lab4_NIOSV_FreeRTOS:niosv_freertos|niosv_m_top:hart|niosv_m_core:m_core.niosv_m_full_inst|W_exe_result[25]~DUPLICATE                                                                                                                                                                                                                                               ;                  ;                       ;
; Lab4_NIOSV_FreeRTOS:niosv_freertos|niosv_m_top:hart|niosv_m_core:m_core.niosv_m_full_inst|niosv_csr:csr_inst|dcsr.cause[0]                                                                                                                                                                                                                               ; Duplicated      ; Router Logic Cell Insertion and Logic Duplication ; Routability optimization               ;           ;                ; Lab4_NIOSV_FreeRTOS:niosv_freertos|niosv_m_top:hart|niosv_m_core:m_core.niosv_m_full_inst|niosv_csr:csr_inst|dcsr.cause[0]~DUPLICATE                                                                                                                                                                                                                               ;                  ;                       ;
; Lab4_NIOSV_FreeRTOS:niosv_freertos|niosv_m_top:hart|niosv_m_core:m_core.niosv_m_full_inst|niosv_csr:csr_inst|dcsr.cause[2]                                                                                                                                                                                                                               ; Duplicated      ; Router Logic Cell Insertion and Logic Duplication ; Routability optimization               ;           ;                ; Lab4_NIOSV_FreeRTOS:niosv_freertos|niosv_m_top:hart|niosv_m_core:m_core.niosv_m_full_inst|niosv_csr:csr_inst|dcsr.cause[2]~DUPLICATE                                                                                                                                                                                                                               ;                  ;                       ;
; Lab4_NIOSV_FreeRTOS:niosv_freertos|niosv_m_top:hart|niosv_m_core:m_core.niosv_m_full_inst|niosv_csr:csr_inst|debug_pc[7]                                                                                                                                                                                                                                 ; Duplicated      ; Router Logic Cell Insertion and Logic Duplication ; Routability optimization               ;           ;                ; Lab4_NIOSV_FreeRTOS:niosv_freertos|niosv_m_top:hart|niosv_m_core:m_core.niosv_m_full_inst|niosv_csr:csr_inst|debug_pc[7]~DUPLICATE                                                                                                                                                                                                                                 ;                  ;                       ;
; Lab4_NIOSV_FreeRTOS:niosv_freertos|niosv_m_top:hart|niosv_m_core:m_core.niosv_m_full_inst|niosv_csr:csr_inst|debug_pc[14]                                                                                                                                                                                                                                ; Duplicated      ; Router Logic Cell Insertion and Logic Duplication ; Routability optimization               ;           ;                ; Lab4_NIOSV_FreeRTOS:niosv_freertos|niosv_m_top:hart|niosv_m_core:m_core.niosv_m_full_inst|niosv_csr:csr_inst|debug_pc[14]~DUPLICATE                                                                                                                                                                                                                                ;                  ;                       ;
; Lab4_NIOSV_FreeRTOS:niosv_freertos|niosv_m_top:hart|niosv_m_core:m_core.niosv_m_full_inst|niosv_csr:csr_inst|debug_pc[24]                                                                                                                                                                                                                                ; Duplicated      ; Router Logic Cell Insertion and Logic Duplication ; Routability optimization               ;           ;                ; Lab4_NIOSV_FreeRTOS:niosv_freertos|niosv_m_top:hart|niosv_m_core:m_core.niosv_m_full_inst|niosv_csr:csr_inst|debug_pc[24]~DUPLICATE                                                                                                                                                                                                                                ;                  ;                       ;
; Lab4_NIOSV_FreeRTOS:niosv_freertos|niosv_m_top:hart|niosv_m_core:m_core.niosv_m_full_inst|niosv_csr:csr_inst|debug_pc[28]                                                                                                                                                                                                                                ; Duplicated      ; Router Logic Cell Insertion and Logic Duplication ; Routability optimization               ;           ;                ; Lab4_NIOSV_FreeRTOS:niosv_freertos|niosv_m_top:hart|niosv_m_core:m_core.niosv_m_full_inst|niosv_csr:csr_inst|debug_pc[28]~DUPLICATE                                                                                                                                                                                                                                ;                  ;                       ;
; Lab4_NIOSV_FreeRTOS:niosv_freertos|niosv_m_top:hart|niosv_m_core:m_core.niosv_m_full_inst|niosv_csr:csr_inst|mepc.epc[4]                                                                                                                                                                                                                                 ; Duplicated      ; Router Logic Cell Insertion and Logic Duplication ; Routability optimization               ;           ;                ; Lab4_NIOSV_FreeRTOS:niosv_freertos|niosv_m_top:hart|niosv_m_core:m_core.niosv_m_full_inst|niosv_csr:csr_inst|mepc.epc[4]~DUPLICATE                                                                                                                                                                                                                                 ;                  ;                       ;
; Lab4_NIOSV_FreeRTOS:niosv_freertos|niosv_m_top:hart|niosv_m_core:m_core.niosv_m_full_inst|niosv_csr:csr_inst|mepc.epc[10]                                                                                                                                                                                                                                ; Duplicated      ; Router Logic Cell Insertion and Logic Duplication ; Routability optimization               ;           ;                ; Lab4_NIOSV_FreeRTOS:niosv_freertos|niosv_m_top:hart|niosv_m_core:m_core.niosv_m_full_inst|niosv_csr:csr_inst|mepc.epc[10]~DUPLICATE                                                                                                                                                                                                                                ;                  ;                       ;
; Lab4_NIOSV_FreeRTOS:niosv_freertos|niosv_m_top:hart|niosv_m_core:m_core.niosv_m_full_inst|niosv_csr:csr_inst|mepc.epc[18]                                                                                                                                                                                                                                ; Duplicated      ; Router Logic Cell Insertion and Logic Duplication ; Routability optimization               ;           ;                ; Lab4_NIOSV_FreeRTOS:niosv_freertos|niosv_m_top:hart|niosv_m_core:m_core.niosv_m_full_inst|niosv_csr:csr_inst|mepc.epc[18]~DUPLICATE                                                                                                                                                                                                                                ;                  ;                       ;
; Lab4_NIOSV_FreeRTOS:niosv_freertos|niosv_m_top:hart|niosv_m_core:m_core.niosv_m_full_inst|niosv_csr:csr_inst|mepc.epc[20]                                                                                                                                                                                                                                ; Duplicated      ; Router Logic Cell Insertion and Logic Duplication ; Routability optimization               ;           ;                ; Lab4_NIOSV_FreeRTOS:niosv_freertos|niosv_m_top:hart|niosv_m_core:m_core.niosv_m_full_inst|niosv_csr:csr_inst|mepc.epc[20]~DUPLICATE                                                                                                                                                                                                                                ;                  ;                       ;
; Lab4_NIOSV_FreeRTOS:niosv_freertos|niosv_m_top:hart|niosv_m_core:m_core.niosv_m_full_inst|niosv_csr:csr_inst|mtvec.base[1]                                                                                                                                                                                                                               ; Duplicated      ; Router Logic Cell Insertion and Logic Duplication ; Routability optimization               ;           ;                ; Lab4_NIOSV_FreeRTOS:niosv_freertos|niosv_m_top:hart|niosv_m_core:m_core.niosv_m_full_inst|niosv_csr:csr_inst|mtvec.base[1]~DUPLICATE                                                                                                                                                                                                                               ;                  ;                       ;
; Lab4_NIOSV_FreeRTOS:niosv_freertos|niosv_m_top:hart|niosv_m_core:m_core.niosv_m_full_inst|niosv_csr:csr_inst|mtvec.base[13]                                                                                                                                                                                                                              ; Duplicated      ; Router Logic Cell Insertion and Logic Duplication ; Routability optimization               ;           ;                ; Lab4_NIOSV_FreeRTOS:niosv_freertos|niosv_m_top:hart|niosv_m_core:m_core.niosv_m_full_inst|niosv_csr:csr_inst|mtvec.base[13]~DUPLICATE                                                                                                                                                                                                                              ;                  ;                       ;
; Lab4_NIOSV_FreeRTOS:niosv_freertos|niosv_m_top:hart|niosv_m_core:m_core.niosv_m_full_inst|niosv_csr:csr_inst|mtvec.base[17]                                                                                                                                                                                                                              ; Duplicated      ; Router Logic Cell Insertion and Logic Duplication ; Routability optimization               ;           ;                ; Lab4_NIOSV_FreeRTOS:niosv_freertos|niosv_m_top:hart|niosv_m_core:m_core.niosv_m_full_inst|niosv_csr:csr_inst|mtvec.base[17]~DUPLICATE                                                                                                                                                                                                                              ;                  ;                       ;
; Lab4_NIOSV_FreeRTOS:niosv_freertos|niosv_m_top:hart|niosv_m_core:m_core.niosv_m_full_inst|niosv_csr:csr_inst|mtvec.base[22]                                                                                                                                                                                                                              ; Duplicated      ; Router Logic Cell Insertion and Logic Duplication ; Routability optimization               ;           ;                ; Lab4_NIOSV_FreeRTOS:niosv_freertos|niosv_m_top:hart|niosv_m_core:m_core.niosv_m_full_inst|niosv_csr:csr_inst|mtvec.base[22]~DUPLICATE                                                                                                                                                                                                                              ;                  ;                       ;
; Lab4_NIOSV_FreeRTOS:niosv_freertos|niosv_m_top:hart|niosv_m_core:m_core.niosv_m_full_inst|niosv_csr:csr_inst|mtvec.base[25]                                                                                                                                                                                                                              ; Duplicated      ; Router Logic Cell Insertion and Logic Duplication ; Routability optimization               ;           ;                ; Lab4_NIOSV_FreeRTOS:niosv_freertos|niosv_m_top:hart|niosv_m_core:m_core.niosv_m_full_inst|niosv_csr:csr_inst|mtvec.base[25]~DUPLICATE                                                                                                                                                                                                                              ;                  ;                       ;
; Lab4_NIOSV_FreeRTOS:niosv_freertos|niosv_m_top:hart|niosv_m_core:m_core.niosv_m_full_inst|niosv_csr:csr_inst|tcontrol.mpte                                                                                                                                                                                                                               ; Duplicated      ; Router Logic Cell Insertion and Logic Duplication ; Routability optimization               ;           ;                ; Lab4_NIOSV_FreeRTOS:niosv_freertos|niosv_m_top:hart|niosv_m_core:m_core.niosv_m_full_inst|niosv_csr:csr_inst|tcontrol.mpte~DUPLICATE                                                                                                                                                                                                                               ;                  ;                       ;
; Lab4_NIOSV_FreeRTOS:niosv_freertos|niosv_m_top:hart|niosv_m_core:m_core.niosv_m_full_inst|niosv_csr:csr_inst|tdata2[13]                                                                                                                                                                                                                                  ; Duplicated      ; Router Logic Cell Insertion and Logic Duplication ; Routability optimization               ;           ;                ; Lab4_NIOSV_FreeRTOS:niosv_freertos|niosv_m_top:hart|niosv_m_core:m_core.niosv_m_full_inst|niosv_csr:csr_inst|tdata2[13]~DUPLICATE                                                                                                                                                                                                                                  ;                  ;                       ;
; Lab4_NIOSV_FreeRTOS:niosv_freertos|niosv_m_top:hart|niosv_m_core:m_core.niosv_m_full_inst|niosv_csr:csr_inst|tdata2[14]                                                                                                                                                                                                                                  ; Duplicated      ; Router Logic Cell Insertion and Logic Duplication ; Routability optimization               ;           ;                ; Lab4_NIOSV_FreeRTOS:niosv_freertos|niosv_m_top:hart|niosv_m_core:m_core.niosv_m_full_inst|niosv_csr:csr_inst|tdata2[14]~DUPLICATE                                                                                                                                                                                                                                  ;                  ;                       ;
; Lab4_NIOSV_FreeRTOS:niosv_freertos|niosv_m_top:hart|niosv_m_core:m_core.niosv_m_full_inst|niosv_csr:csr_inst|tdata2[15]                                                                                                                                                                                                                                  ; Duplicated      ; Router Logic Cell Insertion and Logic Duplication ; Routability optimization               ;           ;                ; Lab4_NIOSV_FreeRTOS:niosv_freertos|niosv_m_top:hart|niosv_m_core:m_core.niosv_m_full_inst|niosv_csr:csr_inst|tdata2[15]~DUPLICATE                                                                                                                                                                                                                                  ;                  ;                       ;
; Lab4_NIOSV_FreeRTOS:niosv_freertos|niosv_m_top:hart|niosv_m_core:m_core.niosv_m_full_inst|niosv_csr:csr_inst|tdata2[17]                                                                                                                                                                                                                                  ; Duplicated      ; Router Logic Cell Insertion and Logic Duplication ; Routability optimization               ;           ;                ; Lab4_NIOSV_FreeRTOS:niosv_freertos|niosv_m_top:hart|niosv_m_core:m_core.niosv_m_full_inst|niosv_csr:csr_inst|tdata2[17]~DUPLICATE                                                                                                                                                                                                                                  ;                  ;                       ;
; Lab4_NIOSV_FreeRTOS:niosv_freertos|niosv_m_top:hart|niosv_m_core:m_core.niosv_m_full_inst|niosv_csr:csr_inst|tdata2[20]                                                                                                                                                                                                                                  ; Duplicated      ; Router Logic Cell Insertion and Logic Duplication ; Routability optimization               ;           ;                ; Lab4_NIOSV_FreeRTOS:niosv_freertos|niosv_m_top:hart|niosv_m_core:m_core.niosv_m_full_inst|niosv_csr:csr_inst|tdata2[20]~DUPLICATE                                                                                                                                                                                                                                  ;                  ;                       ;
; Lab4_NIOSV_FreeRTOS:niosv_freertos|niosv_m_top:hart|niosv_m_core:m_core.niosv_m_full_inst|niosv_csr:csr_inst|tdata2[24]                                                                                                                                                                                                                                  ; Duplicated      ; Router Logic Cell Insertion and Logic Duplication ; Routability optimization               ;           ;                ; Lab4_NIOSV_FreeRTOS:niosv_freertos|niosv_m_top:hart|niosv_m_core:m_core.niosv_m_full_inst|niosv_csr:csr_inst|tdata2[24]~DUPLICATE                                                                                                                                                                                                                                  ;                  ;                       ;
; Lab4_NIOSV_FreeRTOS:niosv_freertos|niosv_m_top:hart|niosv_m_core:m_core.niosv_m_full_inst|niosv_csr:csr_inst|tdata2[27]                                                                                                                                                                                                                                  ; Duplicated      ; Router Logic Cell Insertion and Logic Duplication ; Routability optimization               ;           ;                ; Lab4_NIOSV_FreeRTOS:niosv_freertos|niosv_m_top:hart|niosv_m_core:m_core.niosv_m_full_inst|niosv_csr:csr_inst|tdata2[27]~DUPLICATE                                                                                                                                                                                                                                  ;                  ;                       ;
; Lab4_NIOSV_FreeRTOS:niosv_freertos|niosv_m_top:hart|niosv_m_core:m_core.niosv_m_full_inst|niosv_csr:csr_inst|tdata2[28]                                                                                                                                                                                                                                  ; Duplicated      ; Router Logic Cell Insertion and Logic Duplication ; Routability optimization               ;           ;                ; Lab4_NIOSV_FreeRTOS:niosv_freertos|niosv_m_top:hart|niosv_m_core:m_core.niosv_m_full_inst|niosv_csr:csr_inst|tdata2[28]~DUPLICATE                                                                                                                                                                                                                                  ;                  ;                       ;
; Lab4_NIOSV_FreeRTOS:niosv_freertos|niosv_m_top:hart|niosv_m_core:m_core.niosv_m_full_inst|niosv_csr:csr_inst|tdata2[29]                                                                                                                                                                                                                                  ; Duplicated      ; Router Logic Cell Insertion and Logic Duplication ; Routability optimization               ;           ;                ; Lab4_NIOSV_FreeRTOS:niosv_freertos|niosv_m_top:hart|niosv_m_core:m_core.niosv_m_full_inst|niosv_csr:csr_inst|tdata2[29]~DUPLICATE                                                                                                                                                                                                                                  ;                  ;                       ;
; Lab4_NIOSV_FreeRTOS:niosv_freertos|niosv_m_top:hart|niosv_m_core:m_core.niosv_m_full_inst|niosv_csr:csr_inst|tdata2[31]                                                                                                                                                                                                                                  ; Duplicated      ; Router Logic Cell Insertion and Logic Duplication ; Routability optimization               ;           ;                ; Lab4_NIOSV_FreeRTOS:niosv_freertos|niosv_m_top:hart|niosv_m_core:m_core.niosv_m_full_inst|niosv_csr:csr_inst|tdata2[31]~DUPLICATE                                                                                                                                                                                                                                  ;                  ;                       ;
; Lab4_NIOSV_FreeRTOS:niosv_freertos|niosv_m_top:hart|niosv_m_core:m_core.niosv_m_full_inst|niosv_m_instr_prefetch:prefetch_inst|dispatch_pc[3]                                                                                                                                                                                                            ; Duplicated      ; Router Logic Cell Insertion and Logic Duplication ; Routability optimization               ;           ;                ; Lab4_NIOSV_FreeRTOS:niosv_freertos|niosv_m_top:hart|niosv_m_core:m_core.niosv_m_full_inst|niosv_m_instr_prefetch:prefetch_inst|dispatch_pc[3]~DUPLICATE                                                                                                                                                                                                            ;                  ;                       ;
; Lab4_NIOSV_FreeRTOS:niosv_freertos|niosv_m_top:hart|niosv_m_core:m_core.niosv_m_full_inst|niosv_m_instr_prefetch:prefetch_inst|dispatch_pc[5]                                                                                                                                                                                                            ; Duplicated      ; Router Logic Cell Insertion and Logic Duplication ; Routability optimization               ;           ;                ; Lab4_NIOSV_FreeRTOS:niosv_freertos|niosv_m_top:hart|niosv_m_core:m_core.niosv_m_full_inst|niosv_m_instr_prefetch:prefetch_inst|dispatch_pc[5]~DUPLICATE                                                                                                                                                                                                            ;                  ;                       ;
; Lab4_NIOSV_FreeRTOS:niosv_freertos|niosv_m_top:hart|niosv_m_core:m_core.niosv_m_full_inst|niosv_m_instr_prefetch:prefetch_inst|dispatch_pc[6]                                                                                                                                                                                                            ; Duplicated      ; Router Logic Cell Insertion and Logic Duplication ; Routability optimization               ;           ;                ; Lab4_NIOSV_FreeRTOS:niosv_freertos|niosv_m_top:hart|niosv_m_core:m_core.niosv_m_full_inst|niosv_m_instr_prefetch:prefetch_inst|dispatch_pc[6]~DUPLICATE                                                                                                                                                                                                            ;                  ;                       ;
; Lab4_NIOSV_FreeRTOS:niosv_freertos|niosv_m_top:hart|niosv_m_core:m_core.niosv_m_full_inst|niosv_m_instr_prefetch:prefetch_inst|dispatch_pc[7]                                                                                                                                                                                                            ; Duplicated      ; Router Logic Cell Insertion and Logic Duplication ; Routability optimization               ;           ;                ; Lab4_NIOSV_FreeRTOS:niosv_freertos|niosv_m_top:hart|niosv_m_core:m_core.niosv_m_full_inst|niosv_m_instr_prefetch:prefetch_inst|dispatch_pc[7]~DUPLICATE                                                                                                                                                                                                            ;                  ;                       ;
; Lab4_NIOSV_FreeRTOS:niosv_freertos|niosv_m_top:hart|niosv_m_core:m_core.niosv_m_full_inst|niosv_m_instr_prefetch:prefetch_inst|dispatch_pc[9]                                                                                                                                                                                                            ; Duplicated      ; Router Logic Cell Insertion and Logic Duplication ; Routability optimization               ;           ;                ; Lab4_NIOSV_FreeRTOS:niosv_freertos|niosv_m_top:hart|niosv_m_core:m_core.niosv_m_full_inst|niosv_m_instr_prefetch:prefetch_inst|dispatch_pc[9]~DUPLICATE                                                                                                                                                                                                            ;                  ;                       ;
; Lab4_NIOSV_FreeRTOS:niosv_freertos|niosv_m_top:hart|niosv_m_core:m_core.niosv_m_full_inst|niosv_m_instr_prefetch:prefetch_inst|dispatch_pc[12]                                                                                                                                                                                                           ; Duplicated      ; Router Logic Cell Insertion and Logic Duplication ; Routability optimization               ;           ;                ; Lab4_NIOSV_FreeRTOS:niosv_freertos|niosv_m_top:hart|niosv_m_core:m_core.niosv_m_full_inst|niosv_m_instr_prefetch:prefetch_inst|dispatch_pc[12]~DUPLICATE                                                                                                                                                                                                           ;                  ;                       ;
; Lab4_NIOSV_FreeRTOS:niosv_freertos|niosv_m_top:hart|niosv_m_core:m_core.niosv_m_full_inst|niosv_m_instr_prefetch:prefetch_inst|dispatch_pc[14]                                                                                                                                                                                                           ; Duplicated      ; Router Logic Cell Insertion and Logic Duplication ; Routability optimization               ;           ;                ; Lab4_NIOSV_FreeRTOS:niosv_freertos|niosv_m_top:hart|niosv_m_core:m_core.niosv_m_full_inst|niosv_m_instr_prefetch:prefetch_inst|dispatch_pc[14]~DUPLICATE                                                                                                                                                                                                           ;                  ;                       ;
; Lab4_NIOSV_FreeRTOS:niosv_freertos|niosv_m_top:hart|niosv_m_core:m_core.niosv_m_full_inst|niosv_m_instr_prefetch:prefetch_inst|dispatch_pc[23]                                                                                                                                                                                                           ; Duplicated      ; Router Logic Cell Insertion and Logic Duplication ; Routability optimization               ;           ;                ; Lab4_NIOSV_FreeRTOS:niosv_freertos|niosv_m_top:hart|niosv_m_core:m_core.niosv_m_full_inst|niosv_m_instr_prefetch:prefetch_inst|dispatch_pc[23]~DUPLICATE                                                                                                                                                                                                           ;                  ;                       ;
; Lab4_NIOSV_FreeRTOS:niosv_freertos|niosv_m_top:hart|niosv_m_core:m_core.niosv_m_full_inst|niosv_m_instr_prefetch:prefetch_inst|dispatch_pc[25]                                                                                                                                                                                                           ; Duplicated      ; Router Logic Cell Insertion and Logic Duplication ; Routability optimization               ;           ;                ; Lab4_NIOSV_FreeRTOS:niosv_freertos|niosv_m_top:hart|niosv_m_core:m_core.niosv_m_full_inst|niosv_m_instr_prefetch:prefetch_inst|dispatch_pc[25]~DUPLICATE                                                                                                                                                                                                           ;                  ;                       ;
; Lab4_NIOSV_FreeRTOS:niosv_freertos|niosv_m_top:hart|niosv_m_core:m_core.niosv_m_full_inst|niosv_m_instr_prefetch:prefetch_inst|dispatch_pc[26]                                                                                                                                                                                                           ; Duplicated      ; Router Logic Cell Insertion and Logic Duplication ; Routability optimization               ;           ;                ; Lab4_NIOSV_FreeRTOS:niosv_freertos|niosv_m_top:hart|niosv_m_core:m_core.niosv_m_full_inst|niosv_m_instr_prefetch:prefetch_inst|dispatch_pc[26]~DUPLICATE                                                                                                                                                                                                           ;                  ;                       ;
; Lab4_NIOSV_FreeRTOS:niosv_freertos|niosv_m_top:hart|niosv_m_core:m_core.niosv_m_full_inst|niosv_m_instr_prefetch:prefetch_inst|dispatch_pc[29]                                                                                                                                                                                                           ; Duplicated      ; Router Logic Cell Insertion and Logic Duplication ; Routability optimization               ;           ;                ; Lab4_NIOSV_FreeRTOS:niosv_freertos|niosv_m_top:hart|niosv_m_core:m_core.niosv_m_full_inst|niosv_m_instr_prefetch:prefetch_inst|dispatch_pc[29]~DUPLICATE                                                                                                                                                                                                           ;                  ;                       ;
; Lab4_NIOSV_FreeRTOS:niosv_freertos|niosv_m_top:hart|niosv_m_core:m_core.niosv_m_full_inst|niosv_m_instr_prefetch:prefetch_inst|fetch_pc[24]                                                                                                                                                                                                              ; Duplicated      ; Router Logic Cell Insertion and Logic Duplication ; Routability optimization               ;           ;                ; Lab4_NIOSV_FreeRTOS:niosv_freertos|niosv_m_top:hart|niosv_m_core:m_core.niosv_m_full_inst|niosv_m_instr_prefetch:prefetch_inst|fetch_pc[24]~DUPLICATE                                                                                                                                                                                                              ;                  ;                       ;
; Lab4_NIOSV_FreeRTOS:niosv_freertos|niosv_m_top:hart|niosv_m_core:m_core.niosv_m_full_inst|niosv_m_instr_prefetch:prefetch_inst|fetch_pc[27]                                                                                                                                                                                                              ; Duplicated      ; Router Logic Cell Insertion and Logic Duplication ; Routability optimization               ;           ;                ; Lab4_NIOSV_FreeRTOS:niosv_freertos|niosv_m_top:hart|niosv_m_core:m_core.niosv_m_full_inst|niosv_m_instr_prefetch:prefetch_inst|fetch_pc[27]~DUPLICATE                                                                                                                                                                                                              ;                  ;                       ;
; Lab4_NIOSV_FreeRTOS:niosv_freertos|niosv_m_top:hart|niosv_m_core:m_core.niosv_m_full_inst|niosv_m_instr_prefetch:prefetch_inst|fetch_pc[28]                                                                                                                                                                                                              ; Duplicated      ; Router Logic Cell Insertion and Logic Duplication ; Routability optimization               ;           ;                ; Lab4_NIOSV_FreeRTOS:niosv_freertos|niosv_m_top:hart|niosv_m_core:m_core.niosv_m_full_inst|niosv_m_instr_prefetch:prefetch_inst|fetch_pc[28]~DUPLICATE                                                                                                                                                                                                              ;                  ;                       ;
; Lab4_NIOSV_FreeRTOS:niosv_freertos|niosv_m_top:hart|niosv_m_core:m_core.niosv_m_full_inst|niosv_m_instr_prefetch:prefetch_inst|fetch_pc[29]                                                                                                                                                                                                              ; Duplicated      ; Router Logic Cell Insertion and Logic Duplication ; Routability optimization               ;           ;                ; Lab4_NIOSV_FreeRTOS:niosv_freertos|niosv_m_top:hart|niosv_m_core:m_core.niosv_m_full_inst|niosv_m_instr_prefetch:prefetch_inst|fetch_pc[29]~DUPLICATE                                                                                                                                                                                                              ;                  ;                       ;
; Lab4_NIOSV_FreeRTOS:niosv_freertos|niosv_m_top:hart|niosv_m_core:m_core.niosv_m_full_inst|niosv_m_lsu:lsu_inst|ld_instr_done                                                                                                                                                                                                                             ; Duplicated      ; Router Logic Cell Insertion and Logic Duplication ; Routability optimization               ;           ;                ; Lab4_NIOSV_FreeRTOS:niosv_freertos|niosv_m_top:hart|niosv_m_core:m_core.niosv_m_full_inst|niosv_m_lsu:lsu_inst|ld_instr_done~DUPLICATE                                                                                                                                                                                                                             ;                  ;                       ;
; Lab4_NIOSV_FreeRTOS:niosv_freertos|niosv_m_top:hart|niosv_m_core:m_core.niosv_m_full_inst|niosv_m_lsu:lsu_inst|ls_mem_size_q[0]                                                                                                                                                                                                                          ; Duplicated      ; Router Logic Cell Insertion and Logic Duplication ; Routability optimization               ;           ;                ; Lab4_NIOSV_FreeRTOS:niosv_freertos|niosv_m_top:hart|niosv_m_core:m_core.niosv_m_full_inst|niosv_m_lsu:lsu_inst|ls_mem_size_q[0]~DUPLICATE                                                                                                                                                                                                                          ;                  ;                       ;
; Lab4_NIOSV_FreeRTOS:niosv_freertos|niosv_m_top:hart|niosv_m_core:m_core.niosv_m_full_inst|niosv_m_lsu:lsu_inst|read_data_srl[4]                                                                                                                                                                                                                          ; Duplicated      ; Router Logic Cell Insertion and Logic Duplication ; Routability optimization               ;           ;                ; Lab4_NIOSV_FreeRTOS:niosv_freertos|niosv_m_top:hart|niosv_m_core:m_core.niosv_m_full_inst|niosv_m_lsu:lsu_inst|read_data_srl[4]~DUPLICATE                                                                                                                                                                                                                          ;                  ;                       ;
; Lab4_NIOSV_FreeRTOS:niosv_freertos|niosv_m_top:hart|niosv_m_core:m_core.niosv_m_full_inst|niosv_m_shift_module:shift_inst|op_state[0]                                                                                                                                                                                                                    ; Duplicated      ; Router Logic Cell Insertion and Logic Duplication ; Routability optimization               ;           ;                ; Lab4_NIOSV_FreeRTOS:niosv_freertos|niosv_m_top:hart|niosv_m_core:m_core.niosv_m_full_inst|niosv_m_shift_module:shift_inst|op_state[0]~DUPLICATE                                                                                                                                                                                                                    ;                  ;                       ;
; Lab4_NIOSV_FreeRTOS:niosv_freertos|niosv_timer_msip:timer_module|hart_readdata[21]                                                                                                                                                                                                                                                                       ; Duplicated      ; Router Logic Cell Insertion and Logic Duplication ; Routability optimization               ;           ;                ; Lab4_NIOSV_FreeRTOS:niosv_freertos|niosv_timer_msip:timer_module|hart_readdata[21]~DUPLICATE                                                                                                                                                                                                                                                                       ;                  ;                       ;
; Lab4_NIOSV_FreeRTOS:niosv_freertos|niosv_timer_msip:timer_module|mtime[5]                                                                                                                                                                                                                                                                                ; Duplicated      ; Router Logic Cell Insertion and Logic Duplication ; Routability optimization               ;           ;                ; Lab4_NIOSV_FreeRTOS:niosv_freertos|niosv_timer_msip:timer_module|mtime[5]~DUPLICATE                                                                                                                                                                                                                                                                                ;                  ;                       ;
; Lab4_NIOSV_FreeRTOS:niosv_freertos|niosv_timer_msip:timer_module|mtime[9]                                                                                                                                                                                                                                                                                ; Duplicated      ; Router Logic Cell Insertion and Logic Duplication ; Routability optimization               ;           ;                ; Lab4_NIOSV_FreeRTOS:niosv_freertos|niosv_timer_msip:timer_module|mtime[9]~DUPLICATE                                                                                                                                                                                                                                                                                ;                  ;                       ;
; Lab4_NIOSV_FreeRTOS:niosv_freertos|niosv_timer_msip:timer_module|mtime[11]                                                                                                                                                                                                                                                                               ; Duplicated      ; Router Logic Cell Insertion and Logic Duplication ; Routability optimization               ;           ;                ; Lab4_NIOSV_FreeRTOS:niosv_freertos|niosv_timer_msip:timer_module|mtime[11]~DUPLICATE                                                                                                                                                                                                                                                                               ;                  ;                       ;
; Lab4_NIOSV_FreeRTOS:niosv_freertos|niosv_timer_msip:timer_module|mtime[13]                                                                                                                                                                                                                                                                               ; Duplicated      ; Router Logic Cell Insertion and Logic Duplication ; Routability optimization               ;           ;                ; Lab4_NIOSV_FreeRTOS:niosv_freertos|niosv_timer_msip:timer_module|mtime[13]~DUPLICATE                                                                                                                                                                                                                                                                               ;                  ;                       ;
; Lab4_NIOSV_FreeRTOS:niosv_freertos|niosv_timer_msip:timer_module|mtime[14]                                                                                                                                                                                                                                                                               ; Duplicated      ; Router Logic Cell Insertion and Logic Duplication ; Routability optimization               ;           ;                ; Lab4_NIOSV_FreeRTOS:niosv_freertos|niosv_timer_msip:timer_module|mtime[14]~DUPLICATE                                                                                                                                                                                                                                                                               ;                  ;                       ;
; Lab4_NIOSV_FreeRTOS:niosv_freertos|niosv_timer_msip:timer_module|mtime[15]                                                                                                                                                                                                                                                                               ; Duplicated      ; Router Logic Cell Insertion and Logic Duplication ; Routability optimization               ;           ;                ; Lab4_NIOSV_FreeRTOS:niosv_freertos|niosv_timer_msip:timer_module|mtime[15]~DUPLICATE                                                                                                                                                                                                                                                                               ;                  ;                       ;
; Lab4_NIOSV_FreeRTOS:niosv_freertos|niosv_timer_msip:timer_module|mtime[17]                                                                                                                                                                                                                                                                               ; Duplicated      ; Router Logic Cell Insertion and Logic Duplication ; Routability optimization               ;           ;                ; Lab4_NIOSV_FreeRTOS:niosv_freertos|niosv_timer_msip:timer_module|mtime[17]~DUPLICATE                                                                                                                                                                                                                                                                               ;                  ;                       ;
; Lab4_NIOSV_FreeRTOS:niosv_freertos|niosv_timer_msip:timer_module|mtime[18]                                                                                                                                                                                                                                                                               ; Duplicated      ; Router Logic Cell Insertion and Logic Duplication ; Routability optimization               ;           ;                ; Lab4_NIOSV_FreeRTOS:niosv_freertos|niosv_timer_msip:timer_module|mtime[18]~DUPLICATE                                                                                                                                                                                                                                                                               ;                  ;                       ;
; Lab4_NIOSV_FreeRTOS:niosv_freertos|niosv_timer_msip:timer_module|mtime[20]                                                                                                                                                                                                                                                                               ; Duplicated      ; Router Logic Cell Insertion and Logic Duplication ; Routability optimization               ;           ;                ; Lab4_NIOSV_FreeRTOS:niosv_freertos|niosv_timer_msip:timer_module|mtime[20]~DUPLICATE                                                                                                                                                                                                                                                                               ;                  ;                       ;
; Lab4_NIOSV_FreeRTOS:niosv_freertos|niosv_timer_msip:timer_module|mtime[24]                                                                                                                                                                                                                                                                               ; Duplicated      ; Router Logic Cell Insertion and Logic Duplication ; Routability optimization               ;           ;                ; Lab4_NIOSV_FreeRTOS:niosv_freertos|niosv_timer_msip:timer_module|mtime[24]~DUPLICATE                                                                                                                                                                                                                                                                               ;                  ;                       ;
; Lab4_NIOSV_FreeRTOS:niosv_freertos|niosv_timer_msip:timer_module|mtime[26]                                                                                                                                                                                                                                                                               ; Duplicated      ; Router Logic Cell Insertion and Logic Duplication ; Routability optimization               ;           ;                ; Lab4_NIOSV_FreeRTOS:niosv_freertos|niosv_timer_msip:timer_module|mtime[26]~DUPLICATE                                                                                                                                                                                                                                                                               ;                  ;                       ;
; Lab4_NIOSV_FreeRTOS:niosv_freertos|niosv_timer_msip:timer_module|mtime[28]                                                                                                                                                                                                                                                                               ; Duplicated      ; Router Logic Cell Insertion and Logic Duplication ; Routability optimization               ;           ;                ; Lab4_NIOSV_FreeRTOS:niosv_freertos|niosv_timer_msip:timer_module|mtime[28]~DUPLICATE                                                                                                                                                                                                                                                                               ;                  ;                       ;
; Lab4_NIOSV_FreeRTOS:niosv_freertos|niosv_timer_msip:timer_module|mtime[32]                                                                                                                                                                                                                                                                               ; Duplicated      ; Router Logic Cell Insertion and Logic Duplication ; Routability optimization               ;           ;                ; Lab4_NIOSV_FreeRTOS:niosv_freertos|niosv_timer_msip:timer_module|mtime[32]~DUPLICATE                                                                                                                                                                                                                                                                               ;                  ;                       ;
; Lab4_NIOSV_FreeRTOS:niosv_freertos|niosv_timer_msip:timer_module|mtime[33]                                                                                                                                                                                                                                                                               ; Duplicated      ; Router Logic Cell Insertion and Logic Duplication ; Routability optimization               ;           ;                ; Lab4_NIOSV_FreeRTOS:niosv_freertos|niosv_timer_msip:timer_module|mtime[33]~DUPLICATE                                                                                                                                                                                                                                                                               ;                  ;                       ;
; Lab4_NIOSV_FreeRTOS:niosv_freertos|niosv_timer_msip:timer_module|mtime[34]                                                                                                                                                                                                                                                                               ; Duplicated      ; Router Logic Cell Insertion and Logic Duplication ; Routability optimization               ;           ;                ; Lab4_NIOSV_FreeRTOS:niosv_freertos|niosv_timer_msip:timer_module|mtime[34]~DUPLICATE                                                                                                                                                                                                                                                                               ;                  ;                       ;
; Lab4_NIOSV_FreeRTOS:niosv_freertos|niosv_timer_msip:timer_module|mtime[41]                                                                                                                                                                                                                                                                               ; Duplicated      ; Router Logic Cell Insertion and Logic Duplication ; Routability optimization               ;           ;                ; Lab4_NIOSV_FreeRTOS:niosv_freertos|niosv_timer_msip:timer_module|mtime[41]~DUPLICATE                                                                                                                                                                                                                                                                               ;                  ;                       ;
; Lab4_NIOSV_FreeRTOS:niosv_freertos|niosv_timer_msip:timer_module|mtime[43]                                                                                                                                                                                                                                                                               ; Duplicated      ; Router Logic Cell Insertion and Logic Duplication ; Routability optimization               ;           ;                ; Lab4_NIOSV_FreeRTOS:niosv_freertos|niosv_timer_msip:timer_module|mtime[43]~DUPLICATE                                                                                                                                                                                                                                                                               ;                  ;                       ;
; Lab4_NIOSV_FreeRTOS:niosv_freertos|niosv_timer_msip:timer_module|mtime[50]                                                                                                                                                                                                                                                                               ; Duplicated      ; Router Logic Cell Insertion and Logic Duplication ; Routability optimization               ;           ;                ; Lab4_NIOSV_FreeRTOS:niosv_freertos|niosv_timer_msip:timer_module|mtime[50]~DUPLICATE                                                                                                                                                                                                                                                                               ;                  ;                       ;
; Lab4_NIOSV_FreeRTOS:niosv_freertos|niosv_timer_msip:timer_module|mtime[51]                                                                                                                                                                                                                                                                               ; Duplicated      ; Router Logic Cell Insertion and Logic Duplication ; Routability optimization               ;           ;                ; Lab4_NIOSV_FreeRTOS:niosv_freertos|niosv_timer_msip:timer_module|mtime[51]~DUPLICATE                                                                                                                                                                                                                                                                               ;                  ;                       ;
; Lab4_NIOSV_FreeRTOS:niosv_freertos|niosv_timer_msip:timer_module|mtime[52]                                                                                                                                                                                                                                                                               ; Duplicated      ; Router Logic Cell Insertion and Logic Duplication ; Routability optimization               ;           ;                ; Lab4_NIOSV_FreeRTOS:niosv_freertos|niosv_timer_msip:timer_module|mtime[52]~DUPLICATE                                                                                                                                                                                                                                                                               ;                  ;                       ;
; Lab4_NIOSV_FreeRTOS:niosv_freertos|niosv_timer_msip:timer_module|mtime[56]                                                                                                                                                                                                                                                                               ; Duplicated      ; Router Logic Cell Insertion and Logic Duplication ; Routability optimization               ;           ;                ; Lab4_NIOSV_FreeRTOS:niosv_freertos|niosv_timer_msip:timer_module|mtime[56]~DUPLICATE                                                                                                                                                                                                                                                                               ;                  ;                       ;
; Lab4_NIOSV_FreeRTOS:niosv_freertos|niosv_timer_msip:timer_module|mtime[57]                                                                                                                                                                                                                                                                               ; Duplicated      ; Router Logic Cell Insertion and Logic Duplication ; Routability optimization               ;           ;                ; Lab4_NIOSV_FreeRTOS:niosv_freertos|niosv_timer_msip:timer_module|mtime[57]~DUPLICATE                                                                                                                                                                                                                                                                               ;                  ;                       ;
; Lab4_NIOSV_FreeRTOS:niosv_freertos|niosv_timer_msip:timer_module|mtime[60]                                                                                                                                                                                                                                                                               ; Duplicated      ; Router Logic Cell Insertion and Logic Duplication ; Routability optimization               ;           ;                ; Lab4_NIOSV_FreeRTOS:niosv_freertos|niosv_timer_msip:timer_module|mtime[60]~DUPLICATE                                                                                                                                                                                                                                                                               ;                  ;                       ;
; Lab4_NIOSV_FreeRTOS:niosv_freertos|niosv_timer_msip:timer_module|mtime[61]                                                                                                                                                                                                                                                                               ; Duplicated      ; Router Logic Cell Insertion and Logic Duplication ; Routability optimization               ;           ;                ; Lab4_NIOSV_FreeRTOS:niosv_freertos|niosv_timer_msip:timer_module|mtime[61]~DUPLICATE                                                                                                                                                                                                                                                                               ;                  ;                       ;
; Lab4_NIOSV_FreeRTOS:niosv_freertos|niosv_timer_msip:timer_module|mtime[63]                                                                                                                                                                                                                                                                               ; Duplicated      ; Router Logic Cell Insertion and Logic Duplication ; Routability optimization               ;           ;                ; Lab4_NIOSV_FreeRTOS:niosv_freertos|niosv_timer_msip:timer_module|mtime[63]~DUPLICATE                                                                                                                                                                                                                                                                               ;                  ;                       ;
; Lab4_NIOSV_FreeRTOS:niosv_freertos|niosv_timer_msip:timer_module|mtimecmp[0]                                                                                                                                                                                                                                                                             ; Duplicated      ; Router Logic Cell Insertion and Logic Duplication ; Routability optimization               ;           ;                ; Lab4_NIOSV_FreeRTOS:niosv_freertos|niosv_timer_msip:timer_module|mtimecmp[0]~DUPLICATE                                                                                                                                                                                                                                                                             ;                  ;                       ;
; Lab4_NIOSV_FreeRTOS:niosv_freertos|niosv_timer_msip:timer_module|mtimecmp[8]                                                                                                                                                                                                                                                                             ; Duplicated      ; Router Logic Cell Insertion and Logic Duplication ; Routability optimization               ;           ;                ; Lab4_NIOSV_FreeRTOS:niosv_freertos|niosv_timer_msip:timer_module|mtimecmp[8]~DUPLICATE                                                                                                                                                                                                                                                                             ;                  ;                       ;
; Lab4_NIOSV_FreeRTOS:niosv_freertos|niosv_timer_msip:timer_module|mtimecmp[15]                                                                                                                                                                                                                                                                            ; Duplicated      ; Router Logic Cell Insertion and Logic Duplication ; Routability optimization               ;           ;                ; Lab4_NIOSV_FreeRTOS:niosv_freertos|niosv_timer_msip:timer_module|mtimecmp[15]~DUPLICATE                                                                                                                                                                                                                                                                            ;                  ;                       ;
; Lab4_NIOSV_FreeRTOS:niosv_freertos|niosv_timer_msip:timer_module|mtimecmp[17]                                                                                                                                                                                                                                                                            ; Duplicated      ; Router Logic Cell Insertion and Logic Duplication ; Routability optimization               ;           ;                ; Lab4_NIOSV_FreeRTOS:niosv_freertos|niosv_timer_msip:timer_module|mtimecmp[17]~DUPLICATE                                                                                                                                                                                                                                                                            ;                  ;                       ;
; Lab4_NIOSV_FreeRTOS:niosv_freertos|niosv_timer_msip:timer_module|mtimecmp[21]                                                                                                                                                                                                                                                                            ; Duplicated      ; Router Logic Cell Insertion and Logic Duplication ; Routability optimization               ;           ;                ; Lab4_NIOSV_FreeRTOS:niosv_freertos|niosv_timer_msip:timer_module|mtimecmp[21]~DUPLICATE                                                                                                                                                                                                                                                                            ;                  ;                       ;
; Lab4_NIOSV_FreeRTOS:niosv_freertos|niosv_timer_msip:timer_module|mtimecmp[25]                                                                                                                                                                                                                                                                            ; Duplicated      ; Router Logic Cell Insertion and Logic Duplication ; Routability optimization               ;           ;                ; Lab4_NIOSV_FreeRTOS:niosv_freertos|niosv_timer_msip:timer_module|mtimecmp[25]~DUPLICATE                                                                                                                                                                                                                                                                            ;                  ;                       ;
; Lab4_NIOSV_FreeRTOS:niosv_freertos|niosv_timer_msip:timer_module|mtimecmp[26]                                                                                                                                                                                                                                                                            ; Duplicated      ; Router Logic Cell Insertion and Logic Duplication ; Routability optimization               ;           ;                ; Lab4_NIOSV_FreeRTOS:niosv_freertos|niosv_timer_msip:timer_module|mtimecmp[26]~DUPLICATE                                                                                                                                                                                                                                                                            ;                  ;                       ;
; Lab4_SDRAM:sdram|active_addr[18]                                                                                                                                                                                                                                                                                                                         ; Duplicated      ; Router Logic Cell Insertion and Logic Duplication ; Routability optimization               ;           ;                ; Lab4_SDRAM:sdram|active_addr[18]~DUPLICATE                                                                                                                                                                                                                                                                                                                         ;                  ;                       ;
; Lab4_SDRAM:sdram|active_addr[23]                                                                                                                                                                                                                                                                                                                         ; Duplicated      ; Router Logic Cell Insertion and Logic Duplication ; Routability optimization               ;           ;                ; Lab4_SDRAM:sdram|active_addr[23]~DUPLICATE                                                                                                                                                                                                                                                                                                                         ;                  ;                       ;
; Lab4_SDRAM:sdram|m_count[1]                                                                                                                                                                                                                                                                                                                              ; Duplicated      ; Router Logic Cell Insertion and Logic Duplication ; Routability optimization               ;           ;                ; Lab4_SDRAM:sdram|m_count[1]~DUPLICATE                                                                                                                                                                                                                                                                                                                              ;                  ;                       ;
; Lab4_SDRAM:sdram|m_state.001000000                                                                                                                                                                                                                                                                                                                       ; Duplicated      ; Router Logic Cell Insertion and Logic Duplication ; Routability optimization               ;           ;                ; Lab4_SDRAM:sdram|m_state.001000000~DUPLICATE                                                                                                                                                                                                                                                                                                                       ;                  ;                       ;
; Lab4_SDRAM:sdram|refresh_counter[6]                                                                                                                                                                                                                                                                                                                      ; Duplicated      ; Router Logic Cell Insertion and Logic Duplication ; Routability optimization               ;           ;                ; Lab4_SDRAM:sdram|refresh_counter[6]~DUPLICATE                                                                                                                                                                                                                                                                                                                      ;                  ;                       ;
; Lab4_SDRAM:sdram|refresh_counter[12]                                                                                                                                                                                                                                                                                                                     ; Duplicated      ; Router Logic Cell Insertion and Logic Duplication ; Routability optimization               ;           ;                ; Lab4_SDRAM:sdram|refresh_counter[12]~DUPLICATE                                                                                                                                                                                                                                                                                                                     ;                  ;                       ;
; Lab4_mm_interconnect_0:mm_interconnect_0|Lab4_mm_interconnect_0_cmd_mux:cmd_mux_003|altera_merlin_arbitrator:arb|top_priority_reg[0]                                                                                                                                                                                                                     ; Duplicated      ; Router Logic Cell Insertion and Logic Duplication ; Routability optimization               ;           ;                ; Lab4_mm_interconnect_0:mm_interconnect_0|Lab4_mm_interconnect_0_cmd_mux:cmd_mux_003|altera_merlin_arbitrator:arb|top_priority_reg[0]~DUPLICATE                                                                                                                                                                                                                     ;                  ;                       ;
; Lab4_mm_interconnect_0:mm_interconnect_0|Lab4_mm_interconnect_0_cmd_mux_001:cmd_mux_001|altera_merlin_arbitrator:arb|top_priority_reg[0]                                                                                                                                                                                                                 ; Duplicated      ; Router Logic Cell Insertion and Logic Duplication ; Routability optimization               ;           ;                ; Lab4_mm_interconnect_0:mm_interconnect_0|Lab4_mm_interconnect_0_cmd_mux_001:cmd_mux_001|altera_merlin_arbitrator:arb|top_priority_reg[0]~DUPLICATE                                                                                                                                                                                                                 ;                  ;                       ;
; Lab4_mm_interconnect_0:mm_interconnect_0|altera_avalon_sc_fifo:leds_s1_agent_rdata_fifo|mem_used[1]                                                                                                                                                                                                                                                      ; Duplicated      ; Router Logic Cell Insertion and Logic Duplication ; Routability optimization               ;           ;                ; Lab4_mm_interconnect_0:mm_interconnect_0|altera_avalon_sc_fifo:leds_s1_agent_rdata_fifo|mem_used[1]~DUPLICATE                                                                                                                                                                                                                                                      ;                  ;                       ;
; Lab4_mm_interconnect_0:mm_interconnect_0|altera_avalon_sc_fifo:leds_s1_agent_rsp_fifo|mem[0][106]                                                                                                                                                                                                                                                        ; Duplicated      ; Router Logic Cell Insertion and Logic Duplication ; Routability optimization               ;           ;                ; Lab4_mm_interconnect_0:mm_interconnect_0|altera_avalon_sc_fifo:leds_s1_agent_rsp_fifo|mem[0][106]~DUPLICATE                                                                                                                                                                                                                                                        ;                  ;                       ;
; Lab4_mm_interconnect_0:mm_interconnect_0|altera_avalon_sc_fifo:niosv_freertos_dm_agent_agent_rdata_fifo|mem[0][15]                                                                                                                                                                                                                                       ; Duplicated      ; Router Logic Cell Insertion and Logic Duplication ; Routability optimization               ;           ;                ; Lab4_mm_interconnect_0:mm_interconnect_0|altera_avalon_sc_fifo:niosv_freertos_dm_agent_agent_rdata_fifo|mem[0][15]~DUPLICATE                                                                                                                                                                                                                                       ;                  ;                       ;
; Lab4_mm_interconnect_0:mm_interconnect_0|altera_avalon_sc_fifo:niosv_freertos_dm_agent_agent_rdata_fifo|mem[0][31]                                                                                                                                                                                                                                       ; Duplicated      ; Router Logic Cell Insertion and Logic Duplication ; Routability optimization               ;           ;                ; Lab4_mm_interconnect_0:mm_interconnect_0|altera_avalon_sc_fifo:niosv_freertos_dm_agent_agent_rdata_fifo|mem[0][31]~DUPLICATE                                                                                                                                                                                                                                       ;                  ;                       ;
; Lab4_mm_interconnect_0:mm_interconnect_0|altera_avalon_sc_fifo:niosv_freertos_dm_agent_agent_rsp_fifo|mem[0][70]                                                                                                                                                                                                                                         ; Duplicated      ; Router Logic Cell Insertion and Logic Duplication ; Routability optimization               ;           ;                ; Lab4_mm_interconnect_0:mm_interconnect_0|altera_avalon_sc_fifo:niosv_freertos_dm_agent_agent_rsp_fifo|mem[0][70]~DUPLICATE                                                                                                                                                                                                                                         ;                  ;                       ;
; Lab4_mm_interconnect_0:mm_interconnect_0|altera_avalon_sc_fifo:niosv_freertos_dm_agent_agent_rsp_fifo|mem[0][71]                                                                                                                                                                                                                                         ; Duplicated      ; Router Logic Cell Insertion and Logic Duplication ; Routability optimization               ;           ;                ; Lab4_mm_interconnect_0:mm_interconnect_0|altera_avalon_sc_fifo:niosv_freertos_dm_agent_agent_rsp_fifo|mem[0][71]~DUPLICATE                                                                                                                                                                                                                                         ;                  ;                       ;
; Lab4_mm_interconnect_0:mm_interconnect_0|altera_avalon_sc_fifo:sdram_s1_agent_rdata_fifo|internal_out_valid                                                                                                                                                                                                                                              ; Duplicated      ; Router Logic Cell Insertion and Logic Duplication ; Routability optimization               ;           ;                ; Lab4_mm_interconnect_0:mm_interconnect_0|altera_avalon_sc_fifo:sdram_s1_agent_rdata_fifo|internal_out_valid~DUPLICATE                                                                                                                                                                                                                                              ;                  ;                       ;
; Lab4_mm_interconnect_0:mm_interconnect_0|altera_avalon_sc_fifo:sdram_s1_agent_rsp_fifo|mem[0][89]                                                                                                                                                                                                                                                        ; Duplicated      ; Router Logic Cell Insertion and Logic Duplication ; Routability optimization               ;           ;                ; Lab4_mm_interconnect_0:mm_interconnect_0|altera_avalon_sc_fifo:sdram_s1_agent_rsp_fifo|mem[0][89]~DUPLICATE                                                                                                                                                                                                                                                        ;                  ;                       ;
; Lab4_mm_interconnect_0:mm_interconnect_0|altera_avalon_sc_fifo:sdram_s1_agent_rsp_fifo|mem_used[0]                                                                                                                                                                                                                                                       ; Duplicated      ; Router Logic Cell Insertion and Logic Duplication ; Routability optimization               ;           ;                ; Lab4_mm_interconnect_0:mm_interconnect_0|altera_avalon_sc_fifo:sdram_s1_agent_rsp_fifo|mem_used[0]~DUPLICATE                                                                                                                                                                                                                                                       ;                  ;                       ;
; Lab4_mm_interconnect_0:mm_interconnect_0|altera_merlin_slave_translator:buttons_s1_translator|read_latency_shift_reg[0]                                                                                                                                                                                                                                  ; Duplicated      ; Router Logic Cell Insertion and Logic Duplication ; Routability optimization               ;           ;                ; Lab4_mm_interconnect_0:mm_interconnect_0|altera_merlin_slave_translator:buttons_s1_translator|read_latency_shift_reg[0]~DUPLICATE                                                                                                                                                                                                                                  ;                  ;                       ;
; Lab4_mm_interconnect_0:mm_interconnect_0|altera_merlin_width_adapter:sdram_s1_cmd_width_adapter|address_reg[0]                                                                                                                                                                                                                                           ; Duplicated      ; Router Logic Cell Insertion and Logic Duplication ; Routability optimization               ;           ;                ; Lab4_mm_interconnect_0:mm_interconnect_0|altera_merlin_width_adapter:sdram_s1_cmd_width_adapter|address_reg[0]~DUPLICATE                                                                                                                                                                                                                                           ;                  ;                       ;
; Lab4_mm_interconnect_0:mm_interconnect_0|altera_merlin_width_adapter:sdram_s1_cmd_width_adapter|address_reg[1]                                                                                                                                                                                                                                           ; Duplicated      ; Router Logic Cell Insertion and Logic Duplication ; Routability optimization               ;           ;                ; Lab4_mm_interconnect_0:mm_interconnect_0|altera_merlin_width_adapter:sdram_s1_cmd_width_adapter|address_reg[1]~DUPLICATE                                                                                                                                                                                                                                           ;                  ;                       ;
; Lab4_mm_interconnect_0:mm_interconnect_0|altera_merlin_width_adapter:sdram_s1_cmd_width_adapter|address_reg[10]                                                                                                                                                                                                                                          ; Duplicated      ; Router Logic Cell Insertion and Logic Duplication ; Routability optimization               ;           ;                ; Lab4_mm_interconnect_0:mm_interconnect_0|altera_merlin_width_adapter:sdram_s1_cmd_width_adapter|address_reg[10]~DUPLICATE                                                                                                                                                                                                                                          ;                  ;                       ;
; Lab4_mm_interconnect_0:mm_interconnect_0|altera_merlin_width_adapter:sdram_s1_cmd_width_adapter|address_reg[11]                                                                                                                                                                                                                                          ; Duplicated      ; Router Logic Cell Insertion and Logic Duplication ; Routability optimization               ;           ;                ; Lab4_mm_interconnect_0:mm_interconnect_0|altera_merlin_width_adapter:sdram_s1_cmd_width_adapter|address_reg[11]~DUPLICATE                                                                                                                                                                                                                                          ;                  ;                       ;
; Lab4_mm_interconnect_0:mm_interconnect_0|altera_merlin_width_adapter:sdram_s1_cmd_width_adapter|address_reg[13]                                                                                                                                                                                                                                          ; Duplicated      ; Router Logic Cell Insertion and Logic Duplication ; Routability optimization               ;           ;                ; Lab4_mm_interconnect_0:mm_interconnect_0|altera_merlin_width_adapter:sdram_s1_cmd_width_adapter|address_reg[13]~DUPLICATE                                                                                                                                                                                                                                          ;                  ;                       ;
; Lab4_mm_interconnect_0:mm_interconnect_0|altera_merlin_width_adapter:sdram_s1_cmd_width_adapter|address_reg[15]                                                                                                                                                                                                                                          ; Duplicated      ; Router Logic Cell Insertion and Logic Duplication ; Routability optimization               ;           ;                ; Lab4_mm_interconnect_0:mm_interconnect_0|altera_merlin_width_adapter:sdram_s1_cmd_width_adapter|address_reg[15]~DUPLICATE                                                                                                                                                                                                                                          ;                  ;                       ;
; Lab4_mm_interconnect_0:mm_interconnect_0|altera_merlin_width_adapter:sdram_s1_cmd_width_adapter|address_reg[16]                                                                                                                                                                                                                                          ; Duplicated      ; Router Logic Cell Insertion and Logic Duplication ; Routability optimization               ;           ;                ; Lab4_mm_interconnect_0:mm_interconnect_0|altera_merlin_width_adapter:sdram_s1_cmd_width_adapter|address_reg[16]~DUPLICATE                                                                                                                                                                                                                                          ;                  ;                       ;
; Lab4_mm_interconnect_0:mm_interconnect_0|altera_merlin_width_adapter:sdram_s1_cmd_width_adapter|address_reg[18]                                                                                                                                                                                                                                          ; Duplicated      ; Router Logic Cell Insertion and Logic Duplication ; Routability optimization               ;           ;                ; Lab4_mm_interconnect_0:mm_interconnect_0|altera_merlin_width_adapter:sdram_s1_cmd_width_adapter|address_reg[18]~DUPLICATE                                                                                                                                                                                                                                          ;                  ;                       ;
; Lab4_mm_interconnect_0:mm_interconnect_0|altera_merlin_width_adapter:sdram_s1_cmd_width_adapter|address_reg[22]                                                                                                                                                                                                                                          ; Duplicated      ; Router Logic Cell Insertion and Logic Duplication ; Routability optimization               ;           ;                ; Lab4_mm_interconnect_0:mm_interconnect_0|altera_merlin_width_adapter:sdram_s1_cmd_width_adapter|address_reg[22]~DUPLICATE                                                                                                                                                                                                                                          ;                  ;                       ;
; sld_hub:auto_hub|alt_sld_fab_with_jtag_input:\instrumentation_fabric_with_node_gen:fabric_gen_new_way:with_jtag_input_gen:instrumentation_fabric|alt_sld_fab:instrumentation_fabric|alt_sld_fab_alt_sld_fab:alt_sld_fab|alt_sld_fab_alt_sld_fab_sldfabric:sldfabric|sld_jtag_hub:\jtag_hub_gen:real_sld_jtag_hub|hub_mode_reg[2]                         ; Duplicated      ; Router Logic Cell Insertion and Logic Duplication ; Routability optimization               ;           ;                ; sld_hub:auto_hub|alt_sld_fab_with_jtag_input:\instrumentation_fabric_with_node_gen:fabric_gen_new_way:with_jtag_input_gen:instrumentation_fabric|alt_sld_fab:instrumentation_fabric|alt_sld_fab_alt_sld_fab:alt_sld_fab|alt_sld_fab_alt_sld_fab_sldfabric:sldfabric|sld_jtag_hub:\jtag_hub_gen:real_sld_jtag_hub|hub_mode_reg[2]~DUPLICATE                         ;                  ;                       ;
; sld_hub:auto_hub|alt_sld_fab_with_jtag_input:\instrumentation_fabric_with_node_gen:fabric_gen_new_way:with_jtag_input_gen:instrumentation_fabric|alt_sld_fab:instrumentation_fabric|alt_sld_fab_alt_sld_fab:alt_sld_fab|alt_sld_fab_alt_sld_fab_sldfabric:sldfabric|sld_jtag_hub:\jtag_hub_gen:real_sld_jtag_hub|irsr_reg[0]                             ; Duplicated      ; Router Logic Cell Insertion and Logic Duplication ; Routability optimization               ;           ;                ; sld_hub:auto_hub|alt_sld_fab_with_jtag_input:\instrumentation_fabric_with_node_gen:fabric_gen_new_way:with_jtag_input_gen:instrumentation_fabric|alt_sld_fab:instrumentation_fabric|alt_sld_fab_alt_sld_fab:alt_sld_fab|alt_sld_fab_alt_sld_fab_sldfabric:sldfabric|sld_jtag_hub:\jtag_hub_gen:real_sld_jtag_hub|irsr_reg[0]~DUPLICATE                             ;                  ;                       ;
; sld_hub:auto_hub|alt_sld_fab_with_jtag_input:\instrumentation_fabric_with_node_gen:fabric_gen_new_way:with_jtag_input_gen:instrumentation_fabric|alt_sld_fab:instrumentation_fabric|alt_sld_fab_alt_sld_fab:alt_sld_fab|alt_sld_fab_alt_sld_fab_sldfabric:sldfabric|sld_jtag_hub:\jtag_hub_gen:real_sld_jtag_hub|irsr_reg[5]                             ; Duplicated      ; Router Logic Cell Insertion and Logic Duplication ; Routability optimization               ;           ;                ; sld_hub:auto_hub|alt_sld_fab_with_jtag_input:\instrumentation_fabric_with_node_gen:fabric_gen_new_way:with_jtag_input_gen:instrumentation_fabric|alt_sld_fab:instrumentation_fabric|alt_sld_fab_alt_sld_fab:alt_sld_fab|alt_sld_fab_alt_sld_fab_sldfabric:sldfabric|sld_jtag_hub:\jtag_hub_gen:real_sld_jtag_hub|irsr_reg[5]~DUPLICATE                             ;                  ;                       ;
; sld_hub:auto_hub|alt_sld_fab_with_jtag_input:\instrumentation_fabric_with_node_gen:fabric_gen_new_way:with_jtag_input_gen:instrumentation_fabric|alt_sld_fab:instrumentation_fabric|alt_sld_fab_alt_sld_fab:alt_sld_fab|alt_sld_fab_alt_sld_fab_sldfabric:sldfabric|sld_jtag_hub:\jtag_hub_gen:real_sld_jtag_hub|jtag_ir_reg[1]                          ; Duplicated      ; Router Logic Cell Insertion and Logic Duplication ; Routability optimization               ;           ;                ; sld_hub:auto_hub|alt_sld_fab_with_jtag_input:\instrumentation_fabric_with_node_gen:fabric_gen_new_way:with_jtag_input_gen:instrumentation_fabric|alt_sld_fab:instrumentation_fabric|alt_sld_fab_alt_sld_fab:alt_sld_fab|alt_sld_fab_alt_sld_fab_sldfabric:sldfabric|sld_jtag_hub:\jtag_hub_gen:real_sld_jtag_hub|jtag_ir_reg[1]~DUPLICATE                          ;                  ;                       ;
; sld_hub:auto_hub|alt_sld_fab_with_jtag_input:\instrumentation_fabric_with_node_gen:fabric_gen_new_way:with_jtag_input_gen:instrumentation_fabric|alt_sld_fab:instrumentation_fabric|alt_sld_fab_alt_sld_fab:alt_sld_fab|alt_sld_fab_alt_sld_fab_sldfabric:sldfabric|sld_jtag_hub:\jtag_hub_gen:real_sld_jtag_hub|sld_rom_sr:hub_info_reg|word_counter[1] ; Duplicated      ; Router Logic Cell Insertion and Logic Duplication ; Routability optimization               ;           ;                ; sld_hub:auto_hub|alt_sld_fab_with_jtag_input:\instrumentation_fabric_with_node_gen:fabric_gen_new_way:with_jtag_input_gen:instrumentation_fabric|alt_sld_fab:instrumentation_fabric|alt_sld_fab_alt_sld_fab:alt_sld_fab|alt_sld_fab_alt_sld_fab_sldfabric:sldfabric|sld_jtag_hub:\jtag_hub_gen:real_sld_jtag_hub|sld_rom_sr:hub_info_reg|word_counter[1]~DUPLICATE ;                  ;                       ;
+----------------------------------------------------------------------------------------------------------------------------------------------------------------------------------------------------------------------------------------------------------------------------------------------------------------------------------------------------------+-----------------+---------------------------------------------------+----------------------------------------+-----------+----------------+--------------------------------------------------------------------------------------------------------------------------------------------------------------------------------------------------------------------------------------------------------------------------------------------------------------------------------------------------------------------+------------------+-----------------------+


+-----------------------------------------------------------------------------------------------------------------------------+
; Ignored Assignments                                                                                                         ;
+-----------------------------+----------------+--------------+------------------+---------------+----------------------------+
; Name                        ; Ignored Entity ; Ignored From ; Ignored To       ; Ignored Value ; Ignored Source             ;
+-----------------------------+----------------+--------------+------------------+---------------+----------------------------+
; Fast Input Register         ; Lab4_SDRAM     ;              ; za_data[0]~reg0  ; ON            ; Compiler or HDL Assignment ;
; Fast Input Register         ; Lab4_SDRAM     ;              ; za_data[10]~reg0 ; ON            ; Compiler or HDL Assignment ;
; Fast Input Register         ; Lab4_SDRAM     ;              ; za_data[11]~reg0 ; ON            ; Compiler or HDL Assignment ;
; Fast Input Register         ; Lab4_SDRAM     ;              ; za_data[12]~reg0 ; ON            ; Compiler or HDL Assignment ;
; Fast Input Register         ; Lab4_SDRAM     ;              ; za_data[13]~reg0 ; ON            ; Compiler or HDL Assignment ;
; Fast Input Register         ; Lab4_SDRAM     ;              ; za_data[14]~reg0 ; ON            ; Compiler or HDL Assignment ;
; Fast Input Register         ; Lab4_SDRAM     ;              ; za_data[15]~reg0 ; ON            ; Compiler or HDL Assignment ;
; Fast Input Register         ; Lab4_SDRAM     ;              ; za_data[1]~reg0  ; ON            ; Compiler or HDL Assignment ;
; Fast Input Register         ; Lab4_SDRAM     ;              ; za_data[2]~reg0  ; ON            ; Compiler or HDL Assignment ;
; Fast Input Register         ; Lab4_SDRAM     ;              ; za_data[3]~reg0  ; ON            ; Compiler or HDL Assignment ;
; Fast Input Register         ; Lab4_SDRAM     ;              ; za_data[4]~reg0  ; ON            ; Compiler or HDL Assignment ;
; Fast Input Register         ; Lab4_SDRAM     ;              ; za_data[5]~reg0  ; ON            ; Compiler or HDL Assignment ;
; Fast Input Register         ; Lab4_SDRAM     ;              ; za_data[6]~reg0  ; ON            ; Compiler or HDL Assignment ;
; Fast Input Register         ; Lab4_SDRAM     ;              ; za_data[7]~reg0  ; ON            ; Compiler or HDL Assignment ;
; Fast Input Register         ; Lab4_SDRAM     ;              ; za_data[8]~reg0  ; ON            ; Compiler or HDL Assignment ;
; Fast Input Register         ; Lab4_SDRAM     ;              ; za_data[9]~reg0  ; ON            ; Compiler or HDL Assignment ;
; Fast Output Enable Register ; Lab4_SDRAM     ;              ; m_data[0]        ; ON            ; Compiler or HDL Assignment ;
; Fast Output Enable Register ; Lab4_SDRAM     ;              ; m_data[10]       ; ON            ; Compiler or HDL Assignment ;
; Fast Output Enable Register ; Lab4_SDRAM     ;              ; m_data[11]       ; ON            ; Compiler or HDL Assignment ;
; Fast Output Enable Register ; Lab4_SDRAM     ;              ; m_data[12]       ; ON            ; Compiler or HDL Assignment ;
; Fast Output Enable Register ; Lab4_SDRAM     ;              ; m_data[13]       ; ON            ; Compiler or HDL Assignment ;
; Fast Output Enable Register ; Lab4_SDRAM     ;              ; m_data[14]       ; ON            ; Compiler or HDL Assignment ;
; Fast Output Enable Register ; Lab4_SDRAM     ;              ; m_data[15]       ; ON            ; Compiler or HDL Assignment ;
; Fast Output Enable Register ; Lab4_SDRAM     ;              ; m_data[1]        ; ON            ; Compiler or HDL Assignment ;
; Fast Output Enable Register ; Lab4_SDRAM     ;              ; m_data[2]        ; ON            ; Compiler or HDL Assignment ;
; Fast Output Enable Register ; Lab4_SDRAM     ;              ; m_data[3]        ; ON            ; Compiler or HDL Assignment ;
; Fast Output Enable Register ; Lab4_SDRAM     ;              ; m_data[4]        ; ON            ; Compiler or HDL Assignment ;
; Fast Output Enable Register ; Lab4_SDRAM     ;              ; m_data[5]        ; ON            ; Compiler or HDL Assignment ;
; Fast Output Enable Register ; Lab4_SDRAM     ;              ; m_data[6]        ; ON            ; Compiler or HDL Assignment ;
; Fast Output Enable Register ; Lab4_SDRAM     ;              ; m_data[7]        ; ON            ; Compiler or HDL Assignment ;
; Fast Output Enable Register ; Lab4_SDRAM     ;              ; m_data[8]        ; ON            ; Compiler or HDL Assignment ;
; Fast Output Enable Register ; Lab4_SDRAM     ;              ; m_data[9]        ; ON            ; Compiler or HDL Assignment ;
+-----------------------------+----------------+--------------+------------------+---------------+----------------------------+


+---------------------------------------------------------------------------------------------------+
; Incremental Compilation Preservation Summary                                                      ;
+---------------------+---------------------+----------------------------+--------------------------+
; Type                ; Total [A + B]       ; From Design Partitions [A] ; From Rapid Recompile [B] ;
+---------------------+---------------------+----------------------------+--------------------------+
; Placement (by node) ;                     ;                            ;                          ;
;     -- Requested    ; 0.00 % ( 0 / 7517 ) ; 0.00 % ( 0 / 7517 )        ; 0.00 % ( 0 / 7517 )      ;
;     -- Achieved     ; 0.00 % ( 0 / 7517 ) ; 0.00 % ( 0 / 7517 )        ; 0.00 % ( 0 / 7517 )      ;
;                     ;                     ;                            ;                          ;
; Routing (by net)    ;                     ;                            ;                          ;
;     -- Requested    ; 0.00 % ( 0 / 0 )    ; 0.00 % ( 0 / 0 )           ; 0.00 % ( 0 / 0 )         ;
;     -- Achieved     ; 0.00 % ( 0 / 0 )    ; 0.00 % ( 0 / 0 )           ; 0.00 % ( 0 / 0 )         ;
+---------------------+---------------------+----------------------------+--------------------------+


+----------------------------------------------------------------------------------------------------------------------------------------------------------------------------------------+
; Incremental Compilation Partition Settings                                                                                                                                             ;
+--------------------------------+----------------+-------------------+-------------------------+------------------------+------------------------------+--------------------------------+
; Partition Name                 ; Partition Type ; Netlist Type Used ; Preservation Level Used ; Netlist Type Requested ; Preservation Level Requested ; Contents                       ;
+--------------------------------+----------------+-------------------+-------------------------+------------------------+------------------------------+--------------------------------+
; Top                            ; User-created   ; Source File       ; N/A                     ; Source File            ; N/A                          ;                                ;
; sld_hub:auto_hub               ; Auto-generated ; Post-Synthesis    ; N/A                     ; Post-Synthesis         ; N/A                          ; sld_hub:auto_hub               ;
; hard_block:auto_generated_inst ; Auto-generated ; Source File       ; N/A                     ; Source File            ; N/A                          ; hard_block:auto_generated_inst ;
+--------------------------------+----------------+-------------------+-------------------------+------------------------+------------------------------+--------------------------------+


+------------------------------------------------------------------------------------------------------------------------------------+
; Incremental Compilation Placement Preservation                                                                                     ;
+--------------------------------+-----------------------+-------------------------+-------------------+---------------------+-------+
; Partition Name                 ; Preservation Achieved ; Preservation Level Used ; Netlist Type Used ; Preservation Method ; Notes ;
+--------------------------------+-----------------------+-------------------------+-------------------+---------------------+-------+
; Top                            ; 0.00 % ( 0 / 7284 )   ; N/A                     ; Source File       ; N/A                 ;       ;
; sld_hub:auto_hub               ; 0.00 % ( 0 / 213 )    ; N/A                     ; Post-Synthesis    ; N/A                 ;       ;
; hard_block:auto_generated_inst ; 0.00 % ( 0 / 20 )     ; N/A                     ; Source File       ; N/A                 ;       ;
+--------------------------------+-----------------------+-------------------------+-------------------+---------------------+-------+


+--------------+
; Pin-Out File ;
+--------------+
The pin-out file can be found in /home/cari/cst455_soc/Lab4/output_files/Lab4.pin.


+---------------------------------------------------------------------------------------------+
; Fitter Resource Usage Summary                                                               ;
+-------------------------------------------------------------+-----------------------+-------+
; Resource                                                    ; Usage                 ; %     ;
+-------------------------------------------------------------+-----------------------+-------+
; Logic utilization (ALMs needed / total ALMs on device)      ; 2,644 / 41,910        ; 6 %   ;
; ALMs needed [=A-B+C]                                        ; 2,644                 ;       ;
;     [A] ALMs used in final placement [=a+b+c+d]             ; 3,024 / 41,910        ; 7 %   ;
;         [a] ALMs used for LUT logic and registers           ; 1,008                 ;       ;
;         [b] ALMs used for LUT logic                         ; 1,339                 ;       ;
;         [c] ALMs used for registers                         ; 617                   ;       ;
;         [d] ALMs used for memory (up to half of total ALMs) ; 60                    ;       ;
;     [B] Estimate of ALMs recoverable by dense packing       ; 403 / 41,910          ; < 1 % ;
;     [C] Estimate of ALMs unavailable [=a+b+c+d]             ; 23 / 41,910           ; < 1 % ;
;         [a] Due to location constrained logic               ; 0                     ;       ;
;         [b] Due to LAB-wide signal conflicts                ; 0                     ;       ;
;         [c] Due to LAB input limits                         ; 23                    ;       ;
;         [d] Due to virtual I/Os                             ; 0                     ;       ;
;                                                             ;                       ;       ;
; Difficulty packing design                                   ; Low                   ;       ;
;                                                             ;                       ;       ;
; Total LABs:  partially or completely used                   ; 394 / 4,191           ; 9 %   ;
;     -- Logic LABs                                           ; 388                   ;       ;
;     -- Memory LABs (up to half of total LABs)               ; 6                     ;       ;
;                                                             ;                       ;       ;
; Combinational ALUT usage for logic                          ; 3,805                 ;       ;
;     -- 7 input functions                                    ; 40                    ;       ;
;     -- 6 input functions                                    ; 1,060                 ;       ;
;     -- 5 input functions                                    ; 645                   ;       ;
;     -- 4 input functions                                    ; 813                   ;       ;
;     -- <=3 input functions                                  ; 1,247                 ;       ;
; Combinational ALUT usage for route-throughs                 ; 699                   ;       ;
; Memory ALUT usage                                           ; 96                    ;       ;
;     -- 64-address deep                                      ; 0                     ;       ;
;     -- 32-address deep                                      ; 96                    ;       ;
;                                                             ;                       ;       ;
;                                                             ;                       ;       ;
; Dedicated logic registers                                   ; 3,493                 ;       ;
;     -- By type:                                             ;                       ;       ;
;         -- Primary logic registers                          ; 3,249 / 83,820        ; 4 %   ;
;         -- Secondary logic registers                        ; 244 / 83,820          ; < 1 % ;
;     -- By function:                                         ;                       ;       ;
;         -- Design implementation registers                  ; 3,326                 ;       ;
;         -- Routing optimization registers                   ; 167                   ;       ;
;                                                             ;                       ;       ;
; Virtual pins                                                ; 0                     ;       ;
; I/O pins                                                    ; 54 / 499              ; 11 %  ;
;     -- Clock pins                                           ; 1 / 11                ; 9 %   ;
;     -- Dedicated input pins                                 ; 3 / 39                ; 8 %   ;
; I/O registers                                               ; 69                    ;       ;
;                                                             ;                       ;       ;
; Hard processor system peripheral utilization                ;                       ;       ;
;     -- Boot from FPGA                                       ; 0 / 1 ( 0 % )         ;       ;
;     -- Clock resets                                         ; 0 / 1 ( 0 % )         ;       ;
;     -- Cross trigger                                        ; 0 / 1 ( 0 % )         ;       ;
;     -- S2F AXI                                              ; 0 / 1 ( 0 % )         ;       ;
;     -- F2S AXI                                              ; 0 / 1 ( 0 % )         ;       ;
;     -- AXI Lightweight                                      ; 0 / 1 ( 0 % )         ;       ;
;     -- SDRAM                                                ; 0 / 1 ( 0 % )         ;       ;
;     -- Interrupts                                           ; 0 / 1 ( 0 % )         ;       ;
;     -- JTAG                                                 ; 0 / 1 ( 0 % )         ;       ;
;     -- Loan I/O                                             ; 0 / 1 ( 0 % )         ;       ;
;     -- MPU event standby                                    ; 0 / 1 ( 0 % )         ;       ;
;     -- MPU general purpose                                  ; 0 / 1 ( 0 % )         ;       ;
;     -- STM event                                            ; 0 / 1 ( 0 % )         ;       ;
;     -- TPIU trace                                           ; 0 / 1 ( 0 % )         ;       ;
;     -- DMA                                                  ; 0 / 1 ( 0 % )         ;       ;
;     -- CAN                                                  ; 0 / 2 ( 0 % )         ;       ;
;     -- EMAC                                                 ; 0 / 2 ( 0 % )         ;       ;
;     -- I2C                                                  ; 0 / 4 ( 0 % )         ;       ;
;     -- NAND Flash                                           ; 0 / 1 ( 0 % )         ;       ;
;     -- QSPI                                                 ; 0 / 1 ( 0 % )         ;       ;
;     -- SDMMC                                                ; 0 / 1 ( 0 % )         ;       ;
;     -- SPI Master                                           ; 0 / 2 ( 0 % )         ;       ;
;     -- SPI Slave                                            ; 0 / 2 ( 0 % )         ;       ;
;     -- UART                                                 ; 0 / 2 ( 0 % )         ;       ;
;     -- USB                                                  ; 0 / 2 ( 0 % )         ;       ;
;                                                             ;                       ;       ;
; M10K blocks                                                 ; 5 / 553               ; < 1 % ;
; Total MLAB memory bits                                      ; 1,664                 ;       ;
; Total block memory bits                                     ; 3,200 / 5,662,720     ; < 1 % ;
; Total block memory implementation bits                      ; 51,200 / 5,662,720    ; < 1 % ;
;                                                             ;                       ;       ;
; Total DSP Blocks                                            ; 0 / 112               ; 0 %   ;
;                                                             ;                       ;       ;
; Fractional PLLs                                             ; 1 / 6                 ; 17 %  ;
; Global signals                                              ; 2                     ;       ;
;     -- Global clocks                                        ; 2 / 16                ; 13 %  ;
;     -- Quadrant clocks                                      ; 0 / 66                ; 0 %   ;
;     -- Horizontal periphery clocks                          ; 0 / 18                ; 0 %   ;
; SERDES Transmitters                                         ; 0 / 100               ; 0 %   ;
; SERDES Receivers                                            ; 0 / 100               ; 0 %   ;
; JTAGs                                                       ; 1 / 1                 ; 100 % ;
; ASMI blocks                                                 ; 0 / 1                 ; 0 %   ;
; CRC blocks                                                  ; 0 / 1                 ; 0 %   ;
; Remote update blocks                                        ; 0 / 1                 ; 0 %   ;
; Oscillator blocks                                           ; 0 / 1                 ; 0 %   ;
; Hard IPs                                                    ; 0 / 2                 ; 0 %   ;
; Standard RX PCSs                                            ; 0 / 9                 ; 0 %   ;
; HSSI PMA RX Deserializers                                   ; 0 / 9                 ; 0 %   ;
; Standard TX PCSs                                            ; 0 / 9                 ; 0 %   ;
; HSSI PMA TX Serializers                                     ; 0 / 9                 ; 0 %   ;
; Channel PLLs                                                ; 0 / 9                 ; 0 %   ;
; Impedance control blocks                                    ; 0 / 4                 ; 0 %   ;
; Hard Memory Controllers                                     ; 0 / 2                 ; 0 %   ;
; Average interconnect usage (total/H/V)                      ; 2.6% / 2.7% / 2.2%    ;       ;
; Peak interconnect usage (total/H/V)                         ; 23.4% / 23.9% / 21.9% ;       ;
; Maximum fan-out                                             ; 3249                  ;       ;
; Highest non-global fan-out                                  ; 1111                  ;       ;
; Total fan-out                                               ; 30703                 ;       ;
; Average fan-out                                             ; 3.70                  ;       ;
+-------------------------------------------------------------+-----------------------+-------+


+---------------------------------------------------------------------------------------------------------------------------------------------+
; Fitter Partition Statistics                                                                                                                 ;
+-------------------------------------------------------------+-----------------------+----------------------+--------------------------------+
; Statistic                                                   ; Top                   ; sld_hub:auto_hub     ; hard_block:auto_generated_inst ;
+-------------------------------------------------------------+-----------------------+----------------------+--------------------------------+
; Logic utilization (ALMs needed / total ALMs on device)      ; 2568 / 41910 ( 6 % )  ; 76 / 41910 ( < 1 % ) ; 0 / 41910 ( 0 % )              ;
; ALMs needed [=A-B+C]                                        ; 2568                  ; 76                   ; 0                              ;
;     [A] ALMs used in final placement [=a+b+c+d]             ; 2939 / 41910 ( 7 % )  ; 87 / 41910 ( < 1 % ) ; 0 / 41910 ( 0 % )              ;
;         [a] ALMs used for LUT logic and registers           ; 977                   ; 32                   ; 0                              ;
;         [b] ALMs used for LUT logic                         ; 1298                  ; 42                   ; 0                              ;
;         [c] ALMs used for registers                         ; 604                   ; 13                   ; 0                              ;
;         [d] ALMs used for memory (up to half of total ALMs) ; 60                    ; 0                    ; 0                              ;
;     [B] Estimate of ALMs recoverable by dense packing       ; 394 / 41910 ( < 1 % ) ; 11 / 41910 ( < 1 % ) ; 0 / 41910 ( 0 % )              ;
;     [C] Estimate of ALMs unavailable [=a+b+c+d]             ; 23 / 41910 ( < 1 % )  ; 0 / 41910 ( 0 % )    ; 0 / 41910 ( 0 % )              ;
;         [a] Due to location constrained logic               ; 0                     ; 0                    ; 0                              ;
;         [b] Due to LAB-wide signal conflicts                ; 0                     ; 0                    ; 0                              ;
;         [c] Due to LAB input limits                         ; 23                    ; 0                    ; 0                              ;
;         [d] Due to virtual I/Os                             ; 0                     ; 0                    ; 0                              ;
;                                                             ;                       ;                      ;                                ;
; Difficulty packing design                                   ; Low                   ; Low                  ; Low                            ;
;                                                             ;                       ;                      ;                                ;
; Total LABs:  partially or completely used                   ; 386 / 4191 ( 9 % )    ; 11 / 4191 ( < 1 % )  ; 0 / 4191 ( 0 % )               ;
;     -- Logic LABs                                           ; 380                   ; 11                   ; 0                              ;
;     -- Memory LABs (up to half of total LABs)               ; 6                     ; 0                    ; 0                              ;
;                                                             ;                       ;                      ;                                ;
; Combinational ALUT usage for logic                          ; 3777                  ; 124                  ; 0                              ;
;     -- 7 input functions                                    ; 39                    ; 1                    ; 0                              ;
;     -- 6 input functions                                    ; 1031                  ; 29                   ; 0                              ;
;     -- 5 input functions                                    ; 624                   ; 21                   ; 0                              ;
;     -- 4 input functions                                    ; 795                   ; 18                   ; 0                              ;
;     -- <=3 input functions                                  ; 1192                  ; 55                   ; 0                              ;
; Combinational ALUT usage for route-throughs                 ; 694                   ; 5                    ; 0                              ;
; Memory ALUT usage                                           ; 96                    ; 0                    ; 0                              ;
;     -- 64-address deep                                      ; 0                     ; 0                    ; 0                              ;
;     -- 32-address deep                                      ; 96                    ; 0                    ; 0                              ;
;                                                             ;                       ;                      ;                                ;
; Dedicated logic registers                                   ; 0                     ; 0                    ; 0                              ;
;     -- By type:                                             ;                       ;                      ;                                ;
;         -- Primary logic registers                          ; 3160 / 83820 ( 4 % )  ; 89 / 83820 ( < 1 % ) ; 0 / 83820 ( 0 % )              ;
;         -- Secondary logic registers                        ; 239 / 83820 ( < 1 % ) ; 5 / 83820 ( < 1 % )  ; 0 / 83820 ( 0 % )              ;
;     -- By function:                                         ;                       ;                      ;                                ;
;         -- Design implementation registers                  ; 3237                  ; 89                   ; 0                              ;
;         -- Routing optimization registers                   ; 162                   ; 5                    ; 0                              ;
;                                                             ;                       ;                      ;                                ;
;                                                             ;                       ;                      ;                                ;
; Virtual pins                                                ; 0                     ; 0                    ; 0                              ;
; I/O pins                                                    ; 52                    ; 0                    ; 2                              ;
; I/O registers                                               ; 69                    ; 0                    ; 0                              ;
; Total block memory bits                                     ; 3200                  ; 0                    ; 0                              ;
; Total block memory implementation bits                      ; 51200                 ; 0                    ; 0                              ;
; JTAG                                                        ; 0 / 1 ( 0 % )         ; 0 / 1 ( 0 % )        ; 1 / 1 ( 100 % )                ;
; M10K block                                                  ; 5 / 553 ( < 1 % )     ; 0 / 553 ( 0 % )      ; 0 / 553 ( 0 % )                ;
; Clock enable block                                          ; 0 / 116 ( 0 % )       ; 0 / 116 ( 0 % )      ; 2 / 116 ( 1 % )                ;
; Double data rate I/O input circuitry                        ; 16 / 400 ( 4 % )      ; 0 / 400 ( 0 % )      ; 0 / 400 ( 0 % )                ;
; Double data rate I/O output circuitry                       ; 37 / 400 ( 9 % )      ; 0 / 400 ( 0 % )      ; 0 / 400 ( 0 % )                ;
; Double data rate I/O output enable circuitry                ; 16 / 425 ( 3 % )      ; 0 / 425 ( 0 % )      ; 0 / 425 ( 0 % )                ;
; Fractional PLL                                              ; 0 / 6 ( 0 % )         ; 0 / 6 ( 0 % )        ; 1 / 6 ( 16 % )                 ;
; PLL Output Counter                                          ; 0 / 54 ( 0 % )        ; 0 / 54 ( 0 % )       ; 2 / 54 ( 3 % )                 ;
; PLL Reconfiguration Block                                   ; 0 / 6 ( 0 % )         ; 0 / 6 ( 0 % )        ; 1 / 6 ( 16 % )                 ;
; PLL Reference Clock Select Block                            ; 0 / 6 ( 0 % )         ; 0 / 6 ( 0 % )        ; 1 / 6 ( 16 % )                 ;
;                                                             ;                       ;                      ;                                ;
; Connections                                                 ;                       ;                      ;                                ;
;     -- Input Connections                                    ; 3806                  ; 139                  ; 2                              ;
;     -- Registered Input Connections                         ; 3528                  ; 102                  ; 0                              ;
;     -- Output Connections                                   ; 26                    ; 212                  ; 3709                           ;
;     -- Registered Output Connections                        ; 2                     ; 212                  ; 0                              ;
;                                                             ;                       ;                      ;                                ;
; Internal Connections                                        ;                       ;                      ;                                ;
;     -- Total Connections                                    ; 29948                 ; 1004                 ; 3767                           ;
;     -- Registered Connections                               ; 15704                 ; 770                  ; 0                              ;
;                                                             ;                       ;                      ;                                ;
; External Connections                                        ;                       ;                      ;                                ;
;     -- Top                                                  ; 32                    ; 219                  ; 3581                           ;
;     -- sld_hub:auto_hub                                     ; 219                   ; 2                    ; 130                            ;
;     -- hard_block:auto_generated_inst                       ; 3581                  ; 130                  ; 0                              ;
;                                                             ;                       ;                      ;                                ;
; Partition Interface                                         ;                       ;                      ;                                ;
;     -- Input Ports                                          ; 45                    ; 68                   ; 7                              ;
;     -- Output Ports                                         ; 42                    ; 85                   ; 11                             ;
;     -- Bidir Ports                                          ; 16                    ; 0                    ; 0                              ;
;                                                             ;                       ;                      ;                                ;
; Registered Ports                                            ;                       ;                      ;                                ;
;     -- Registered Input Ports                               ; 0                     ; 3                    ; 0                              ;
;     -- Registered Output Ports                              ; 0                     ; 43                   ; 0                              ;
;                                                             ;                       ;                      ;                                ;
; Port Connectivity                                           ;                       ;                      ;                                ;
;     -- Input Ports driven by GND                            ; 0                     ; 7                    ; 0                              ;
;     -- Output Ports driven by GND                           ; 0                     ; 32                   ; 0                              ;
;     -- Input Ports driven by VCC                            ; 0                     ; 0                    ; 0                              ;
;     -- Output Ports driven by VCC                           ; 0                     ; 0                    ; 0                              ;
;     -- Input Ports with no Source                           ; 0                     ; 50                   ; 0                              ;
;     -- Output Ports with no Source                          ; 0                     ; 0                    ; 0                              ;
;     -- Input Ports with no Fanout                           ; 0                     ; 55                   ; 1                              ;
;     -- Output Ports with no Fanout                          ; 0                     ; 63                   ; 0                              ;
+-------------------------------------------------------------+-----------------------+----------------------+--------------------------------+


+--------------------------------------------------------------------------------------------------------------------------------------------------------------------------------------------------------------------------------------------------------------------------------------------------+
; Input Pins                                                                                                                                                                                                                                                                                       ;
+-------------------+-------+----------+--------------+--------------+--------------+-----------------------+--------------------+--------+----------------+-----------------+----------+--------------+--------------+-------------+---------------------------+----------------------+-----------+
; Name              ; Pin # ; I/O Bank ; X coordinate ; Y coordinate ; Z coordinate ; Combinational Fan-Out ; Registered Fan-Out ; Global ; Input Register ; PCI I/O Enabled ; Bus Hold ; Weak Pull Up ; I/O Standard ; Termination ; Termination Control Block ; Location assigned by ; Slew Rate ;
+-------------------+-------+----------+--------------+--------------+--------------+-----------------------+--------------------+--------+----------------+-----------------+----------+--------------+--------------+-------------+---------------------------+----------------------+-----------+
; buttons_export[0] ; AJ4   ; 3B       ; 22           ; 0            ; 34           ; 1                     ; 0                  ; no     ; no             ; no              ; no       ; Off          ; 3.3-V LVTTL  ; Off         ; --                        ; User                 ; no        ;
; buttons_export[1] ; AK4   ; 3B       ; 22           ; 0            ; 51           ; 1                     ; 0                  ; no     ; no             ; no              ; no       ; Off          ; 3.3-V LVTTL  ; Off         ; --                        ; User                 ; no        ;
; buttons_export[2] ; AA14  ; 3B       ; 36           ; 0            ; 0            ; 1                     ; 0                  ; no     ; no             ; no              ; no       ; Off          ; 3.3-V LVTTL  ; Off         ; --                        ; User                 ; no        ;
; buttons_export[3] ; AA15  ; 3B       ; 36           ; 0            ; 17           ; 1                     ; 0                  ; no     ; no             ; no              ; no       ; Off          ; 3.3-V LVTTL  ; Off         ; --                        ; User                 ; no        ;
; clk_clk           ; AF14  ; 3B       ; 32           ; 0            ; 0            ; 1                     ; 0                  ; no     ; no             ; no              ; no       ; Off          ; 3.3-V LVTTL  ; Off         ; --                        ; User                 ; no        ;
+-------------------+-------+----------+--------------+--------------+--------------+-----------------------+--------------------+--------+----------------+-----------------+----------+--------------+--------------+-------------+---------------------------+----------------------+-----------+


+------------------------------------------------------------------------------------------------------------------------------------------------------------------------------------------------------------------------------------------------------------------------------------------------------------------------------------------------------------------------------------------------------------------------------------------------------------------------------------+
; Output Pins                                                                                                                                                                                                                                                                                                                                                                                                                                                                        ;
+---------------------+-------+----------+--------------+--------------+--------------+-----------------+------------------------+-----------+-----------------+------------+---------------+----------+--------------+--------------+------------------+-------------+---------------------------+----------------------------+-----------------------------+---------------------+-----------------------------+----------------------+----------------------+---------------------+
; Name                ; Pin # ; I/O Bank ; X coordinate ; Y coordinate ; Z coordinate ; Output Register ; Output Enable Register ; Slew Rate ; PCI I/O Enabled ; Open Drain ; TRI Primitive ; Bus Hold ; Weak Pull Up ; I/O Standard ; Current Strength ; Termination ; Termination Control Block ; Output Buffer Pre-emphasis ; Voltage Output Differential ; Output Buffer Delay ; Output Buffer Delay Control ; Location assigned by ; Output Enable Source ; Output Enable Group ;
+---------------------+-------+----------+--------------+--------------+--------------+-----------------+------------------------+-----------+-----------------+------------+---------------+----------+--------------+--------------+------------------+-------------+---------------------------+----------------------------+-----------------------------+---------------------+-----------------------------+----------------------+----------------------+---------------------+
; leds_export[0]      ; AA24  ; 5A       ; 89           ; 11           ; 43           ; no              ; no                     ; 1         ; no              ; no         ; no            ; no       ; Off          ; 3.3-V LVTTL  ; 16mA             ; Off         ; --                        ; no                         ; no                          ; 0                   ; Off                         ; User                 ; -                    ; -                   ;
; leds_export[1]      ; AB23  ; 5A       ; 89           ; 9            ; 20           ; no              ; no                     ; 1         ; no              ; no         ; no            ; no       ; Off          ; 3.3-V LVTTL  ; 16mA             ; Off         ; --                        ; no                         ; no                          ; 0                   ; Off                         ; User                 ; -                    ; -                   ;
; leds_export[2]      ; AC23  ; 4A       ; 86           ; 0            ; 17           ; no              ; no                     ; 1         ; no              ; no         ; no            ; no       ; Off          ; 3.3-V LVTTL  ; 16mA             ; Off         ; --                        ; no                         ; no                          ; 0                   ; Off                         ; User                 ; -                    ; -                   ;
; leds_export[3]      ; AD24  ; 4A       ; 88           ; 0            ; 35           ; no              ; no                     ; 1         ; no              ; no         ; no            ; no       ; Off          ; 3.3-V LVTTL  ; 16mA             ; Off         ; --                        ; no                         ; no                          ; 0                   ; Off                         ; User                 ; -                    ; -                   ;
; leds_export[4]      ; AG25  ; 4A       ; 78           ; 0            ; 34           ; no              ; no                     ; 1         ; no              ; no         ; no            ; no       ; Off          ; 3.3-V LVTTL  ; 16mA             ; Off         ; --                        ; no                         ; no                          ; 0                   ; Off                         ; User                 ; -                    ; -                   ;
; leds_export[5]      ; AF25  ; 4A       ; 86           ; 0            ; 34           ; no              ; no                     ; 1         ; no              ; no         ; no            ; no       ; Off          ; 3.3-V LVTTL  ; 16mA             ; Off         ; --                        ; no                         ; no                          ; 0                   ; Off                         ; User                 ; -                    ; -                   ;
; leds_export[6]      ; AE24  ; 4A       ; 88           ; 0            ; 52           ; no              ; no                     ; 1         ; no              ; no         ; no            ; no       ; Off          ; 3.3-V LVTTL  ; 16mA             ; Off         ; --                        ; no                         ; no                          ; 0                   ; Off                         ; User                 ; -                    ; -                   ;
; leds_export[7]      ; AF24  ; 4A       ; 74           ; 0            ; 57           ; no              ; no                     ; 1         ; no              ; no         ; no            ; no       ; Off          ; 3.3-V LVTTL  ; 16mA             ; Off         ; --                        ; no                         ; no                          ; 0                   ; Off                         ; User                 ; -                    ; -                   ;
; leds_export[8]      ; AB22  ; 5A       ; 89           ; 9            ; 3            ; no              ; no                     ; 1         ; no              ; no         ; no            ; no       ; Off          ; 3.3-V LVTTL  ; 16mA             ; Off         ; --                        ; no                         ; no                          ; 0                   ; Off                         ; User                 ; -                    ; -                   ;
; leds_export[9]      ; AC22  ; 4A       ; 86           ; 0            ; 0            ; no              ; no                     ; 1         ; no              ; no         ; no            ; no       ; Off          ; 3.3-V LVTTL  ; 16mA             ; Off         ; --                        ; no                         ; no                          ; 0                   ; Off                         ; User                 ; -                    ; -                   ;
; sdram_clk_clk       ; AH12  ; 3B       ; 38           ; 0            ; 34           ; no              ; no                     ; 1         ; no              ; no         ; no            ; no       ; Off          ; 3.3-V LVTTL  ; 16mA             ; Off         ; --                        ; no                         ; no                          ; 0                   ; Off                         ; User                 ; -                    ; -                   ;
; sdram_wire_addr[0]  ; AK14  ; 3B       ; 40           ; 0            ; 51           ; yes             ; no                     ; 1         ; no              ; no         ; no            ; no       ; Off          ; 3.3-V LVTTL  ; 16mA             ; Off         ; --                        ; no                         ; no                          ; 0                   ; Off                         ; User                 ; -                    ; -                   ;
; sdram_wire_addr[10] ; AG12  ; 3B       ; 26           ; 0            ; 40           ; yes             ; no                     ; 1         ; no              ; no         ; no            ; no       ; Off          ; 3.3-V LVTTL  ; 16mA             ; Off         ; --                        ; no                         ; no                          ; 0                   ; Off                         ; User                 ; -                    ; -                   ;
; sdram_wire_addr[11] ; AH13  ; 3B       ; 30           ; 0            ; 0            ; yes             ; no                     ; 1         ; no              ; no         ; no            ; no       ; Off          ; 3.3-V LVTTL  ; 16mA             ; Off         ; --                        ; no                         ; no                          ; 0                   ; Off                         ; User                 ; -                    ; -                   ;
; sdram_wire_addr[12] ; AJ14  ; 3B       ; 40           ; 0            ; 34           ; yes             ; no                     ; 1         ; no              ; no         ; no            ; no       ; Off          ; 3.3-V LVTTL  ; 16mA             ; Off         ; --                        ; no                         ; no                          ; 0                   ; Off                         ; User                 ; -                    ; -                   ;
; sdram_wire_addr[1]  ; AH14  ; 3B       ; 30           ; 0            ; 17           ; yes             ; no                     ; 1         ; no              ; no         ; no            ; no       ; Off          ; 3.3-V LVTTL  ; 16mA             ; Off         ; --                        ; no                         ; no                          ; 0                   ; Off                         ; User                 ; -                    ; -                   ;
; sdram_wire_addr[2]  ; AG15  ; 3B       ; 38           ; 0            ; 0            ; yes             ; no                     ; 1         ; no              ; no         ; no            ; no       ; Off          ; 3.3-V LVTTL  ; 16mA             ; Off         ; --                        ; no                         ; no                          ; 0                   ; Off                         ; User                 ; -                    ; -                   ;
; sdram_wire_addr[3]  ; AE14  ; 3B       ; 24           ; 0            ; 17           ; yes             ; no                     ; 1         ; no              ; no         ; no            ; no       ; Off          ; 3.3-V LVTTL  ; 16mA             ; Off         ; --                        ; no                         ; no                          ; 0                   ; Off                         ; User                 ; -                    ; -                   ;
; sdram_wire_addr[4]  ; AB15  ; 3B       ; 28           ; 0            ; 0            ; yes             ; no                     ; 1         ; no              ; no         ; no            ; no       ; Off          ; 3.3-V LVTTL  ; 16mA             ; Off         ; --                        ; no                         ; no                          ; 0                   ; Off                         ; User                 ; -                    ; -                   ;
; sdram_wire_addr[5]  ; AC14  ; 3B       ; 28           ; 0            ; 17           ; yes             ; no                     ; 1         ; no              ; no         ; no            ; no       ; Off          ; 3.3-V LVTTL  ; 16mA             ; Off         ; --                        ; no                         ; no                          ; 0                   ; Off                         ; User                 ; -                    ; -                   ;
; sdram_wire_addr[6]  ; AD14  ; 3B       ; 24           ; 0            ; 0            ; yes             ; no                     ; 1         ; no              ; no         ; no            ; no       ; Off          ; 3.3-V LVTTL  ; 16mA             ; Off         ; --                        ; no                         ; no                          ; 0                   ; Off                         ; User                 ; -                    ; -                   ;
; sdram_wire_addr[7]  ; AF15  ; 3B       ; 32           ; 0            ; 17           ; yes             ; no                     ; 1         ; no              ; no         ; no            ; no       ; Off          ; 3.3-V LVTTL  ; 16mA             ; Off         ; --                        ; no                         ; no                          ; 0                   ; Off                         ; User                 ; -                    ; -                   ;
; sdram_wire_addr[8]  ; AH15  ; 3B       ; 38           ; 0            ; 17           ; yes             ; no                     ; 1         ; no              ; no         ; no            ; no       ; Off          ; 3.3-V LVTTL  ; 16mA             ; Off         ; --                        ; no                         ; no                          ; 0                   ; Off                         ; User                 ; -                    ; -                   ;
; sdram_wire_addr[9]  ; AG13  ; 3B       ; 26           ; 0            ; 57           ; yes             ; no                     ; 1         ; no              ; no         ; no            ; no       ; Off          ; 3.3-V LVTTL  ; 16mA             ; Off         ; --                        ; no                         ; no                          ; 0                   ; Off                         ; User                 ; -                    ; -                   ;
; sdram_wire_ba[0]    ; AF13  ; 3B       ; 22           ; 0            ; 17           ; yes             ; no                     ; 1         ; no              ; no         ; no            ; no       ; Off          ; 3.3-V LVTTL  ; 16mA             ; Off         ; --                        ; no                         ; no                          ; 0                   ; Off                         ; User                 ; -                    ; -                   ;
; sdram_wire_ba[1]    ; AJ12  ; 3B       ; 38           ; 0            ; 51           ; yes             ; no                     ; 1         ; no              ; no         ; no            ; no       ; Off          ; 3.3-V LVTTL  ; 16mA             ; Off         ; --                        ; no                         ; no                          ; 0                   ; Off                         ; User                 ; -                    ; -                   ;
; sdram_wire_cas_n    ; AF11  ; 3B       ; 18           ; 0            ; 40           ; yes             ; no                     ; 1         ; no              ; no         ; no            ; no       ; Off          ; 3.3-V LVTTL  ; 16mA             ; Off         ; --                        ; no                         ; no                          ; 0                   ; Off                         ; User                 ; -                    ; -                   ;
; sdram_wire_cke      ; AK13  ; 3B       ; 36           ; 0            ; 51           ; no              ; no                     ; 1         ; no              ; no         ; no            ; no       ; Off          ; 3.3-V LVTTL  ; 16mA             ; Off         ; --                        ; no                         ; no                          ; 0                   ; Off                         ; User                 ; -                    ; -                   ;
; sdram_wire_cs_n     ; AG11  ; 3B       ; 18           ; 0            ; 57           ; yes             ; no                     ; 1         ; no              ; no         ; no            ; no       ; Off          ; 3.3-V LVTTL  ; 16mA             ; Off         ; --                        ; no                         ; no                          ; 0                   ; Off                         ; User                 ; -                    ; -                   ;
; sdram_wire_dqm[0]   ; AB13  ; 3B       ; 20           ; 0            ; 17           ; yes             ; no                     ; 1         ; no              ; no         ; no            ; no       ; Off          ; 3.3-V LVTTL  ; 16mA             ; Off         ; --                        ; no                         ; no                          ; 0                   ; Off                         ; User                 ; -                    ; -                   ;
; sdram_wire_dqm[1]   ; AK12  ; 3B       ; 36           ; 0            ; 34           ; yes             ; no                     ; 1         ; no              ; no         ; no            ; no       ; Off          ; 3.3-V LVTTL  ; 16mA             ; Off         ; --                        ; no                         ; no                          ; 0                   ; Off                         ; User                 ; -                    ; -                   ;
; sdram_wire_ras_n    ; AE13  ; 3B       ; 22           ; 0            ; 0            ; yes             ; no                     ; 1         ; no              ; no         ; no            ; no       ; Off          ; 3.3-V LVTTL  ; 16mA             ; Off         ; --                        ; no                         ; no                          ; 0                   ; Off                         ; User                 ; -                    ; -                   ;
; sdram_wire_we_n     ; AA13  ; 3B       ; 20           ; 0            ; 0            ; yes             ; no                     ; 1         ; no              ; no         ; no            ; no       ; Off          ; 3.3-V LVTTL  ; 16mA             ; Off         ; --                        ; no                         ; no                          ; 0                   ; Off                         ; User                 ; -                    ; -                   ;
+---------------------+-------+----------+--------------+--------------+--------------+-----------------+------------------------+-----------+-----------------+------------+---------------+----------+--------------+--------------+------------------+-------------+---------------------------+----------------------------+-----------------------------+---------------------+-----------------------------+----------------------+----------------------+---------------------+


+----------------------------------------------------------------------------------------------------------------------------------------------------------------------------------------------------------------------------------------------------------------------------------------------------------------------------------------------------------------------------------------------------------------------------------------------------------------------------------------------------------------------------------------------------+
; Bidir Pins                                                                                                                                                                                                                                                                                                                                                                                                                                                                                                                                         ;
+-------------------+-------+----------+--------------+--------------+--------------+-----------------------+--------------------+--------+----------------+-----------------+------------------------+-----------+-----------------+------------+----------+--------------+--------------+------------------+-------------------+--------------------+---------------------------+----------------------------+---------------------+-----------------------------+----------------------+----------------------+-----------------------------------+
; Name              ; Pin # ; I/O Bank ; X coordinate ; Y coordinate ; Z coordinate ; Combinational Fan-Out ; Registered Fan-Out ; Global ; Input Register ; Output Register ; Output Enable Register ; Slew Rate ; PCI I/O Enabled ; Open Drain ; Bus Hold ; Weak Pull Up ; I/O Standard ; Current Strength ; Input Termination ; Output Termination ; Termination Control Block ; Output Buffer Pre-emphasis ; Output Buffer Delay ; Output Buffer Delay Control ; Location assigned by ; Output Enable Source ; Output Enable Group               ;
+-------------------+-------+----------+--------------+--------------+--------------+-----------------------+--------------------+--------+----------------+-----------------+------------------------+-----------+-----------------+------------+----------+--------------+--------------+------------------+-------------------+--------------------+---------------------------+----------------------------+---------------------+-----------------------------+----------------------+----------------------+-----------------------------------+
; sdram_wire_dq[0]  ; AK6   ; 3B       ; 24           ; 0            ; 51           ; 0                     ; 1                  ; no     ; yes            ; yes             ; yes                    ; 1         ; no              ; no         ; no       ; Off          ; 3.3-V LVTTL  ; 16mA             ; Off               ; Off                ; --                        ; no                         ; 0                   ; Off                         ; User                 ; 0 pF                 ; Lab4_SDRAM:sdram|oe               ;
; sdram_wire_dq[10] ; AJ9   ; 3B       ; 30           ; 0            ; 34           ; 0                     ; 1                  ; no     ; yes            ; yes             ; yes                    ; 1         ; no              ; no         ; no       ; Off          ; 3.3-V LVTTL  ; 16mA             ; Off               ; Off                ; --                        ; no                         ; 0                   ; Off                         ; User                 ; 0 pF                 ; Lab4_SDRAM:sdram|oe~_Duplicate_10 ;
; sdram_wire_dq[11] ; AH9   ; 3B       ; 18           ; 0            ; 91           ; 0                     ; 1                  ; no     ; yes            ; yes             ; yes                    ; 1         ; no              ; no         ; no       ; Off          ; 3.3-V LVTTL  ; 16mA             ; Off               ; Off                ; --                        ; no                         ; 0                   ; Off                         ; User                 ; 0 pF                 ; Lab4_SDRAM:sdram|oe~_Duplicate_11 ;
; sdram_wire_dq[12] ; AH8   ; 3B       ; 32           ; 0            ; 51           ; 0                     ; 1                  ; no     ; yes            ; yes             ; yes                    ; 1         ; no              ; no         ; no       ; Off          ; 3.3-V LVTTL  ; 16mA             ; Off               ; Off                ; --                        ; no                         ; 0                   ; Off                         ; User                 ; 0 pF                 ; Lab4_SDRAM:sdram|oe~_Duplicate_12 ;
; sdram_wire_dq[13] ; AH7   ; 3B       ; 32           ; 0            ; 34           ; 0                     ; 1                  ; no     ; yes            ; yes             ; yes                    ; 1         ; no              ; no         ; no       ; Off          ; 3.3-V LVTTL  ; 16mA             ; Off               ; Off                ; --                        ; no                         ; 0                   ; Off                         ; User                 ; 0 pF                 ; Lab4_SDRAM:sdram|oe~_Duplicate_13 ;
; sdram_wire_dq[14] ; AJ6   ; 3B       ; 26           ; 0            ; 74           ; 0                     ; 1                  ; no     ; yes            ; yes             ; yes                    ; 1         ; no              ; no         ; no       ; Off          ; 3.3-V LVTTL  ; 16mA             ; Off               ; Off                ; --                        ; no                         ; 0                   ; Off                         ; User                 ; 0 pF                 ; Lab4_SDRAM:sdram|oe~_Duplicate_14 ;
; sdram_wire_dq[15] ; AJ5   ; 3B       ; 24           ; 0            ; 34           ; 0                     ; 1                  ; no     ; yes            ; yes             ; yes                    ; 1         ; no              ; no         ; no       ; Off          ; 3.3-V LVTTL  ; 16mA             ; Off               ; Off                ; --                        ; no                         ; 0                   ; Off                         ; User                 ; 0 pF                 ; Lab4_SDRAM:sdram|oe~_Duplicate_15 ;
; sdram_wire_dq[1]  ; AJ7   ; 3B       ; 26           ; 0            ; 91           ; 0                     ; 1                  ; no     ; yes            ; yes             ; yes                    ; 1         ; no              ; no         ; no       ; Off          ; 3.3-V LVTTL  ; 16mA             ; Off               ; Off                ; --                        ; no                         ; 0                   ; Off                         ; User                 ; 0 pF                 ; Lab4_SDRAM:sdram|oe~_Duplicate_1  ;
; sdram_wire_dq[2]  ; AK7   ; 3B       ; 28           ; 0            ; 34           ; 0                     ; 1                  ; no     ; yes            ; yes             ; yes                    ; 1         ; no              ; no         ; no       ; Off          ; 3.3-V LVTTL  ; 16mA             ; Off               ; Off                ; --                        ; no                         ; 0                   ; Off                         ; User                 ; 0 pF                 ; Lab4_SDRAM:sdram|oe~_Duplicate_2  ;
; sdram_wire_dq[3]  ; AK8   ; 3B       ; 28           ; 0            ; 51           ; 0                     ; 1                  ; no     ; yes            ; yes             ; yes                    ; 1         ; no              ; no         ; no       ; Off          ; 3.3-V LVTTL  ; 16mA             ; Off               ; Off                ; --                        ; no                         ; 0                   ; Off                         ; User                 ; 0 pF                 ; Lab4_SDRAM:sdram|oe~_Duplicate_3  ;
; sdram_wire_dq[4]  ; AK9   ; 3B       ; 30           ; 0            ; 51           ; 0                     ; 1                  ; no     ; yes            ; yes             ; yes                    ; 1         ; no              ; no         ; no       ; Off          ; 3.3-V LVTTL  ; 16mA             ; Off               ; Off                ; --                        ; no                         ; 0                   ; Off                         ; User                 ; 0 pF                 ; Lab4_SDRAM:sdram|oe~_Duplicate_4  ;
; sdram_wire_dq[5]  ; AG10  ; 3B       ; 18           ; 0            ; 74           ; 0                     ; 1                  ; no     ; yes            ; yes             ; yes                    ; 1         ; no              ; no         ; no       ; Off          ; 3.3-V LVTTL  ; 16mA             ; Off               ; Off                ; --                        ; no                         ; 0                   ; Off                         ; User                 ; 0 pF                 ; Lab4_SDRAM:sdram|oe~_Duplicate_5  ;
; sdram_wire_dq[6]  ; AK11  ; 3B       ; 34           ; 0            ; 57           ; 0                     ; 1                  ; no     ; yes            ; yes             ; yes                    ; 1         ; no              ; no         ; no       ; Off          ; 3.3-V LVTTL  ; 16mA             ; Off               ; Off                ; --                        ; no                         ; 0                   ; Off                         ; User                 ; 0 pF                 ; Lab4_SDRAM:sdram|oe~_Duplicate_6  ;
; sdram_wire_dq[7]  ; AJ11  ; 3B       ; 34           ; 0            ; 40           ; 0                     ; 1                  ; no     ; yes            ; yes             ; yes                    ; 1         ; no              ; no         ; no       ; Off          ; 3.3-V LVTTL  ; 16mA             ; Off               ; Off                ; --                        ; no                         ; 0                   ; Off                         ; User                 ; 0 pF                 ; Lab4_SDRAM:sdram|oe~_Duplicate_7  ;
; sdram_wire_dq[8]  ; AH10  ; 3B       ; 34           ; 0            ; 74           ; 0                     ; 1                  ; no     ; yes            ; yes             ; yes                    ; 1         ; no              ; no         ; no       ; Off          ; 3.3-V LVTTL  ; 16mA             ; Off               ; Off                ; --                        ; no                         ; 0                   ; Off                         ; User                 ; 0 pF                 ; Lab4_SDRAM:sdram|oe~_Duplicate_8  ;
; sdram_wire_dq[9]  ; AJ10  ; 3B       ; 34           ; 0            ; 91           ; 0                     ; 1                  ; no     ; yes            ; yes             ; yes                    ; 1         ; no              ; no         ; no       ; Off          ; 3.3-V LVTTL  ; 16mA             ; Off               ; Off                ; --                        ; no                         ; 0                   ; Off                         ; User                 ; 0 pF                 ; Lab4_SDRAM:sdram|oe~_Duplicate_9  ;
+-------------------+-------+----------+--------------+--------------+--------------+-----------------------+--------------------+--------+----------------+-----------------+------------------------+-----------+-----------------+------------+----------+--------------+--------------+------------------+-------------------+--------------------+---------------------------+----------------------------+---------------------+-----------------------------+----------------------+----------------------+-----------------------------------+


+----------------------------------------------------------------------------+
; I/O Bank Usage                                                             ;
+----------+------------------+---------------+--------------+---------------+
; I/O Bank ; Usage            ; VCCIO Voltage ; VREF Voltage ; VCCPD Voltage ;
+----------+------------------+---------------+--------------+---------------+
; B2L      ; 0 / 14 ( 0 % )   ; --            ; --           ; --            ;
; B1L      ; 0 / 14 ( 0 % )   ; --            ; --           ; --            ;
; B0L      ; 0 / 14 ( 0 % )   ; --            ; --           ; --            ;
; 3A       ; 0 / 32 ( 0 % )   ; 2.5V          ; --           ; 2.5V          ;
; 3B       ; 44 / 48 ( 92 % ) ; 3.3V          ; --           ; 3.3V          ;
; 4A       ; 7 / 80 ( 9 % )   ; 3.3V          ; --           ; 3.3V          ;
; 5A       ; 3 / 32 ( 9 % )   ; 3.3V          ; --           ; 3.3V          ;
; 5B       ; 0 / 16 ( 0 % )   ; 2.5V          ; --           ; 2.5V          ;
; 6B       ; 0 / 44 ( 0 % )   ; 2.5V          ; --           ; 2.5V          ;
; 6A       ; 0 / 56 ( 0 % )   ; 2.5V          ; --           ; 2.5V          ;
; 7A       ; 0 / 19 ( 0 % )   ; 2.5V          ; --           ; 2.5V          ;
; 7B       ; 0 / 22 ( 0 % )   ; 2.5V          ; --           ; 2.5V          ;
; 7C       ; 0 / 12 ( 0 % )   ; 2.5V          ; --           ; 2.5V          ;
; 7D       ; 0 / 14 ( 0 % )   ; 2.5V          ; --           ; 2.5V          ;
; 8A       ; 0 / 80 ( 0 % )   ; 2.5V          ; --           ; 2.5V          ;
+----------+------------------+---------------+--------------+---------------+


+-----------------------------------------------------------------------------------------------------------------------------------------------------------------------------------+
; All Package Pins                                                                                                                                                                  ;
+----------+------------+----------------+---------------------------------+--------+--------------+---------------------+--------------+-----------------+----------+--------------+
; Location ; Pad Number ; I/O Bank       ; Pin Name/Usage                  ; Dir.   ; I/O Standard ; Voltage             ; I/O Type     ; User Assignment ; Bus Hold ; Weak Pull Up ;
+----------+------------+----------------+---------------------------------+--------+--------------+---------------------+--------------+-----------------+----------+--------------+
; A2       ;            ;                ; GND                             ; gnd    ;              ;                     ; --           ;                 ; --       ; --           ;
; A3       ; 493        ; 8A             ; RESERVED_INPUT_WITH_WEAK_PULLUP ;        ;              ;                     ; Column I/O   ;                 ; no       ; On           ;
; A4       ; 491        ; 8A             ; RESERVED_INPUT_WITH_WEAK_PULLUP ;        ;              ;                     ; Column I/O   ;                 ; no       ; On           ;
; A5       ; 489        ; 8A             ; RESERVED_INPUT_WITH_WEAK_PULLUP ;        ;              ;                     ; Column I/O   ;                 ; no       ; On           ;
; A6       ; 487        ; 8A             ; RESERVED_INPUT_WITH_WEAK_PULLUP ;        ;              ;                     ; Column I/O   ;                 ; no       ; On           ;
; A7       ;            ; 8A             ; VCCIO8A                         ; power  ;              ; 2.5V                ; --           ;                 ; --       ; --           ;
; A8       ; 473        ; 8A             ; RESERVED_INPUT_WITH_WEAK_PULLUP ;        ;              ;                     ; Column I/O   ;                 ; no       ; On           ;
; A9       ; 471        ; 8A             ; RESERVED_INPUT_WITH_WEAK_PULLUP ;        ;              ;                     ; Column I/O   ;                 ; no       ; On           ;
; A10      ; 465        ; 8A             ; RESERVED_INPUT_WITH_WEAK_PULLUP ;        ;              ;                     ; Column I/O   ;                 ; no       ; On           ;
; A11      ; 463        ; 8A             ; RESERVED_INPUT_WITH_WEAK_PULLUP ;        ;              ;                     ; Column I/O   ;                 ; no       ; On           ;
; A12      ;            ;                ; GND                             ; gnd    ;              ;                     ; --           ;                 ; --       ; --           ;
; A13      ; 461        ; 8A             ; RESERVED_INPUT_WITH_WEAK_PULLUP ;        ;              ;                     ; Column I/O   ;                 ; no       ; On           ;
; A14      ; 455        ; 7D             ; RESERVED_INPUT_WITH_WEAK_PULLUP ;        ;              ;                     ; Column I/O   ;                 ; no       ; On           ;
; A15      ; 447        ; 7D             ; RESERVED_INPUT_WITH_WEAK_PULLUP ;        ;              ;                     ; Column I/O   ;                 ; no       ; On           ;
; A16      ; 439        ; 7C             ; RESERVED_INPUT_WITH_WEAK_PULLUP ;        ;              ;                     ; Column I/O   ;                 ; no       ; On           ;
; A17      ;            ;                ; GND                             ; gnd    ;              ;                     ; --           ;                 ; --       ; --           ;
; A18      ; 425        ; 7B             ; RESERVED_INPUT_WITH_WEAK_PULLUP ;        ;              ;                     ; Column I/O   ;                 ; no       ; On           ;
; A19      ; 423        ; 7B             ; RESERVED_INPUT_WITH_WEAK_PULLUP ;        ;              ;                     ; Column I/O   ;                 ; no       ; On           ;
; A20      ; 415        ; 7B             ; RESERVED_INPUT_WITH_WEAK_PULLUP ;        ;              ;                     ; Column I/O   ;                 ; no       ; On           ;
; A21      ; 411        ; 7B             ; RESERVED_INPUT_WITH_WEAK_PULLUP ;        ;              ;                     ; Column I/O   ;                 ; no       ; On           ;
; A22      ;            ;                ; GND                             ; gnd    ;              ;                     ; --           ;                 ; --       ; --           ;
; A23      ; 395        ; 7A             ; RESERVED_INPUT_WITH_WEAK_PULLUP ;        ;              ;                     ; Column I/O   ;                 ; no       ; On           ;
; A24      ; 391        ; 7A             ; RESERVED_INPUT_WITH_WEAK_PULLUP ;        ;              ;                     ; Column I/O   ;                 ; no       ; On           ;
; A25      ; 389        ; 7A             ; RESERVED_INPUT_WITH_WEAK_PULLUP ;        ;              ;                     ; Column I/O   ;                 ; no       ; On           ;
; A26      ; 382        ; 7A             ; ^GND                            ;        ;              ;                     ; --           ;                 ; --       ; --           ;
; A27      ;            ;                ; GND                             ; gnd    ;              ;                     ; --           ;                 ; --       ; --           ;
; A28      ; 380        ; 7A             ; ^HPS_TRST                       ;        ;              ;                     ; --           ;                 ; --       ; --           ;
; A29      ; 378        ; 7A             ; ^HPS_TMS                        ;        ;              ;                     ; --           ;                 ; --       ; --           ;
; AA1      ; 31         ; B0L            ; GND                             ;        ;              ;                     ; --           ;                 ; --       ; --           ;
; AA2      ; 30         ; B0L            ; GND                             ;        ;              ;                     ; --           ;                 ; --       ; --           ;
; AA3      ;            ;                ; GND                             ; gnd    ;              ;                     ; --           ;                 ; --       ; --           ;
; AA4      ;            ;                ; GND                             ; gnd    ;              ;                     ; --           ;                 ; --       ; --           ;
; AA5      ;            ; --             ; VCCE_GXBL                       ; power  ;              ; 1.1V                ; --           ;                 ; --       ; --           ;
; AA6      ;            ;                ; GND                             ; gnd    ;              ;                     ; --           ;                 ; --       ; --           ;
; AA7      ;            ;                ; DNU                             ;        ;              ;                     ; --           ;                 ; --       ; --           ;
; AA8      ;            ; --             ; VCCA_FPLL                       ; power  ;              ; 2.5V                ; --           ;                 ; --       ; --           ;
; AA9      ;            ;                ; GND                             ; gnd    ;              ;                     ; --           ;                 ; --       ; --           ;
; AA10     ;            ; 3A             ; VCCPD3A                         ; power  ;              ; 2.5V                ; --           ;                 ; --       ; --           ;
; AA11     ;            ;                ; GND                             ; gnd    ;              ;                     ; --           ;                 ; --       ; --           ;
; AA12     ; 74         ; 3A             ; RESERVED_INPUT_WITH_WEAK_PULLUP ;        ;              ;                     ; Column I/O   ;                 ; no       ; On           ;
; AA13     ; 90         ; 3B             ; sdram_wire_we_n                 ; output ; 3.3-V LVTTL  ;                     ; Column I/O   ; Y               ; no       ; Off          ;
; AA14     ; 122        ; 3B             ; buttons_export[2]               ; input  ; 3.3-V LVTTL  ;                     ; Column I/O   ; Y               ; no       ; Off          ;
; AA15     ; 120        ; 3B             ; buttons_export[3]               ; input  ; 3.3-V LVTTL  ;                     ; Column I/O   ; Y               ; no       ; Off          ;
; AA16     ; 146        ; 4A             ; RESERVED_INPUT_WITH_WEAK_PULLUP ;        ;              ;                     ; Column I/O   ;                 ; no       ; On           ;
; AA17     ;            ; 4A             ; VCCIO4A                         ; power  ;              ; 3.3V                ; --           ;                 ; --       ; --           ;
; AA18     ; 168        ; 4A             ; RESERVED_INPUT_WITH_WEAK_PULLUP ;        ;              ;                     ; Column I/O   ;                 ; no       ; On           ;
; AA19     ; 176        ; 4A             ; RESERVED_INPUT_WITH_WEAK_PULLUP ;        ;              ;                     ; Column I/O   ;                 ; no       ; On           ;
; AA20     ; 200        ; 4A             ; RESERVED_INPUT_WITH_WEAK_PULLUP ;        ;              ;                     ; Column I/O   ;                 ; no       ; On           ;
; AA21     ; 210        ; 4A             ; RESERVED_INPUT_WITH_WEAK_PULLUP ;        ;              ;                     ; Column I/O   ;                 ; no       ; On           ;
; AA22     ;            ;                ; GND                             ; gnd    ;              ;                     ; --           ;                 ; --       ; --           ;
; AA23     ;            ; --             ; VCCPGM                          ; power  ;              ; 1.8V/2.5V/3.0V/3.3V ; --           ;                 ; --       ; --           ;
; AA24     ; 228        ; 5A             ; leds_export[0]                  ; output ; 3.3-V LVTTL  ;                     ; Row I/O      ; Y               ; no       ; Off          ;
; AA25     ; 224        ; 5A             ; RESERVED_INPUT_WITH_WEAK_PULLUP ;        ;              ;                     ; Row I/O      ;                 ; no       ; On           ;
; AA26     ; 252        ; 5B             ; RESERVED_INPUT_WITH_WEAK_PULLUP ;        ;              ;                     ; Row I/O      ;                 ; no       ; On           ;
; AA27     ;            ; 5B             ; VCCIO5B                         ; power  ;              ; 2.5V                ; --           ;                 ; --       ; --           ;
; AA28     ; 251        ; 5B             ; RESERVED_INPUT_WITH_WEAK_PULLUP ;        ;              ;                     ; Row I/O      ;                 ; no       ; On           ;
; AA29     ;            ; 5B             ; VREFB5BN0                       ; power  ;              ;                     ; --           ;                 ; --       ; --           ;
; AA30     ; 250        ; 5B             ; RESERVED_INPUT_WITH_WEAK_PULLUP ;        ;              ;                     ; Row I/O      ;                 ; no       ; On           ;
; AB1      ;            ;                ; GND                             ; gnd    ;              ;                     ; --           ;                 ; --       ; --           ;
; AB2      ;            ;                ; GND                             ; gnd    ;              ;                     ; --           ;                 ; --       ; --           ;
; AB3      ; 32         ; B0L            ; GXB_NC                          ;        ;              ;                     ; --           ;                 ; --       ; --           ;
; AB4      ; 33         ; B0L            ; GXB_NC                          ;        ;              ;                     ; --           ;                 ; --       ; --           ;
; AB5      ;            ;                ; GND                             ; gnd    ;              ;                     ; --           ;                 ; --       ; --           ;
; AB6      ;            ; --             ; VCCH_GXBL                       ; power  ;              ; 2.5V                ; --           ;                 ; --       ; --           ;
; AB7      ;            ;                ; GND                             ; gnd    ;              ;                     ; --           ;                 ; --       ; --           ;
; AB8      ; 43         ; 3A             ; ^nCSO, DATA4                    ;        ;              ;                     ; Weak Pull Up ;                 ; --       ; On           ;
; AB9      ; 42         ; 3A             ; altera_reserved_tdo             ; output ; 2.5 V        ;                     ; --           ; N               ; no       ; Off          ;
; AB10     ;            ; --             ; VCCPGM                          ; power  ;              ; 1.8V/2.5V/3.0V/3.3V ; --           ;                 ; --       ; --           ;
; AB11     ;            ; --             ; VCC_AUX                         ; power  ;              ; 2.5V                ; --           ;                 ; --       ; --           ;
; AB12     ; 72         ; 3A             ; RESERVED_INPUT_WITH_WEAK_PULLUP ;        ;              ;                     ; Column I/O   ;                 ; no       ; On           ;
; AB13     ; 88         ; 3B             ; sdram_wire_dqm[0]               ; output ; 3.3-V LVTTL  ;                     ; Column I/O   ; Y               ; no       ; Off          ;
; AB14     ;            ; 3B             ; VCCIO3B                         ; power  ;              ; 3.3V                ; --           ;                 ; --       ; --           ;
; AB15     ; 106        ; 3B             ; sdram_wire_addr[4]              ; output ; 3.3-V LVTTL  ;                     ; Column I/O   ; Y               ; no       ; Off          ;
; AB16     ;            ; --             ; VCC_AUX                         ; power  ;              ; 2.5V                ; --           ;                 ; --       ; --           ;
; AB17     ; 144        ; 4A             ; RESERVED_INPUT_WITH_WEAK_PULLUP ;        ;              ;                     ; Column I/O   ;                 ; no       ; On           ;
; AB18     ;            ; 3B, 4A         ; VCCPD3B4A                       ; power  ;              ; 3.3V                ; --           ;                 ; --       ; --           ;
; AB19     ;            ;                ; GND                             ; gnd    ;              ;                     ; --           ;                 ; --       ; --           ;
; AB20     ;            ; 3B, 4A         ; VCCPD3B4A                       ; power  ;              ; 3.3V                ; --           ;                 ; --       ; --           ;
; AB21     ; 208        ; 4A             ; RESERVED_INPUT_WITH_WEAK_PULLUP ;        ;              ;                     ; Column I/O   ;                 ; no       ; On           ;
; AB22     ; 225        ; 5A             ; leds_export[8]                  ; output ; 3.3-V LVTTL  ;                     ; Row I/O      ; Y               ; no       ; Off          ;
; AB23     ; 227        ; 5A             ; leds_export[1]                  ; output ; 3.3-V LVTTL  ;                     ; Row I/O      ; Y               ; no       ; Off          ;
; AB24     ;            ; 5A             ; VCCIO5A                         ; power  ;              ; 3.3V                ; --           ;                 ; --       ; --           ;
; AB25     ; 230        ; 5A             ; RESERVED_INPUT_WITH_WEAK_PULLUP ;        ;              ;                     ; Row I/O      ;                 ; no       ; On           ;
; AB26     ; 226        ; 5A             ; RESERVED_INPUT_WITH_WEAK_PULLUP ;        ;              ;                     ; Row I/O      ;                 ; no       ; On           ;
; AB27     ; 254        ; 5B             ; RESERVED_INPUT_WITH_WEAK_PULLUP ;        ;              ;                     ; Row I/O      ;                 ; no       ; On           ;
; AB28     ; 249        ; 5B             ; RESERVED_INPUT_WITH_WEAK_PULLUP ;        ;              ;                     ; Row I/O      ;                 ; no       ; On           ;
; AB29     ;            ;                ; GND                             ; gnd    ;              ;                     ; --           ;                 ; --       ; --           ;
; AB30     ; 248        ; 5B             ; RESERVED_INPUT_WITH_WEAK_PULLUP ;        ;              ;                     ; Row I/O      ;                 ; no       ; On           ;
; AC1      ; 35         ; B0L            ; GND                             ;        ;              ;                     ; --           ;                 ; --       ; --           ;
; AC2      ; 34         ; B0L            ; GND                             ;        ;              ;                     ; --           ;                 ; --       ; --           ;
; AC3      ;            ;                ; GND                             ; gnd    ;              ;                     ; --           ;                 ; --       ; --           ;
; AC4      ;            ;                ; GND                             ; gnd    ;              ;                     ; --           ;                 ; --       ; --           ;
; AC5      ; 46         ; 3A             ; altera_reserved_tck             ; input  ; 2.5 V        ;                     ; --           ; N               ; no       ; Off          ;
; AC6      ;            ;                ; GND                             ; gnd    ;              ;                     ; --           ;                 ; --       ; --           ;
; AC7      ; 45         ; 3A             ; ^AS_DATA3, DATA3                ;        ;              ;                     ; Weak Pull Up ;                 ; --       ; On           ;
; AC8      ;            ;                ; GND                             ; gnd    ;              ;                     ; --           ;                 ; --       ; --           ;
; AC9      ; 58         ; 3A             ; RESERVED_INPUT_WITH_WEAK_PULLUP ;        ;              ;                     ; Column I/O   ;                 ; no       ; On           ;
; AC10     ;            ; 3A             ; VCCPD3A                         ; power  ;              ; 2.5V                ; --           ;                 ; --       ; --           ;
; AC11     ;            ; 3A             ; VCCIO3A                         ; power  ;              ; 2.5V                ; --           ;                 ; --       ; --           ;
; AC12     ; 82         ; 3A             ; RESERVED_INPUT_WITH_WEAK_PULLUP ;        ;              ;                     ; Column I/O   ;                 ; no       ; On           ;
; AC13     ;            ; 3B, 4A         ; VCCPD3B4A                       ; power  ;              ; 3.3V                ; --           ;                 ; --       ; --           ;
; AC14     ; 104        ; 3B             ; sdram_wire_addr[5]              ; output ; 3.3-V LVTTL  ;                     ; Column I/O   ; Y               ; no       ; Off          ;
; AC15     ;            ; 3B, 4A         ; VCCPD3B4A                       ; power  ;              ; 3.3V                ; --           ;                 ; --       ; --           ;
; AC16     ;            ;                ; GND                             ; gnd    ;              ;                     ; --           ;                 ; --       ; --           ;
; AC17     ;            ; 3B, 4A         ; VCCPD3B4A                       ; power  ;              ; 3.3V                ; --           ;                 ; --       ; --           ;
; AC18     ; 162        ; 4A             ; RESERVED_INPUT_WITH_WEAK_PULLUP ;        ;              ;                     ; Column I/O   ;                 ; no       ; On           ;
; AC19     ;            ; 3B, 4A         ; VCCPD3B4A                       ; power  ;              ; 3.3V                ; --           ;                 ; --       ; --           ;
; AC20     ; 186        ; 4A             ; RESERVED_INPUT_WITH_WEAK_PULLUP ;        ;              ;                     ; Column I/O   ;                 ; no       ; On           ;
; AC21     ;            ; 4A             ; VCCIO4A                         ; power  ;              ; 3.3V                ; --           ;                 ; --       ; --           ;
; AC22     ; 207        ; 4A             ; leds_export[9]                  ; output ; 3.3-V LVTTL  ;                     ; Column I/O   ; Y               ; no       ; Off          ;
; AC23     ; 205        ; 4A             ; leds_export[2]                  ; output ; 3.3-V LVTTL  ;                     ; Column I/O   ; Y               ; no       ; Off          ;
; AC24     ;            ; 5A             ; VREFB5AN0                       ; power  ;              ;                     ; --           ;                 ; --       ; --           ;
; AC25     ; 215        ; 5A             ; RESERVED_INPUT_WITH_WEAK_PULLUP ;        ;              ;                     ; Row I/O      ;                 ; no       ; On           ;
; AC26     ;            ;                ; GND                             ; gnd    ;              ;                     ; --           ;                 ; --       ; --           ;
; AC27     ; 242        ; 5A             ; RESERVED_INPUT_WITH_WEAK_PULLUP ;        ;              ;                     ; Row I/O      ;                 ; no       ; On           ;
; AC28     ; 245        ; 5B             ; RESERVED_INPUT_WITH_WEAK_PULLUP ;        ;              ;                     ; Row I/O      ;                 ; no       ; On           ;
; AC29     ; 247        ; 5B             ; RESERVED_INPUT_WITH_WEAK_PULLUP ;        ;              ;                     ; Row I/O      ;                 ; no       ; On           ;
; AC30     ; 259        ; 5B             ; RESERVED_INPUT_WITH_WEAK_PULLUP ;        ;              ;                     ; Row I/O      ;                 ; no       ; On           ;
; AD1      ;            ;                ; GND                             ; gnd    ;              ;                     ; --           ;                 ; --       ; --           ;
; AD2      ;            ;                ; GND                             ; gnd    ;              ;                     ; --           ;                 ; --       ; --           ;
; AD3      ; 36         ; B0L            ; GXB_NC                          ;        ;              ;                     ; --           ;                 ; --       ; --           ;
; AD4      ; 37         ; B0L            ; GXB_NC                          ;        ;              ;                     ; --           ;                 ; --       ; --           ;
; AD5      ;            ;                ; GND                             ; gnd    ;              ;                     ; --           ;                 ; --       ; --           ;
; AD6      ;            ; 3A             ; VREFB3AN0                       ; power  ;              ;                     ; --           ;                 ; --       ; --           ;
; AD7      ; 62         ; 3A             ; RESERVED_INPUT_WITH_WEAK_PULLUP ;        ;              ;                     ; Column I/O   ;                 ; no       ; On           ;
; AD8      ;            ; 3A             ; VCCIO3A                         ; power  ;              ; 2.5V                ; --           ;                 ; --       ; --           ;
; AD9      ; 55         ; 3A             ; RESERVED_INPUT_WITH_WEAK_PULLUP ;        ;              ;                     ; Column I/O   ;                 ; no       ; On           ;
; AD10     ; 56         ; 3A             ; RESERVED_INPUT_WITH_WEAK_PULLUP ;        ;              ;                     ; Column I/O   ;                 ; no       ; On           ;
; AD11     ; 54         ; 3A             ; RESERVED_INPUT_WITH_WEAK_PULLUP ;        ;              ;                     ; Column I/O   ;                 ; no       ; On           ;
; AD12     ; 80         ; 3A             ; RESERVED_INPUT_WITH_WEAK_PULLUP ;        ;              ;                     ; Column I/O   ;                 ; no       ; On           ;
; AD13     ;            ; 3B             ; VCCIO3B                         ; power  ;              ; 3.3V                ; --           ;                 ; --       ; --           ;
; AD14     ; 98         ; 3B             ; sdram_wire_addr[6]              ; output ; 3.3-V LVTTL  ;                     ; Column I/O   ; Y               ; no       ; Off          ;
; AD15     ;            ;                ; DNU                             ;        ;              ;                     ; --           ;                 ; --       ; --           ;
; AD16     ;            ; 3B, 4A         ; VCCPD3B4A                       ; power  ;              ; 3.3V                ; --           ;                 ; --       ; --           ;
; AD17     ; 160        ; 4A             ; RESERVED_INPUT_WITH_WEAK_PULLUP ;        ;              ;                     ; Column I/O   ;                 ; no       ; On           ;
; AD18     ;            ; 4A             ; VCCIO4A                         ; power  ;              ; 3.3V                ; --           ;                 ; --       ; --           ;
; AD19     ; 184        ; 4A             ; RESERVED_INPUT_WITH_WEAK_PULLUP ;        ;              ;                     ; Column I/O   ;                 ; no       ; On           ;
; AD20     ; 199        ; 4A             ; RESERVED_INPUT_WITH_WEAK_PULLUP ;        ;              ;                     ; Column I/O   ;                 ; no       ; On           ;
; AD21     ; 197        ; 4A             ; RESERVED_INPUT_WITH_WEAK_PULLUP ;        ;              ;                     ; Column I/O   ;                 ; no       ; On           ;
; AD22     ;            ; --             ; VCC_AUX                         ; power  ;              ; 2.5V                ; --           ;                 ; --       ; --           ;
; AD23     ;            ;                ; GND                             ; gnd    ;              ;                     ; --           ;                 ; --       ; --           ;
; AD24     ; 211        ; 4A             ; leds_export[3]                  ; output ; 3.3-V LVTTL  ;                     ; Column I/O   ; Y               ; no       ; Off          ;
; AD25     ; 213        ; 5A             ; RESERVED_INPUT_WITH_WEAK_PULLUP ;        ;              ;                     ; Row I/O      ;                 ; no       ; On           ;
; AD26     ; 240        ; 5A             ; RESERVED_INPUT_WITH_WEAK_PULLUP ;        ;              ;                     ; Row I/O      ;                 ; no       ; On           ;
; AD27     ; 222        ; 5A             ; RESERVED_INPUT_WITH_WEAK_PULLUP ;        ;              ;                     ; Row I/O      ;                 ; no       ; On           ;
; AD28     ;            ; 5A             ; VCCIO5A                         ; power  ;              ; 3.3V                ; --           ;                 ; --       ; --           ;
; AD29     ; 255        ; 5B             ; RESERVED_INPUT_WITH_WEAK_PULLUP ;        ;              ;                     ; Row I/O      ;                 ; no       ; On           ;
; AD30     ; 257        ; 5B             ; RESERVED_INPUT_WITH_WEAK_PULLUP ;        ;              ;                     ; Row I/O      ;                 ; no       ; On           ;
; AE1      ; 39         ; B0L            ; GND                             ;        ;              ;                     ; --           ;                 ; --       ; --           ;
; AE2      ; 38         ; B0L            ; GND                             ;        ;              ;                     ; --           ;                 ; --       ; --           ;
; AE3      ;            ;                ; GND                             ; gnd    ;              ;                     ; --           ;                 ; --       ; --           ;
; AE4      ;            ;                ; GND                             ; gnd    ;              ;                     ; --           ;                 ; --       ; --           ;
; AE5      ; 49         ; 3A             ; ^AS_DATA1, DATA1                ;        ;              ;                     ; Weak Pull Up ;                 ; --       ; On           ;
; AE6      ; 51         ; 3A             ; ^AS_DATA0, ASDO, DATA0          ;        ;              ;                     ; Weak Pull Up ;                 ; --       ; On           ;
; AE7      ; 60         ; 3A             ; RESERVED_INPUT_WITH_WEAK_PULLUP ;        ;              ;                     ; Column I/O   ;                 ; no       ; On           ;
; AE8      ; 47         ; 3A             ; ^AS_DATA2, DATA2                ;        ;              ;                     ; Weak Pull Up ;                 ; --       ; On           ;
; AE9      ; 53         ; 3A             ; RESERVED_INPUT_WITH_WEAK_PULLUP ;        ;              ;                     ; Column I/O   ;                 ; no       ; On           ;
; AE10     ;            ;                ; GND                             ; gnd    ;              ;                     ; --           ;                 ; --       ; --           ;
; AE11     ; 59         ; 3A             ; RESERVED_INPUT_WITH_WEAK_PULLUP ;        ;              ;                     ; Column I/O   ;                 ; no       ; On           ;
; AE12     ; 52         ; 3A             ; RESERVED_INPUT_WITH_WEAK_PULLUP ;        ;              ;                     ; Column I/O   ;                 ; no       ; On           ;
; AE13     ; 95         ; 3B             ; sdram_wire_ras_n                ; output ; 3.3-V LVTTL  ;                     ; Column I/O   ; Y               ; no       ; Off          ;
; AE14     ; 96         ; 3B             ; sdram_wire_addr[3]              ; output ; 3.3-V LVTTL  ;                     ; Column I/O   ; Y               ; no       ; Off          ;
; AE15     ;            ; 3B             ; VCCIO3B                         ; power  ;              ; 3.3V                ; --           ;                 ; --       ; --           ;
; AE16     ; 139        ; 4A             ; RESERVED_INPUT_WITH_WEAK_PULLUP ;        ;              ;                     ; Column I/O   ;                 ; no       ; On           ;
; AE17     ; 135        ; 4A             ; RESERVED_INPUT_WITH_WEAK_PULLUP ;        ;              ;                     ; Column I/O   ;                 ; no       ; On           ;
; AE18     ; 167        ; 4A             ; RESERVED_INPUT_WITH_WEAK_PULLUP ;        ;              ;                     ; Column I/O   ;                 ; no       ; On           ;
; AE19     ; 165        ; 4A             ; RESERVED_INPUT_WITH_WEAK_PULLUP ;        ;              ;                     ; Column I/O   ;                 ; no       ; On           ;
; AE20     ;            ;                ; GND                             ; gnd    ;              ;                     ; --           ;                 ; --       ; --           ;
; AE21     ;            ; 3B, 4A         ; VCCPD3B4A                       ; power  ;              ; 3.3V                ; --           ;                 ; --       ; --           ;
; AE22     ; 191        ; 4A             ; RESERVED_INPUT_WITH_WEAK_PULLUP ;        ;              ;                     ; Column I/O   ;                 ; no       ; On           ;
; AE23     ; 189        ; 4A             ; RESERVED_INPUT_WITH_WEAK_PULLUP ;        ;              ;                     ; Column I/O   ;                 ; no       ; On           ;
; AE24     ; 209        ; 4A             ; leds_export[6]                  ; output ; 3.3-V LVTTL  ;                     ; Column I/O   ; Y               ; no       ; Off          ;
; AE25     ;            ; 4A             ; VCCIO4A                         ; power  ;              ; 3.3V                ; --           ;                 ; --       ; --           ;
; AE26     ; 220        ; 5A             ; RESERVED_INPUT_WITH_WEAK_PULLUP ;        ;              ;                     ; Row I/O      ;                 ; no       ; On           ;
; AE27     ; 229        ; 5A             ; RESERVED_INPUT_WITH_WEAK_PULLUP ;        ;              ;                     ; Row I/O      ;                 ; no       ; On           ;
; AE28     ; 231        ; 5A             ; RESERVED_INPUT_WITH_WEAK_PULLUP ;        ;              ;                     ; Row I/O      ;                 ; no       ; On           ;
; AE29     ; 253        ; 5B             ; RESERVED_INPUT_WITH_WEAK_PULLUP ;        ;              ;                     ; Row I/O      ;                 ; no       ; On           ;
; AE30     ;            ; 5B             ; VCCIO5B                         ; power  ;              ; 2.5V                ; --           ;                 ; --       ; --           ;
; AF1      ;            ;                ; GND                             ; gnd    ;              ;                     ; --           ;                 ; --       ; --           ;
; AF2      ;            ;                ; GND                             ; gnd    ;              ;                     ; --           ;                 ; --       ; --           ;
; AF3      ;            ;                ; GND                             ; gnd    ;              ;                     ; --           ;                 ; --       ; --           ;
; AF4      ; 66         ; 3A             ; RESERVED_INPUT_WITH_WEAK_PULLUP ;        ;              ;                     ; Column I/O   ;                 ; no       ; On           ;
; AF5      ; 64         ; 3A             ; RESERVED_INPUT_WITH_WEAK_PULLUP ;        ;              ;                     ; Column I/O   ;                 ; no       ; On           ;
; AF6      ; 75         ; 3A             ; RESERVED_INPUT_WITH_WEAK_PULLUP ;        ;              ;                     ; Column I/O   ;                 ; no       ; On           ;
; AF7      ;            ; 3A             ; VCCIO3A                         ; power  ;              ; 2.5V                ; --           ;                 ; --       ; --           ;
; AF8      ; 70         ; 3A             ; RESERVED_INPUT_WITH_WEAK_PULLUP ;        ;              ;                     ; Column I/O   ;                 ; no       ; On           ;
; AF9      ; 67         ; 3A             ; RESERVED_INPUT_WITH_WEAK_PULLUP ;        ;              ;                     ; Column I/O   ;                 ; no       ; On           ;
; AF10     ; 57         ; 3A             ; RESERVED_INPUT_WITH_WEAK_PULLUP ;        ;              ;                     ; Column I/O   ;                 ; no       ; On           ;
; AF11     ; 87         ; 3B             ; sdram_wire_cas_n                ; output ; 3.3-V LVTTL  ;                     ; Column I/O   ; Y               ; no       ; Off          ;
; AF12     ;            ;                ; GND                             ; gnd    ;              ;                     ; --           ;                 ; --       ; --           ;
; AF13     ; 93         ; 3B             ; sdram_wire_ba[0]                ; output ; 3.3-V LVTTL  ;                     ; Column I/O   ; Y               ; no       ; Off          ;
; AF14     ; 114        ; 3B             ; clk_clk                         ; input  ; 3.3-V LVTTL  ;                     ; Column I/O   ; Y               ; no       ; Off          ;
; AF15     ; 112        ; 3B             ; sdram_wire_addr[7]              ; output ; 3.3-V LVTTL  ;                     ; Column I/O   ; Y               ; no       ; Off          ;
; AF16     ; 137        ; 4A             ; RESERVED_INPUT_WITH_WEAK_PULLUP ;        ;              ;                     ; Column I/O   ;                 ; no       ; On           ;
; AF17     ;            ;                ; GND                             ; gnd    ;              ;                     ; --           ;                 ; --       ; --           ;
; AF18     ; 133        ; 4A             ; RESERVED_INPUT_WITH_WEAK_PULLUP ;        ;              ;                     ; Column I/O   ;                 ; no       ; On           ;
; AF19     ; 159        ; 4A             ; RESERVED_INPUT_WITH_WEAK_PULLUP ;        ;              ;                     ; Column I/O   ;                 ; no       ; On           ;
; AF20     ; 175        ; 4A             ; RESERVED_INPUT_WITH_WEAK_PULLUP ;        ;              ;                     ; Column I/O   ;                 ; no       ; On           ;
; AF21     ; 173        ; 4A             ; RESERVED_INPUT_WITH_WEAK_PULLUP ;        ;              ;                     ; Column I/O   ;                 ; no       ; On           ;
; AF22     ;            ; 4A             ; VCCIO4A                         ; power  ;              ; 3.3V                ; --           ;                 ; --       ; --           ;
; AF23     ; 183        ; 4A             ; RESERVED_INPUT_WITH_WEAK_PULLUP ;        ;              ;                     ; Column I/O   ;                 ; no       ; On           ;
; AF24     ; 181        ; 4A             ; leds_export[7]                  ; output ; 3.3-V LVTTL  ;                     ; Column I/O   ; Y               ; no       ; Off          ;
; AF25     ; 206        ; 4A             ; leds_export[5]                  ; output ; 3.3-V LVTTL  ;                     ; Column I/O   ; Y               ; no       ; Off          ;
; AF26     ; 204        ; 4A             ; RESERVED_INPUT_WITH_WEAK_PULLUP ;        ;              ;                     ; Column I/O   ;                 ; no       ; On           ;
; AF27     ;            ;                ; GND                             ; gnd    ;              ;                     ; --           ;                 ; --       ; --           ;
; AF28     ; 235        ; 5A             ; RESERVED_INPUT_WITH_WEAK_PULLUP ;        ;              ;                     ; Row I/O      ;                 ; no       ; On           ;
; AF29     ; 237        ; 5A             ; RESERVED_INPUT_WITH_WEAK_PULLUP ;        ;              ;                     ; Row I/O      ;                 ; no       ; On           ;
; AF30     ; 239        ; 5A             ; RESERVED_INPUT_WITH_WEAK_PULLUP ;        ;              ;                     ; Row I/O      ;                 ; no       ; On           ;
; AG1      ; 71         ; 3A             ; RESERVED_INPUT_WITH_WEAK_PULLUP ;        ;              ;                     ; Column I/O   ;                 ; no       ; On           ;
; AG2      ; 83         ; 3A             ; RESERVED_INPUT_WITH_WEAK_PULLUP ;        ;              ;                     ; Column I/O   ;                 ; no       ; On           ;
; AG3      ; 63         ; 3A             ; RESERVED_INPUT_WITH_WEAK_PULLUP ;        ;              ;                     ; Column I/O   ;                 ; no       ; On           ;
; AG4      ;            ; 3A             ; VCCIO3A                         ; power  ;              ; 2.5V                ; --           ;                 ; --       ; --           ;
; AG5      ; 78         ; 3A             ; RESERVED_INPUT_WITH_WEAK_PULLUP ;        ;              ;                     ; Column I/O   ;                 ; no       ; On           ;
; AG6      ; 73         ; 3A             ; RESERVED_INPUT_WITH_WEAK_PULLUP ;        ;              ;                     ; Column I/O   ;                 ; no       ; On           ;
; AG7      ; 68         ; 3A             ; RESERVED_INPUT_WITH_WEAK_PULLUP ;        ;              ;                     ; Column I/O   ;                 ; no       ; On           ;
; AG8      ; 65         ; 3A             ; RESERVED_INPUT_WITH_WEAK_PULLUP ;        ;              ;                     ; Column I/O   ;                 ; no       ; On           ;
; AG9      ;            ;                ; GND                             ; gnd    ;              ;                     ; --           ;                 ; --       ; --           ;
; AG10     ; 86         ; 3B             ; sdram_wire_dq[5]                ; bidir  ; 3.3-V LVTTL  ;                     ; Column I/O   ; Y               ; no       ; Off          ;
; AG11     ; 85         ; 3B             ; sdram_wire_cs_n                 ; output ; 3.3-V LVTTL  ;                     ; Column I/O   ; Y               ; no       ; Off          ;
; AG12     ; 103        ; 3B             ; sdram_wire_addr[10]             ; output ; 3.3-V LVTTL  ;                     ; Column I/O   ; Y               ; no       ; Off          ;
; AG13     ; 101        ; 3B             ; sdram_wire_addr[9]              ; output ; 3.3-V LVTTL  ;                     ; Column I/O   ; Y               ; no       ; Off          ;
; AG14     ;            ;                ; GND                             ; gnd    ;              ;                     ; --           ;                 ; --       ; --           ;
; AG15     ; 127        ; 3B             ; sdram_wire_addr[2]              ; output ; 3.3-V LVTTL  ;                     ; Column I/O   ; Y               ; no       ; Off          ;
; AG16     ; 134        ; 4A             ; RESERVED_INPUT_WITH_WEAK_PULLUP ;        ;              ;                     ; Column I/O   ;                 ; no       ; On           ;
; AG17     ; 132        ; 4A             ; RESERVED_INPUT_WITH_WEAK_PULLUP ;        ;              ;                     ; Column I/O   ;                 ; no       ; On           ;
; AG18     ; 150        ; 4A             ; RESERVED_INPUT_WITH_WEAK_PULLUP ;        ;              ;                     ; Column I/O   ;                 ; no       ; On           ;
; AG19     ;            ; 4A             ; VCCIO4A                         ; power  ;              ; 3.3V                ; --           ;                 ; --       ; --           ;
; AG20     ; 157        ; 4A             ; RESERVED_INPUT_WITH_WEAK_PULLUP ;        ;              ;                     ; Column I/O   ;                 ; no       ; On           ;
; AG21     ; 143        ; 4A             ; RESERVED_INPUT_WITH_WEAK_PULLUP ;        ;              ;                     ; Column I/O   ;                 ; no       ; On           ;
; AG22     ; 166        ; 4A             ; RESERVED_INPUT_WITH_WEAK_PULLUP ;        ;              ;                     ; Column I/O   ;                 ; no       ; On           ;
; AG23     ; 163        ; 4A             ; RESERVED_INPUT_WITH_WEAK_PULLUP ;        ;              ;                     ; Column I/O   ;                 ; no       ; On           ;
; AG24     ;            ;                ; GND                             ; gnd    ;              ;                     ; --           ;                 ; --       ; --           ;
; AG25     ; 190        ; 4A             ; leds_export[4]                  ; output ; 3.3-V LVTTL  ;                     ; Column I/O   ; Y               ; no       ; Off          ;
; AG26     ; 203        ; 4A             ; RESERVED_INPUT_WITH_WEAK_PULLUP ;        ;              ;                     ; Column I/O   ;                 ; no       ; On           ;
; AG27     ; 212        ; 5A             ; RESERVED_INPUT_WITH_WEAK_PULLUP ;        ;              ;                     ; Row I/O      ;                 ; no       ; On           ;
; AG28     ; 233        ; 5A             ; RESERVED_INPUT_WITH_WEAK_PULLUP ;        ;              ;                     ; Row I/O      ;                 ; no       ; On           ;
; AG29     ;            ; 5A             ; VCCIO5A                         ; power  ;              ; 3.3V                ; --           ;                 ; --       ; --           ;
; AG30     ; 243        ; 5A             ; RESERVED_INPUT_WITH_WEAK_PULLUP ;        ;              ;                     ; Row I/O      ;                 ; no       ; On           ;
; AH1      ;            ;                ; GND                             ; gnd    ;              ;                     ; --           ;                 ; --       ; --           ;
; AH2      ; 69         ; 3A             ; RESERVED_INPUT_WITH_WEAK_PULLUP ;        ;              ;                     ; Column I/O   ;                 ; no       ; On           ;
; AH3      ; 81         ; 3A             ; RESERVED_INPUT_WITH_WEAK_PULLUP ;        ;              ;                     ; Column I/O   ;                 ; no       ; On           ;
; AH4      ; 61         ; 3A             ; RESERVED_INPUT_WITH_WEAK_PULLUP ;        ;              ;                     ; Column I/O   ;                 ; no       ; On           ;
; AH5      ; 76         ; 3A             ; RESERVED_INPUT_WITH_WEAK_PULLUP ;        ;              ;                     ; Column I/O   ;                 ; no       ; On           ;
; AH6      ;            ;                ; GND                             ; gnd    ;              ;                     ; --           ;                 ; --       ; --           ;
; AH7      ; 115        ; 3B             ; sdram_wire_dq[13]               ; bidir  ; 3.3-V LVTTL  ;                     ; Column I/O   ; Y               ; no       ; Off          ;
; AH8      ; 113        ; 3B             ; sdram_wire_dq[12]               ; bidir  ; 3.3-V LVTTL  ;                     ; Column I/O   ; Y               ; no       ; Off          ;
; AH9      ; 84         ; 3B             ; sdram_wire_dq[11]               ; bidir  ; 3.3-V LVTTL  ;                     ; Column I/O   ; Y               ; no       ; Off          ;
; AH10     ; 118        ; 3B             ; sdram_wire_dq[8]                ; bidir  ; 3.3-V LVTTL  ;                     ; Column I/O   ; Y               ; no       ; Off          ;
; AH11     ;            ;                ; GND                             ; gnd    ;              ;                     ; --           ;                 ; --       ; --           ;
; AH12     ; 126        ; 3B             ; sdram_clk_clk                   ; output ; 3.3-V LVTTL  ;                     ; Column I/O   ; Y               ; no       ; Off          ;
; AH13     ; 111        ; 3B             ; sdram_wire_addr[11]             ; output ; 3.3-V LVTTL  ;                     ; Column I/O   ; Y               ; no       ; Off          ;
; AH14     ; 109        ; 3B             ; sdram_wire_addr[1]              ; output ; 3.3-V LVTTL  ;                     ; Column I/O   ; Y               ; no       ; Off          ;
; AH15     ; 125        ; 3B             ; sdram_wire_addr[8]              ; output ; 3.3-V LVTTL  ;                     ; Column I/O   ; Y               ; no       ; Off          ;
; AH16     ;            ; 4A             ; VCCIO4A                         ; power  ;              ; 3.3V                ; --           ;                 ; --       ; --           ;
; AH17     ; 147        ; 4A             ; RESERVED_INPUT_WITH_WEAK_PULLUP ;        ;              ;                     ; Column I/O   ;                 ; no       ; On           ;
; AH18     ; 145        ; 4A             ; RESERVED_INPUT_WITH_WEAK_PULLUP ;        ;              ;                     ; Column I/O   ;                 ; no       ; On           ;
; AH19     ; 148        ; 4A             ; RESERVED_INPUT_WITH_WEAK_PULLUP ;        ;              ;                     ; Column I/O   ;                 ; no       ; On           ;
; AH20     ; 141        ; 4A             ; RESERVED_INPUT_WITH_WEAK_PULLUP ;        ;              ;                     ; Column I/O   ;                 ; no       ; On           ;
; AH21     ;            ;                ; GND                             ; gnd    ;              ;                     ; --           ;                 ; --       ; --           ;
; AH22     ; 164        ; 4A             ; RESERVED_INPUT_WITH_WEAK_PULLUP ;        ;              ;                     ; Column I/O   ;                 ; no       ; On           ;
; AH23     ; 174        ; 4A             ; RESERVED_INPUT_WITH_WEAK_PULLUP ;        ;              ;                     ; Column I/O   ;                 ; no       ; On           ;
; AH24     ; 161        ; 4A             ; RESERVED_INPUT_WITH_WEAK_PULLUP ;        ;              ;                     ; Column I/O   ;                 ; no       ; On           ;
; AH25     ; 188        ; 4A             ; RESERVED_INPUT_WITH_WEAK_PULLUP ;        ;              ;                     ; Column I/O   ;                 ; no       ; On           ;
; AH26     ;            ; 4A             ; VCCIO4A                         ; power  ;              ; 3.3V                ; --           ;                 ; --       ; --           ;
; AH27     ; 201        ; 4A             ; RESERVED_INPUT_WITH_WEAK_PULLUP ;        ;              ;                     ; Column I/O   ;                 ; no       ; On           ;
; AH28     ; 214        ; 5A             ; RESERVED_INPUT_WITH_WEAK_PULLUP ;        ;              ;                     ; Row I/O      ;                 ; no       ; On           ;
; AH29     ; 218        ; 5A             ; RESERVED_INPUT_WITH_WEAK_PULLUP ;        ;              ;                     ; Row I/O      ;                 ; no       ; On           ;
; AH30     ; 241        ; 5A             ; RESERVED_INPUT_WITH_WEAK_PULLUP ;        ;              ;                     ; Row I/O      ;                 ; no       ; On           ;
; AJ1      ; 79         ; 3A             ; RESERVED_INPUT_WITH_WEAK_PULLUP ;        ;              ;                     ; Column I/O   ;                 ; no       ; On           ;
; AJ2      ; 77         ; 3A             ; RESERVED_INPUT_WITH_WEAK_PULLUP ;        ;              ;                     ; Column I/O   ;                 ; no       ; On           ;
; AJ3      ;            ;                ; GND                             ; gnd    ;              ;                     ; --           ;                 ; --       ; --           ;
; AJ4      ; 94         ; 3B             ; buttons_export[0]               ; input  ; 3.3-V LVTTL  ;                     ; Column I/O   ; Y               ; no       ; Off          ;
; AJ5      ; 99         ; 3B             ; sdram_wire_dq[15]               ; bidir  ; 3.3-V LVTTL  ;                     ; Column I/O   ; Y               ; no       ; Off          ;
; AJ6      ; 102        ; 3B             ; sdram_wire_dq[14]               ; bidir  ; 3.3-V LVTTL  ;                     ; Column I/O   ; Y               ; no       ; Off          ;
; AJ7      ; 100        ; 3B             ; sdram_wire_dq[1]                ; bidir  ; 3.3-V LVTTL  ;                     ; Column I/O   ; Y               ; no       ; Off          ;
; AJ8      ;            ; 3B             ; VCCIO3B                         ; power  ;              ; 3.3V                ; --           ;                 ; --       ; --           ;
; AJ9      ; 110        ; 3B             ; sdram_wire_dq[10]               ; bidir  ; 3.3-V LVTTL  ;                     ; Column I/O   ; Y               ; no       ; Off          ;
; AJ10     ; 116        ; 3B             ; sdram_wire_dq[9]                ; bidir  ; 3.3-V LVTTL  ;                     ; Column I/O   ; Y               ; no       ; Off          ;
; AJ11     ; 119        ; 3B             ; sdram_wire_dq[7]                ; bidir  ; 3.3-V LVTTL  ;                     ; Column I/O   ; Y               ; no       ; Off          ;
; AJ12     ; 124        ; 3B             ; sdram_wire_ba[1]                ; output ; 3.3-V LVTTL  ;                     ; Column I/O   ; Y               ; no       ; Off          ;
; AJ13     ;            ; 3B             ; VCCIO3B                         ; power  ;              ; 3.3V                ; --           ;                 ; --       ; --           ;
; AJ14     ; 131        ; 3B             ; sdram_wire_addr[12]             ; output ; 3.3-V LVTTL  ;                     ; Column I/O   ; Y               ; no       ; Off          ;
; AJ15     ;            ; 3B             ; VREFB3BN0                       ; power  ;              ;                     ; --           ;                 ; --       ; --           ;
; AJ16     ; 142        ; 4A             ; RESERVED_INPUT_WITH_WEAK_PULLUP ;        ;              ;                     ; Column I/O   ;                 ; no       ; On           ;
; AJ17     ; 151        ; 4A             ; RESERVED_INPUT_WITH_WEAK_PULLUP ;        ;              ;                     ; Column I/O   ;                 ; no       ; On           ;
; AJ18     ;            ;                ; GND                             ; gnd    ;              ;                     ; --           ;                 ; --       ; --           ;
; AJ19     ; 155        ; 4A             ; RESERVED_INPUT_WITH_WEAK_PULLUP ;        ;              ;                     ; Column I/O   ;                 ; no       ; On           ;
; AJ20     ; 158        ; 4A             ; RESERVED_INPUT_WITH_WEAK_PULLUP ;        ;              ;                     ; Column I/O   ;                 ; no       ; On           ;
; AJ21     ; 156        ; 4A             ; RESERVED_INPUT_WITH_WEAK_PULLUP ;        ;              ;                     ; Column I/O   ;                 ; no       ; On           ;
; AJ22     ; 172        ; 4A             ; RESERVED_INPUT_WITH_WEAK_PULLUP ;        ;              ;                     ; Column I/O   ;                 ; no       ; On           ;
; AJ23     ;            ; 4A             ; VCCIO4A                         ; power  ;              ; 3.3V                ; --           ;                 ; --       ; --           ;
; AJ24     ; 182        ; 4A             ; RESERVED_INPUT_WITH_WEAK_PULLUP ;        ;              ;                     ; Column I/O   ;                 ; no       ; On           ;
; AJ25     ; 180        ; 4A             ; RESERVED_INPUT_WITH_WEAK_PULLUP ;        ;              ;                     ; Column I/O   ;                 ; no       ; On           ;
; AJ26     ; 187        ; 4A             ; RESERVED_INPUT_WITH_WEAK_PULLUP ;        ;              ;                     ; Column I/O   ;                 ; no       ; On           ;
; AJ27     ; 195        ; 4A             ; RESERVED_INPUT_WITH_WEAK_PULLUP ;        ;              ;                     ; Column I/O   ;                 ; no       ; On           ;
; AJ28     ;            ;                ; GND                             ; gnd    ;              ;                     ; --           ;                 ; --       ; --           ;
; AJ29     ; 216        ; 5A             ; RESERVED_INPUT_WITH_WEAK_PULLUP ;        ;              ;                     ; Row I/O      ;                 ; no       ; On           ;
; AJ30     ;            ;                ; GND                             ; gnd    ;              ;                     ; --           ;                 ; --       ; --           ;
; AK2      ; 91         ; 3B             ; RESERVED_INPUT_WITH_WEAK_PULLUP ;        ;              ;                     ; Column I/O   ;                 ; no       ; On           ;
; AK3      ; 89         ; 3B             ; RESERVED_INPUT_WITH_WEAK_PULLUP ;        ;              ;                     ; Column I/O   ;                 ; no       ; On           ;
; AK4      ; 92         ; 3B             ; buttons_export[1]               ; input  ; 3.3-V LVTTL  ;                     ; Column I/O   ; Y               ; no       ; Off          ;
; AK5      ;            ;                ; GND                             ; gnd    ;              ;                     ; --           ;                 ; --       ; --           ;
; AK6      ; 97         ; 3B             ; sdram_wire_dq[0]                ; bidir  ; 3.3-V LVTTL  ;                     ; Column I/O   ; Y               ; no       ; Off          ;
; AK7      ; 107        ; 3B             ; sdram_wire_dq[2]                ; bidir  ; 3.3-V LVTTL  ;                     ; Column I/O   ; Y               ; no       ; Off          ;
; AK8      ; 105        ; 3B             ; sdram_wire_dq[3]                ; bidir  ; 3.3-V LVTTL  ;                     ; Column I/O   ; Y               ; no       ; Off          ;
; AK9      ; 108        ; 3B             ; sdram_wire_dq[4]                ; bidir  ; 3.3-V LVTTL  ;                     ; Column I/O   ; Y               ; no       ; Off          ;
; AK10     ;            ; 3B             ; VCCIO3B                         ; power  ;              ; 3.3V                ; --           ;                 ; --       ; --           ;
; AK11     ; 117        ; 3B             ; sdram_wire_dq[6]                ; bidir  ; 3.3-V LVTTL  ;                     ; Column I/O   ; Y               ; no       ; Off          ;
; AK12     ; 123        ; 3B             ; sdram_wire_dqm[1]               ; output ; 3.3-V LVTTL  ;                     ; Column I/O   ; Y               ; no       ; Off          ;
; AK13     ; 121        ; 3B             ; sdram_wire_cke                  ; output ; 3.3-V LVTTL  ;                     ; Column I/O   ; Y               ; no       ; Off          ;
; AK14     ; 129        ; 3B             ; sdram_wire_addr[0]              ; output ; 3.3-V LVTTL  ;                     ; Column I/O   ; Y               ; no       ; Off          ;
; AK15     ;            ;                ; GND                             ; gnd    ;              ;                     ; --           ;                 ; --       ; --           ;
; AK16     ; 140        ; 4A             ; RESERVED_INPUT_WITH_WEAK_PULLUP ;        ;              ;                     ; Column I/O   ;                 ; no       ; On           ;
; AK17     ;            ; 4A             ; VREFB4AN0                       ; power  ;              ;                     ; --           ;                 ; --       ; --           ;
; AK18     ; 149        ; 4A             ; RESERVED_INPUT_WITH_WEAK_PULLUP ;        ;              ;                     ; Column I/O   ;                 ; no       ; On           ;
; AK19     ; 153        ; 4A             ; RESERVED_INPUT_WITH_WEAK_PULLUP ;        ;              ;                     ; Column I/O   ;                 ; no       ; On           ;
; AK20     ;            ; 4A             ; VCCIO4A                         ; power  ;              ; 3.3V                ; --           ;                 ; --       ; --           ;
; AK21     ; 171        ; 4A             ; RESERVED_INPUT_WITH_WEAK_PULLUP ;        ;              ;                     ; Column I/O   ;                 ; no       ; On           ;
; AK22     ; 169        ; 4A             ; RESERVED_INPUT_WITH_WEAK_PULLUP ;        ;              ;                     ; Column I/O   ;                 ; no       ; On           ;
; AK23     ; 179        ; 4A             ; RESERVED_INPUT_WITH_WEAK_PULLUP ;        ;              ;                     ; Column I/O   ;                 ; no       ; On           ;
; AK24     ; 177        ; 4A             ; RESERVED_INPUT_WITH_WEAK_PULLUP ;        ;              ;                     ; Column I/O   ;                 ; no       ; On           ;
; AK25     ;            ;                ; GND                             ; gnd    ;              ;                     ; --           ;                 ; --       ; --           ;
; AK26     ; 185        ; 4A             ; RESERVED_INPUT_WITH_WEAK_PULLUP ;        ;              ;                     ; Column I/O   ;                 ; no       ; On           ;
; AK27     ; 193        ; 4A             ; RESERVED_INPUT_WITH_WEAK_PULLUP ;        ;              ;                     ; Column I/O   ;                 ; no       ; On           ;
; AK28     ; 198        ; 4A             ; RESERVED_INPUT_WITH_WEAK_PULLUP ;        ;              ;                     ; Column I/O   ;                 ; no       ; On           ;
; AK29     ; 196        ; 4A             ; RESERVED_INPUT_WITH_WEAK_PULLUP ;        ;              ;                     ; Column I/O   ;                 ; no       ; On           ;
; B1       ; 509        ; 8A             ; RESERVED_INPUT_WITH_WEAK_PULLUP ;        ;              ;                     ; Column I/O   ;                 ; no       ; On           ;
; B2       ; 507        ; 8A             ; RESERVED_INPUT_WITH_WEAK_PULLUP ;        ;              ;                     ; Column I/O   ;                 ; no       ; On           ;
; B3       ; 513        ; 8A             ; RESERVED_INPUT_WITH_WEAK_PULLUP ;        ;              ;                     ; Column I/O   ;                 ; no       ; On           ;
; B4       ;            ; 8A             ; VCCIO8A                         ; power  ;              ; 2.5V                ; --           ;                 ; --       ; --           ;
; B5       ; 512        ; 8A             ; RESERVED_INPUT_WITH_WEAK_PULLUP ;        ;              ;                     ; Column I/O   ;                 ; no       ; On           ;
; B6       ; 510        ; 8A             ; RESERVED_INPUT_WITH_WEAK_PULLUP ;        ;              ;                     ; Column I/O   ;                 ; no       ; On           ;
; B7       ; 477        ; 8A             ; RESERVED_INPUT_WITH_WEAK_PULLUP ;        ;              ;                     ; Column I/O   ;                 ; no       ; On           ;
; B8       ; 481        ; 8A             ; RESERVED_INPUT_WITH_WEAK_PULLUP ;        ;              ;                     ; Column I/O   ;                 ; no       ; On           ;
; B9       ;            ;                ; GND                             ; gnd    ;              ;                     ; --           ;                 ; --       ; --           ;
; B10      ;            ; 8A             ; VREFB8AN0                       ; power  ;              ;                     ; --           ;                 ; --       ; --           ;
; B11      ; 469        ; 8A             ; RESERVED_INPUT_WITH_WEAK_PULLUP ;        ;              ;                     ; Column I/O   ;                 ; no       ; On           ;
; B12      ; 464        ; 8A             ; RESERVED_INPUT_WITH_WEAK_PULLUP ;        ;              ;                     ; Column I/O   ;                 ; no       ; On           ;
; B13      ; 459        ; 8A             ; RESERVED_INPUT_WITH_WEAK_PULLUP ;        ;              ;                     ; Column I/O   ;                 ; no       ; On           ;
; B14      ;            ;                ; GND                             ; gnd    ;              ;                     ; --           ;                 ; --       ; --           ;
; B15      ; 451        ; 7D             ; RESERVED_INPUT_WITH_WEAK_PULLUP ;        ;              ;                     ; Column I/O   ;                 ; no       ; On           ;
; B16      ; 441        ; 7C             ; RESERVED_INPUT_WITH_WEAK_PULLUP ;        ;              ;                     ; Column I/O   ;                 ; no       ; On           ;
; B17      ; 431        ; 7C             ; RESERVED_INPUT_WITH_WEAK_PULLUP ;        ;              ;                     ; Column I/O   ;                 ; no       ; On           ;
; B18      ; 418        ; 7B             ; RESERVED_INPUT_WITH_WEAK_PULLUP ;        ;              ;                     ; Column I/O   ;                 ; no       ; On           ;
; B19      ;            ;                ; GND                             ; gnd    ;              ;                     ; --           ;                 ; --       ; --           ;
; B20      ; 417        ; 7B             ; RESERVED_INPUT_WITH_WEAK_PULLUP ;        ;              ;                     ; Column I/O   ;                 ; no       ; On           ;
; B21      ; 413        ; 7B             ; RESERVED_INPUT_WITH_WEAK_PULLUP ;        ;              ;                     ; Column I/O   ;                 ; no       ; On           ;
; B22      ; 399        ; 7A             ; RESERVED_INPUT_WITH_WEAK_PULLUP ;        ;              ;                     ; Column I/O   ;                 ; no       ; On           ;
; B23      ; 397        ; 7A             ; RESERVED_INPUT_WITH_WEAK_PULLUP ;        ;              ;                     ; Column I/O   ;                 ; no       ; On           ;
; B24      ;            ;                ; GND                             ; gnd    ;              ;                     ; --           ;                 ; --       ; --           ;
; B25      ; 387        ; 7A             ; RESERVED_INPUT_WITH_WEAK_PULLUP ;        ;              ;                     ; Column I/O   ;                 ; no       ; On           ;
; B26      ; 386        ; 7A             ; RESERVED_INPUT_WITH_WEAK_PULLUP ;        ;              ;                     ; Column I/O   ;                 ; no       ; On           ;
; B27      ; 381        ; 7A             ; ^HPS_TDI                        ;        ;              ;                     ; --           ;                 ; --       ; --           ;
; B28      ; 376        ; 7A             ; ^HPS_TDO                        ;        ;              ;                     ; --           ;                 ; --       ; --           ;
; B29      ;            ;                ; GND                             ; gnd    ;              ;                     ; --           ;                 ; --       ; --           ;
; B30      ; 365        ; 6A             ; RESERVED_INPUT_WITH_WEAK_PULLUP ;        ;              ;                     ; Row I/O      ;                 ; no       ; On           ;
; C1       ;            ;                ; GND                             ; gnd    ;              ;                     ; --           ;                 ; --       ; --           ;
; C2       ; 517        ; 8A             ; RESERVED_INPUT_WITH_WEAK_PULLUP ;        ;              ;                     ; Column I/O   ;                 ; no       ; On           ;
; C3       ; 511        ; 8A             ; RESERVED_INPUT_WITH_WEAK_PULLUP ;        ;              ;                     ; Column I/O   ;                 ; no       ; On           ;
; C4       ; 501        ; 8A             ; RESERVED_INPUT_WITH_WEAK_PULLUP ;        ;              ;                     ; Column I/O   ;                 ; no       ; On           ;
; C5       ; 497        ; 8A             ; RESERVED_INPUT_WITH_WEAK_PULLUP ;        ;              ;                     ; Column I/O   ;                 ; no       ; On           ;
; C6       ;            ;                ; GND                             ; gnd    ;              ;                     ; --           ;                 ; --       ; --           ;
; C7       ; 475        ; 8A             ; RESERVED_INPUT_WITH_WEAK_PULLUP ;        ;              ;                     ; Column I/O   ;                 ; no       ; On           ;
; C8       ; 479        ; 8A             ; RESERVED_INPUT_WITH_WEAK_PULLUP ;        ;              ;                     ; Column I/O   ;                 ; no       ; On           ;
; C9       ; 485        ; 8A             ; RESERVED_INPUT_WITH_WEAK_PULLUP ;        ;              ;                     ; Column I/O   ;                 ; no       ; On           ;
; C10      ; 483        ; 8A             ; RESERVED_INPUT_WITH_WEAK_PULLUP ;        ;              ;                     ; Column I/O   ;                 ; no       ; On           ;
; C11      ;            ; 8A             ; VCCIO8A                         ; power  ;              ; 2.5V                ; --           ;                 ; --       ; --           ;
; C12      ; 467        ; 8A             ; RESERVED_INPUT_WITH_WEAK_PULLUP ;        ;              ;                     ; Column I/O   ;                 ; no       ; On           ;
; C13      ; 462        ; 8A             ; RESERVED_INPUT_WITH_WEAK_PULLUP ;        ;              ;                     ; Column I/O   ;                 ; no       ; On           ;
; C14      ; 448        ; 7D             ; RESERVED_INPUT_WITH_WEAK_PULLUP ;        ;              ;                     ; Column I/O   ;                 ; no       ; On           ;
; C15      ; 453        ; 7D             ; RESERVED_INPUT_WITH_WEAK_PULLUP ;        ;              ;                     ; Column I/O   ;                 ; no       ; On           ;
; C16      ;            ;                ; GND                             ; gnd    ;              ;                     ; --           ;                 ; --       ; --           ;
; C17      ; 433        ; 7C             ; RESERVED_INPUT_WITH_WEAK_PULLUP ;        ;              ;                     ; Column I/O   ;                 ; no       ; On           ;
; C18      ; 435        ; 7C             ; RESERVED_INPUT_WITH_WEAK_PULLUP ;        ;              ;                     ; Column I/O   ;                 ; no       ; On           ;
; C19      ; 427        ; 7B             ; RESERVED_INPUT_WITH_WEAK_PULLUP ;        ;              ;                     ; Column I/O   ;                 ; no       ; On           ;
; C20      ; 421        ; 7B             ; RESERVED_INPUT_WITH_WEAK_PULLUP ;        ;              ;                     ; Column I/O   ;                 ; no       ; On           ;
; C21      ;            ;                ; GND                             ; gnd    ;              ;                     ; --           ;                 ; --       ; --           ;
; C22      ; 396        ; 7A             ; RESERVED_INPUT_WITH_WEAK_PULLUP ;        ;              ;                     ; Column I/O   ;                 ; no       ; On           ;
; C23      ; 401        ; 7A             ; RESERVED_INPUT_WITH_WEAK_PULLUP ;        ;              ;                     ; Column I/O   ;                 ; no       ; On           ;
; C24      ; 393        ; 7A             ; RESERVED_INPUT_WITH_WEAK_PULLUP ;        ;              ;                     ; Column I/O   ;                 ; no       ; On           ;
; C25      ; 388        ; 7A             ; RESERVED_INPUT_WITH_WEAK_PULLUP ;        ;              ;                     ; Column I/O   ;                 ; no       ; On           ;
; C26      ;            ;                ; GND                             ; gnd    ;              ;                     ; --           ;                 ; --       ; --           ;
; C27      ; 374        ; 7A             ; ^HPS_nRST                       ;        ;              ;                     ; --           ;                 ; --       ; --           ;
; C28      ; 369        ; 6A             ; RESERVED_INPUT_WITH_WEAK_PULLUP ;        ;              ;                     ; Row I/O      ;                 ; no       ; On           ;
; C29      ; 367        ; 6A             ; RESERVED_INPUT_WITH_WEAK_PULLUP ;        ;              ;                     ; Row I/O      ;                 ; no       ; On           ;
; C30      ; 363        ; 6A             ; RESERVED_INPUT_WITH_WEAK_PULLUP ;        ;              ;                     ; Row I/O      ;                 ; no       ; On           ;
; D1       ; 529        ; 8A             ; RESERVED_INPUT_WITH_WEAK_PULLUP ;        ;              ;                     ; Column I/O   ;                 ; no       ; On           ;
; D2       ; 515        ; 8A             ; RESERVED_INPUT_WITH_WEAK_PULLUP ;        ;              ;                     ; Column I/O   ;                 ; no       ; On           ;
; D3       ;            ;                ; GND                             ; gnd    ;              ;                     ; --           ;                 ; --       ; --           ;
; D4       ; 521        ; 8A             ; RESERVED_INPUT_WITH_WEAK_PULLUP ;        ;              ;                     ; Column I/O   ;                 ; no       ; On           ;
; D5       ; 499        ; 8A             ; RESERVED_INPUT_WITH_WEAK_PULLUP ;        ;              ;                     ; Column I/O   ;                 ; no       ; On           ;
; D6       ; 495        ; 8A             ; RESERVED_INPUT_WITH_WEAK_PULLUP ;        ;              ;                     ; Column I/O   ;                 ; no       ; On           ;
; D7       ; 505        ; 8A             ; RESERVED_INPUT_WITH_WEAK_PULLUP ;        ;              ;                     ; Column I/O   ;                 ; no       ; On           ;
; D8       ;            ; 8A             ; VCCIO8A                         ; power  ;              ; 2.5V                ; --           ;                 ; --       ; --           ;
; D9       ; 480        ; 8A             ; RESERVED_INPUT_WITH_WEAK_PULLUP ;        ;              ;                     ; Column I/O   ;                 ; no       ; On           ;
; D10      ; 472        ; 8A             ; RESERVED_INPUT_WITH_WEAK_PULLUP ;        ;              ;                     ; Column I/O   ;                 ; no       ; On           ;
; D11      ; 470        ; 8A             ; RESERVED_INPUT_WITH_WEAK_PULLUP ;        ;              ;                     ; Column I/O   ;                 ; no       ; On           ;
; D12      ; 496        ; 8A             ; RESERVED_INPUT_WITH_WEAK_PULLUP ;        ;              ;                     ; Column I/O   ;                 ; no       ; On           ;
; D13      ;            ;                ; GND                             ; gnd    ;              ;                     ; --           ;                 ; --       ; --           ;
; D14      ; 446        ; 7D             ; RESERVED_INPUT_WITH_WEAK_PULLUP ;        ;              ;                     ; Column I/O   ;                 ; no       ; On           ;
; D15      ; 449        ; 7D             ; RESERVED_INPUT_WITH_WEAK_PULLUP ;        ;              ;                     ; Column I/O   ;                 ; no       ; On           ;
; D16      ; 445        ; 7D             ; RESERVED_INPUT_WITH_WEAK_PULLUP ;        ;              ;                     ; Column I/O   ;                 ; no       ; On           ;
; D17      ; 440        ; 7C             ; RESERVED_INPUT_WITH_WEAK_PULLUP ;        ;              ;                     ; Column I/O   ;                 ; no       ; On           ;
; D18      ;            ; 7C             ; VCCIO7C_HPS                     ; power  ;              ; 2.5V                ; --           ;                 ; --       ; --           ;
; D19      ; 426        ; 7B             ; RESERVED_INPUT_WITH_WEAK_PULLUP ;        ;              ;                     ; Column I/O   ;                 ; no       ; On           ;
; D20      ; 420        ; 7B             ; RESERVED_INPUT_WITH_WEAK_PULLUP ;        ;              ;                     ; Column I/O   ;                 ; no       ; On           ;
; D21      ; 419        ; 7B             ; RESERVED_INPUT_WITH_WEAK_PULLUP ;        ;              ;                     ; Column I/O   ;                 ; no       ; On           ;
; D22      ; 402        ; 7A             ; RESERVED_INPUT_WITH_WEAK_PULLUP ;        ;              ;                     ; Column I/O   ;                 ; no       ; On           ;
; D23      ;            ;                ; GND                             ; gnd    ;              ;                     ; --           ;                 ; --       ; --           ;
; D24      ; 404        ; 7A             ; RESERVED_INPUT_WITH_WEAK_PULLUP ;        ;              ;                     ; Column I/O   ;                 ; no       ; On           ;
; D25      ; 384        ; 7A             ; ^HPS_CLK1                       ;        ;              ;                     ; --           ;                 ; --       ; --           ;
; D26      ; 373        ; 7A             ; ^GND                            ;        ;              ;                     ; --           ;                 ; --       ; --           ;
; D27      ; 371        ; 6A             ; HPS_RZQ_0                       ;        ;              ;                     ; --           ;                 ; no       ; On           ;
; D28      ;            ; 6A             ; VCCIO6A_HPS                     ; power  ;              ; 2.5V                ; --           ;                 ; --       ; --           ;
; D29      ; 361        ; 6A             ; RESERVED_INPUT_WITH_WEAK_PULLUP ;        ;              ;                     ; Row I/O      ;                 ; no       ; On           ;
; D30      ; 359        ; 6A             ; RESERVED_INPUT_WITH_WEAK_PULLUP ;        ;              ;                     ; Row I/O      ;                 ; no       ; On           ;
; E1       ; 527        ; 8A             ; RESERVED_INPUT_WITH_WEAK_PULLUP ;        ;              ;                     ; Column I/O   ;                 ; no       ; On           ;
; E2       ; 525        ; 8A             ; RESERVED_INPUT_WITH_WEAK_PULLUP ;        ;              ;                     ; Column I/O   ;                 ; no       ; On           ;
; E3       ; 523        ; 8A             ; RESERVED_INPUT_WITH_WEAK_PULLUP ;        ;              ;                     ; Column I/O   ;                 ; no       ; On           ;
; E4       ; 519        ; 8A             ; RESERVED_INPUT_WITH_WEAK_PULLUP ;        ;              ;                     ; Column I/O   ;                 ; no       ; On           ;
; E5       ;            ; 8A             ; VCCIO8A                         ; power  ;              ; 2.5V                ; --           ;                 ; --       ; --           ;
; E6       ; 533        ; 8A             ; RESERVED_INPUT_WITH_WEAK_PULLUP ;        ;              ;                     ; Column I/O   ;                 ; no       ; On           ;
; E7       ; 531        ; 8A             ; RESERVED_INPUT_WITH_WEAK_PULLUP ;        ;              ;                     ; Column I/O   ;                 ; no       ; On           ;
; E8       ; 503        ; 8A             ; RESERVED_INPUT_WITH_WEAK_PULLUP ;        ;              ;                     ; Column I/O   ;                 ; no       ; On           ;
; E9       ; 478        ; 8A             ; RESERVED_INPUT_WITH_WEAK_PULLUP ;        ;              ;                     ; Column I/O   ;                 ; no       ; On           ;
; E10      ;            ;                ; GND                             ; gnd    ;              ;                     ; --           ;                 ; --       ; --           ;
; E11      ; 504        ; 8A             ; RESERVED_INPUT_WITH_WEAK_PULLUP ;        ;              ;                     ; Column I/O   ;                 ; no       ; On           ;
; E12      ; 494        ; 8A             ; RESERVED_INPUT_WITH_WEAK_PULLUP ;        ;              ;                     ; Column I/O   ;                 ; no       ; On           ;
; E13      ; 488        ; 8A             ; RESERVED_INPUT_WITH_WEAK_PULLUP ;        ;              ;                     ; Column I/O   ;                 ; no       ; On           ;
; E14      ; 454        ; 7D             ; RESERVED_INPUT_WITH_WEAK_PULLUP ;        ;              ;                     ; Column I/O   ;                 ; no       ; On           ;
; E15      ;            ; 7D             ; VCCIO7D_HPS                     ; power  ;              ; 2.5V                ; --           ;                 ; --       ; --           ;
; E16      ; 443        ; 7D             ; RESERVED_INPUT_WITH_WEAK_PULLUP ;        ;              ;                     ; Column I/O   ;                 ; no       ; On           ;
; E17      ; 438        ; 7C             ; RESERVED_INPUT_WITH_WEAK_PULLUP ;        ;              ;                     ; Column I/O   ;                 ; no       ; On           ;
; E18      ; 437        ; 7C             ; RESERVED_INPUT_WITH_WEAK_PULLUP ;        ;              ;                     ; Column I/O   ;                 ; no       ; On           ;
; E19      ; 424        ; 7B             ; RESERVED_INPUT_WITH_WEAK_PULLUP ;        ;              ;                     ; Column I/O   ;                 ; no       ; On           ;
; E20      ;            ; 7B             ; VCCIO7B_HPS                     ; power  ;              ; 2.5V                ; --           ;                 ; --       ; --           ;
; E21      ; 412        ; 7B             ; RESERVED_INPUT_WITH_WEAK_PULLUP ;        ;              ;                     ; Column I/O   ;                 ; no       ; On           ;
; E22      ;            ; 7A, 7B, 7C, 7D ; VREFB7A7B7C7DN0_HPS             ; power  ;              ;                     ; --           ;                 ; --       ; --           ;
; E23      ; 394        ; 7A             ; RESERVED_INPUT_WITH_WEAK_PULLUP ;        ;              ;                     ; Column I/O   ;                 ; no       ; On           ;
; E24      ; 403        ; 7A             ; RESERVED_INPUT_WITH_WEAK_PULLUP ;        ;              ;                     ; Column I/O   ;                 ; no       ; On           ;
; E25      ;            ;                ; GND                             ; gnd    ;              ;                     ; --           ;                 ; --       ; --           ;
; E26      ;            ;                ; DNU                             ;        ;              ;                     ; --           ;                 ; --       ; --           ;
; E27      ; 357        ; 6A             ; RESERVED_INPUT_WITH_WEAK_PULLUP ;        ;              ;                     ; Row I/O      ;                 ; no       ; On           ;
; E28      ; 351        ; 6A             ; RESERVED_INPUT_WITH_WEAK_PULLUP ;        ;              ;                     ; Row I/O      ;                 ; no       ; On           ;
; E29      ; 353        ; 6A             ; RESERVED_INPUT_WITH_WEAK_PULLUP ;        ;              ;                     ; Row I/O      ;                 ; no       ; On           ;
; E30      ;            ;                ; GND                             ; gnd    ;              ;                     ; --           ;                 ; --       ; --           ;
; F1       ;            ;                ; DNU                             ;        ;              ;                     ; --           ;                 ; --       ; --           ;
; F2       ;            ;                ; GND                             ; gnd    ;              ;                     ; --           ;                 ; --       ; --           ;
; F3       ; 539        ; 9A             ; ^CONF_DONE                      ;        ;              ;                     ; --           ;                 ; --       ; --           ;
; F4       ; 541        ; 9A             ; ^nSTATUS                        ;        ;              ;                     ; --           ;                 ; --       ; --           ;
; F5       ;            ;                ; GND                             ; gnd    ;              ;                     ; --           ;                 ; --       ; --           ;
; F6       ; 537        ; 8A             ; RESERVED_INPUT_WITH_WEAK_PULLUP ;        ;              ;                     ; Column I/O   ;                 ; no       ; On           ;
; F7       ;            ;                ; GND                             ; gnd    ;              ;                     ; --           ;                 ; --       ; --           ;
; F8       ; 536        ; 8A             ; RESERVED_INPUT_WITH_WEAK_PULLUP ;        ;              ;                     ; Column I/O   ;                 ; no       ; On           ;
; F9       ; 534        ; 8A             ; RESERVED_INPUT_WITH_WEAK_PULLUP ;        ;              ;                     ; Column I/O   ;                 ; no       ; On           ;
; F10      ; 528        ; 8A             ; RESERVED_INPUT_WITH_WEAK_PULLUP ;        ;              ;                     ; Column I/O   ;                 ; no       ; On           ;
; F11      ; 502        ; 8A             ; RESERVED_INPUT_WITH_WEAK_PULLUP ;        ;              ;                     ; Column I/O   ;                 ; no       ; On           ;
; F12      ;            ; 8A             ; VCCIO8A                         ; power  ;              ; 2.5V                ; --           ;                 ; --       ; --           ;
; F13      ; 486        ; 8A             ; RESERVED_INPUT_WITH_WEAK_PULLUP ;        ;              ;                     ; Column I/O   ;                 ; no       ; On           ;
; F14      ; 468        ; 8A             ; RESERVED_INPUT_WITH_WEAK_PULLUP ;        ;              ;                     ; Column I/O   ;                 ; no       ; On           ;
; F15      ; 466        ; 8A             ; RESERVED_INPUT_WITH_WEAK_PULLUP ;        ;              ;                     ; Column I/O   ;                 ; no       ; On           ;
; F16      ; 442        ; 7D             ; RESERVED_INPUT_WITH_WEAK_PULLUP ;        ;              ;                     ; Column I/O   ;                 ; no       ; On           ;
; F17      ;            ;                ; GND                             ; gnd    ;              ;                     ; --           ;                 ; --       ; --           ;
; F18      ; 430        ; 7C             ; RESERVED_INPUT_WITH_WEAK_PULLUP ;        ;              ;                     ; Column I/O   ;                 ; no       ; On           ;
; F19      ; 410        ; 7B             ; RESERVED_INPUT_WITH_WEAK_PULLUP ;        ;              ;                     ; Column I/O   ;                 ; no       ; On           ;
; F20      ; 407        ; 7B             ; RESERVED_INPUT_WITH_WEAK_PULLUP ;        ;              ;                     ; Column I/O   ;                 ; no       ; On           ;
; F21      ; 409        ; 7B             ; RESERVED_INPUT_WITH_WEAK_PULLUP ;        ;              ;                     ; Column I/O   ;                 ; no       ; On           ;
; F22      ;            ; 7A             ; VCCIO7A_HPS                     ; power  ;              ; 2.5V                ; --           ;                 ; --       ; --           ;
; F23      ; 375        ; 7A             ; ^HPS_nPOR                       ;        ;              ;                     ; --           ;                 ; --       ; --           ;
; F24      ; 383        ; 7A             ; ^HPS_PORSEL                     ;        ;              ;                     ; --           ;                 ; --       ; --           ;
; F25      ; 385        ; 7A             ; ^HPS_CLK2                       ;        ;              ;                     ; --           ;                 ; --       ; --           ;
; F26      ; 341        ; 6A             ; RESERVED_INPUT_WITH_WEAK_PULLUP ;        ;              ;                     ; Row I/O      ;                 ; no       ; On           ;
; F27      ;            ;                ; GND                             ; gnd    ;              ;                     ; --           ;                 ; --       ; --           ;
; F28      ; 345        ; 6A             ; RESERVED_INPUT_WITH_WEAK_PULLUP ;        ;              ;                     ; Row I/O      ;                 ; no       ; On           ;
; F29      ; 349        ; 6A             ; RESERVED_INPUT_WITH_WEAK_PULLUP ;        ;              ;                     ; Row I/O      ;                 ; no       ; On           ;
; F30      ; 347        ; 6A             ; RESERVED_INPUT_WITH_WEAK_PULLUP ;        ;              ;                     ; Row I/O      ;                 ; no       ; On           ;
; G1       ;            ;                ; RREF                            ;        ;              ;                     ; --           ;                 ; --       ; --           ;
; G2       ;            ;                ; DNU                             ;        ;              ;                     ; --           ;                 ; --       ; --           ;
; G3       ;            ;                ; GND                             ; gnd    ;              ;                     ; --           ;                 ; --       ; --           ;
; G4       ;            ;                ; GND                             ; gnd    ;              ;                     ; --           ;                 ; --       ; --           ;
; G5       ; 542        ; 9A             ; ^nCE                            ;        ;              ;                     ; --           ;                 ; --       ; --           ;
; G6       ; 543        ; 9A             ; ^MSEL2                          ;        ;              ;                     ; --           ;                 ; --       ; --           ;
; G7       ; 535        ; 8A             ; RESERVED_INPUT_WITH_WEAK_PULLUP ;        ;              ;                     ; Column I/O   ;                 ; no       ; On           ;
; G8       ; 492        ; 8A             ; RESERVED_INPUT_WITH_WEAK_PULLUP ;        ;              ;                     ; Column I/O   ;                 ; no       ; On           ;
; G9       ;            ; 8A             ; VCCIO8A                         ; power  ;              ; 2.5V                ; --           ;                 ; --       ; --           ;
; G10      ; 526        ; 8A             ; RESERVED_INPUT_WITH_WEAK_PULLUP ;        ;              ;                     ; Column I/O   ;                 ; no       ; On           ;
; G11      ; 520        ; 8A             ; RESERVED_INPUT_WITH_WEAK_PULLUP ;        ;              ;                     ; Column I/O   ;                 ; no       ; On           ;
; G12      ; 518        ; 8A             ; RESERVED_INPUT_WITH_WEAK_PULLUP ;        ;              ;                     ; Column I/O   ;                 ; no       ; On           ;
; G13      ; 484        ; 8A             ; RESERVED_INPUT_WITH_WEAK_PULLUP ;        ;              ;                     ; Column I/O   ;                 ; no       ; On           ;
; G14      ;            ; 8A             ; VCCIO8A                         ; power  ;              ; 2.5V                ; --           ;                 ; --       ; --           ;
; G15      ; 460        ; 8A             ; RESERVED_INPUT_WITH_WEAK_PULLUP ;        ;              ;                     ; Column I/O   ;                 ; no       ; On           ;
; G16      ; 444        ; 7D             ; RESERVED_INPUT_WITH_WEAK_PULLUP ;        ;              ;                     ; Column I/O   ;                 ; no       ; On           ;
; G17      ; 436        ; 7C             ; RESERVED_INPUT_WITH_WEAK_PULLUP ;        ;              ;                     ; Column I/O   ;                 ; no       ; On           ;
; G18      ; 432        ; 7C             ; RESERVED_INPUT_WITH_WEAK_PULLUP ;        ;              ;                     ; Column I/O   ;                 ; no       ; On           ;
; G19      ;            ; 7B             ; VCCIO7B_HPS                     ; power  ;              ; 2.5V                ; --           ;                 ; --       ; --           ;
; G20      ; 416        ; 7B             ; RESERVED_INPUT_WITH_WEAK_PULLUP ;        ;              ;                     ; Column I/O   ;                 ; no       ; On           ;
; G21      ; 392        ; 7A             ; RESERVED_INPUT_WITH_WEAK_PULLUP ;        ;              ;                     ; Column I/O   ;                 ; no       ; On           ;
; G22      ; 400        ; 7A             ; RESERVED_INPUT_WITH_WEAK_PULLUP ;        ;              ;                     ; Column I/O   ;                 ; no       ; On           ;
; G23      ; 377        ; 7A             ; ^VCCRSTCLK_HPS                  ;        ;              ;                     ; --           ;                 ; --       ; --           ;
; G24      ;            ;                ; GND                             ; gnd    ;              ;                     ; --           ;                 ; --       ; --           ;
; G25      ; 370        ; 6A             ; RESERVED_INPUT_WITH_WEAK_PULLUP ;        ;              ;                     ; Row I/O      ;                 ; no       ; On           ;
; G26      ; 362        ; 6A             ; RESERVED_INPUT_WITH_WEAK_PULLUP ;        ;              ;                     ; Row I/O      ;                 ; no       ; On           ;
; G27      ; 339        ; 6A             ; RESERVED_INPUT_WITH_WEAK_PULLUP ;        ;              ;                     ; Row I/O      ;                 ; --       ; --           ;
; G28      ; 335        ; 6A             ; RESERVED_INPUT_WITH_WEAK_PULLUP ;        ;              ;                     ; Row I/O      ;                 ; no       ; On           ;
; G29      ;            ; 6A             ; VCCIO6A_HPS                     ; power  ;              ; 2.5V                ; --           ;                 ; --       ; --           ;
; G30      ; 343        ; 6A             ; RESERVED_INPUT_WITH_WEAK_PULLUP ;        ;              ;                     ; Row I/O      ;                 ; no       ; On           ;
; H1       ;            ;                ; GND                             ; gnd    ;              ;                     ; --           ;                 ; --       ; --           ;
; H2       ;            ;                ; GND                             ; gnd    ;              ;                     ; --           ;                 ; --       ; --           ;
; H3       ; 0          ; B2L            ; GXB_NC                          ;        ;              ;                     ; --           ;                 ; --       ; --           ;
; H4       ; 1          ; B2L            ; GXB_NC                          ;        ;              ;                     ; --           ;                 ; --       ; --           ;
; H5       ;            ;                ; GND                             ; gnd    ;              ;                     ; --           ;                 ; --       ; --           ;
; H6       ;            ; 8A             ; VCCIO8A                         ; power  ;              ; 2.5V                ; --           ;                 ; --       ; --           ;
; H7       ; 508        ; 8A             ; RESERVED_INPUT_WITH_WEAK_PULLUP ;        ;              ;                     ; Column I/O   ;                 ; no       ; On           ;
; H8       ; 490        ; 8A             ; RESERVED_INPUT_WITH_WEAK_PULLUP ;        ;              ;                     ; Column I/O   ;                 ; no       ; On           ;
; H9       ;            ; --             ; VCCBAT                          ; power  ;              ; 1.2V                ; --           ;                 ; --       ; --           ;
; H10      ;            ; --             ; VCC_AUX                         ; power  ;              ; 2.5V                ; --           ;                 ; --       ; --           ;
; H11      ;            ;                ; GND                             ; gnd    ;              ;                     ; --           ;                 ; --       ; --           ;
; H12      ; 500        ; 8A             ; RESERVED_INPUT_WITH_WEAK_PULLUP ;        ;              ;                     ; Column I/O   ;                 ; no       ; On           ;
; H13      ; 498        ; 8A             ; RESERVED_INPUT_WITH_WEAK_PULLUP ;        ;              ;                     ; Column I/O   ;                 ; no       ; On           ;
; H14      ; 482        ; 8A             ; RESERVED_INPUT_WITH_WEAK_PULLUP ;        ;              ;                     ; Column I/O   ;                 ; no       ; On           ;
; H15      ; 458        ; 8A             ; RESERVED_INPUT_WITH_WEAK_PULLUP ;        ;              ;                     ; Column I/O   ;                 ; no       ; On           ;
; H16      ;            ; 7D             ; VCCIO7D_HPS                     ; power  ;              ; 2.5V                ; --           ;                 ; --       ; --           ;
; H17      ; 434        ; 7C             ; RESERVED_INPUT_WITH_WEAK_PULLUP ;        ;              ;                     ; Column I/O   ;                 ; no       ; On           ;
; H18      ; 422        ; 7B             ; RESERVED_INPUT_WITH_WEAK_PULLUP ;        ;              ;                     ; Column I/O   ;                 ; no       ; On           ;
; H19      ; 406        ; 7B             ; RESERVED_INPUT_WITH_WEAK_PULLUP ;        ;              ;                     ; Column I/O   ;                 ; no       ; On           ;
; H20      ; 398        ; 7A             ; RESERVED_INPUT_WITH_WEAK_PULLUP ;        ;              ;                     ; Column I/O   ;                 ; no       ; On           ;
; H21      ;            ; 7A             ; VCCIO7A_HPS                     ; power  ;              ; 2.5V                ; --           ;                 ; --       ; --           ;
; H22      ; 379        ; 7A             ; ^HPS_TCK                        ;        ;              ;                     ; --           ;                 ; --       ; --           ;
; H23      ; 390        ; 7A             ; RESERVED_INPUT_WITH_WEAK_PULLUP ;        ;              ;                     ; Column I/O   ;                 ; no       ; On           ;
; H24      ; 364        ; 6A             ; RESERVED_INPUT_WITH_WEAK_PULLUP ;        ;              ;                     ; Row I/O      ;                 ; no       ; On           ;
; H25      ; 368        ; 6A             ; RESERVED_INPUT_WITH_WEAK_PULLUP ;        ;              ;                     ; Row I/O      ;                 ; no       ; On           ;
; H26      ;            ; 6A             ; VCCIO6A_HPS                     ; power  ;              ; 2.5V                ; --           ;                 ; --       ; --           ;
; H27      ; 360        ; 6A             ; RESERVED_INPUT_WITH_WEAK_PULLUP ;        ;              ;                     ; Row I/O      ;                 ; no       ; On           ;
; H28      ; 333        ; 6A             ; RESERVED_INPUT_WITH_WEAK_PULLUP ;        ;              ;                     ; Row I/O      ;                 ; no       ; On           ;
; H29      ; 331        ; 6A             ; RESERVED_INPUT_WITH_WEAK_PULLUP ;        ;              ;                     ; Row I/O      ;                 ; no       ; On           ;
; H30      ; 337        ; 6A             ; RESERVED_INPUT_WITH_WEAK_PULLUP ;        ;              ;                     ; Row I/O      ;                 ; no       ; On           ;
; J1       ; 3          ; B2L            ; GND                             ;        ;              ;                     ; --           ;                 ; --       ; --           ;
; J2       ; 2          ; B2L            ; GND                             ;        ;              ;                     ; --           ;                 ; --       ; --           ;
; J3       ;            ;                ; GND                             ; gnd    ;              ;                     ; --           ;                 ; --       ; --           ;
; J4       ;            ;                ; GND                             ; gnd    ;              ;                     ; --           ;                 ; --       ; --           ;
; J5       ; 545        ; 9A             ; ^nCONFIG                        ;        ;              ;                     ; --           ;                 ; --       ; --           ;
; J6       ; 547        ; 9A             ; ^GND                            ;        ;              ;                     ; --           ;                 ; --       ; --           ;
; J7       ; 506        ; 8A             ; RESERVED_INPUT_WITH_WEAK_PULLUP ;        ;              ;                     ; Column I/O   ;                 ; no       ; On           ;
; J8       ;            ;                ; GND                             ; gnd    ;              ;                     ; --           ;                 ; --       ; --           ;
; J9       ; 532        ; 8A             ; RESERVED_INPUT_WITH_WEAK_PULLUP ;        ;              ;                     ; Column I/O   ;                 ; no       ; On           ;
; J10      ; 530        ; 8A             ; RESERVED_INPUT_WITH_WEAK_PULLUP ;        ;              ;                     ; Column I/O   ;                 ; no       ; On           ;
; J11      ;            ; --             ; VCCPGM                          ; power  ;              ; 1.8V/2.5V/3.0V/3.3V ; --           ;                 ; --       ; --           ;
; J12      ; 516        ; 8A             ; RESERVED_INPUT_WITH_WEAK_PULLUP ;        ;              ;                     ; Column I/O   ;                 ; no       ; On           ;
; J13      ;            ; 8A             ; VCCIO8A                         ; power  ;              ; 2.5V                ; --           ;                 ; --       ; --           ;
; J14      ; 476        ; 8A             ; RESERVED_INPUT_WITH_WEAK_PULLUP ;        ;              ;                     ; Column I/O   ;                 ; no       ; On           ;
; J15      ;            ;                ; DNU                             ;        ;              ;                     ; --           ;                 ; --       ; --           ;
; J16      ;            ; --             ; VCC_AUX                         ; power  ;              ; 2.5V                ; --           ;                 ; --       ; --           ;
; J17      ;            ; 7C             ; VCCPD7C_HPS                     ; power  ;              ; 2.5V                ; --           ;                 ; --       ; --           ;
; J18      ;            ;                ; GND                             ; gnd    ;              ;                     ; --           ;                 ; --       ; --           ;
; J19      ; 408        ; 7B             ; RESERVED_INPUT_WITH_WEAK_PULLUP ;        ;              ;                     ; Column I/O   ;                 ; no       ; On           ;
; J20      ;            ; --             ; VCCRSTCLK_HPS                   ; power  ;              ; 1.8V/2.5V/3.0V/3.3V ; --           ;                 ; --       ; --           ;
; J21      ;            ; --             ; VCC_AUX_SHARED                  ; power  ;              ; 2.5V                ; --           ;                 ; --       ; --           ;
; J22      ; 372        ; 7A             ; ^GND                            ;        ;              ;                     ; --           ;                 ; --       ; --           ;
; J23      ; 354        ; 6A             ; RESERVED_INPUT_WITH_WEAK_PULLUP ;        ;              ;                     ; Row I/O      ;                 ; no       ; On           ;
; J24      ; 352        ; 6A             ; RESERVED_INPUT_WITH_WEAK_PULLUP ;        ;              ;                     ; Row I/O      ;                 ; no       ; On           ;
; J25      ; 344        ; 6A             ; RESERVED_INPUT_WITH_WEAK_PULLUP ;        ;              ;                     ; Row I/O      ;                 ; no       ; On           ;
; J26      ; 323        ; 6A             ; RESERVED_INPUT_WITH_WEAK_PULLUP ;        ;              ;                     ; Row I/O      ;                 ; no       ; On           ;
; J27      ; 346        ; 6A             ; RESERVED_INPUT_WITH_WEAK_PULLUP ;        ;              ;                     ; Row I/O      ;                 ; no       ; On           ;
; J28      ;            ;                ; GND                             ; gnd    ;              ;                     ; --           ;                 ; --       ; --           ;
; J29      ; 327        ; 6A             ; RESERVED_INPUT_WITH_WEAK_PULLUP ;        ;              ;                     ; Row I/O      ;                 ; no       ; On           ;
; J30      ; 329        ; 6A             ; RESERVED_INPUT_WITH_WEAK_PULLUP ;        ;              ;                     ; Row I/O      ;                 ; no       ; On           ;
; K1       ;            ;                ; GND                             ; gnd    ;              ;                     ; --           ;                 ; --       ; --           ;
; K2       ;            ;                ; GND                             ; gnd    ;              ;                     ; --           ;                 ; --       ; --           ;
; K3       ; 4          ; B2L            ; GXB_NC                          ;        ;              ;                     ; --           ;                 ; --       ; --           ;
; K4       ; 5          ; B2L            ; GXB_NC                          ;        ;              ;                     ; --           ;                 ; --       ; --           ;
; K5       ;            ;                ; GND                             ; gnd    ;              ;                     ; --           ;                 ; --       ; --           ;
; K6       ; 540        ; 9A             ; ^MSEL1                          ;        ;              ;                     ; --           ;                 ; --       ; --           ;
; K7       ; 522        ; 8A             ; RESERVED_INPUT_WITH_WEAK_PULLUP ;        ;              ;                     ; Column I/O   ;                 ; no       ; On           ;
; K8       ; 524        ; 8A             ; RESERVED_INPUT_WITH_WEAK_PULLUP ;        ;              ;                     ; Column I/O   ;                 ; no       ; On           ;
; K9       ;            ; --             ; VCCA_FPLL                       ; power  ;              ; 2.5V                ; --           ;                 ; --       ; --           ;
; K10      ;            ;                ; GND                             ; gnd    ;              ;                     ; --           ;                 ; --       ; --           ;
; K11      ;            ; 8A             ; VCCPD8A                         ; power  ;              ; 2.5V                ; --           ;                 ; --       ; --           ;
; K12      ; 514        ; 8A             ; RESERVED_INPUT_WITH_WEAK_PULLUP ;        ;              ;                     ; Column I/O   ;                 ; no       ; On           ;
; K13      ;            ; 8A             ; VCCPD8A                         ; power  ;              ; 2.5V                ; --           ;                 ; --       ; --           ;
; K14      ; 474        ; 8A             ; RESERVED_INPUT_WITH_WEAK_PULLUP ;        ;              ;                     ; Column I/O   ;                 ; no       ; On           ;
; K15      ;            ;                ; GND                             ; gnd    ;              ;                     ; --           ;                 ; --       ; --           ;
; K16      ;            ; 7D             ; VCCPD7D_HPS                     ; power  ;              ; 2.5V                ; --           ;                 ; --       ; --           ;
; K17      ; 414        ; 7B             ; RESERVED_INPUT_WITH_WEAK_PULLUP ;        ;              ;                     ; Column I/O   ;                 ; no       ; On           ;
; K18      ;            ; 7B             ; VCCPD7B_HPS                     ; power  ;              ; 2.5V                ; --           ;                 ; --       ; --           ;
; K19      ;            ; 7A             ; VCCPD7A_HPS                     ; power  ;              ; 2.5V                ; --           ;                 ; --       ; --           ;
; K20      ;            ;                ; GND                             ; gnd    ;              ;                     ; --           ;                 ; --       ; --           ;
; K21      ; 366        ; 6A             ; RESERVED_INPUT_WITH_WEAK_PULLUP ;        ;              ;                     ; Row I/O      ;                 ; no       ; On           ;
; K22      ; 336        ; 6A             ; RESERVED_INPUT_WITH_WEAK_PULLUP ;        ;              ;                     ; Row I/O      ;                 ; no       ; On           ;
; K23      ; 338        ; 6A             ; RESERVED_INPUT_WITH_WEAK_PULLUP ;        ;              ;                     ; Row I/O      ;                 ; no       ; On           ;
; K24      ;            ; 6A             ; VCCIO6A_HPS                     ; power  ;              ; 2.5V                ; --           ;                 ; --       ; --           ;
; K25      ;            ;                ; GND                             ; gnd    ;              ;                     ; --           ;                 ; --       ; --           ;
; K26      ; 322        ; 6A             ; RESERVED_INPUT_WITH_WEAK_PULLUP ;        ;              ;                     ; Row I/O      ;                 ; no       ; On           ;
; K27      ; 319        ; 6A             ; RESERVED_INPUT_WITH_WEAK_PULLUP ;        ;              ;                     ; Row I/O      ;                 ; no       ; On           ;
; K28      ; 325        ; 6A             ; RESERVED_INPUT_WITH_WEAK_PULLUP ;        ;              ;                     ; Row I/O      ;                 ; no       ; On           ;
; K29      ; 321        ; 6A             ; RESERVED_INPUT_WITH_WEAK_PULLUP ;        ;              ;                     ; Row I/O      ;                 ; no       ; On           ;
; K30      ;            ; 6A             ; VCCIO6A_HPS                     ; power  ;              ; 2.5V                ; --           ;                 ; --       ; --           ;
; L1       ; 7          ; B2L            ; GND                             ;        ;              ;                     ; --           ;                 ; --       ; --           ;
; L2       ; 6          ; B2L            ; GND                             ;        ;              ;                     ; --           ;                 ; --       ; --           ;
; L3       ;            ;                ; GND                             ; gnd    ;              ;                     ; --           ;                 ; --       ; --           ;
; L4       ;            ;                ; GND                             ; gnd    ;              ;                     ; --           ;                 ; --       ; --           ;
; L5       ;            ; --             ; VCCL_GXBL                       ; power  ;              ; 1.1V                ; --           ;                 ; --       ; --           ;
; L6       ;            ;                ; GND                             ; gnd    ;              ;                     ; --           ;                 ; --       ; --           ;
; L7       ; 544        ; 9A             ; ^MSEL3                          ;        ;              ;                     ; --           ;                 ; --       ; --           ;
; L8       ; 538        ; 9A             ; ^MSEL0                          ;        ;              ;                     ; --           ;                 ; --       ; --           ;
; L9       ; 546        ; 9A             ; ^MSEL4                          ;        ;              ;                     ; --           ;                 ; --       ; --           ;
; L10      ;            ; 8A             ; VCCPD8A                         ; power  ;              ; 2.5V                ; --           ;                 ; --       ; --           ;
; L11      ;            ;                ; GND                             ; gnd    ;              ;                     ; --           ;                 ; --       ; --           ;
; L12      ;            ; 8A             ; VCCPD8A                         ; power  ;              ; 2.5V                ; --           ;                 ; --       ; --           ;
; L13      ;            ;                ; GND                             ; gnd    ;              ;                     ; --           ;                 ; --       ; --           ;
; L14      ;            ; 8A             ; VCCPD8A                         ; power  ;              ; 2.5V                ; --           ;                 ; --       ; --           ;
; L15      ;            ;                ; GND                             ; gnd    ;              ;                     ; --           ;                 ; --       ; --           ;
; L16      ;            ; --             ; VCC_HPS                         ; power  ;              ; 1.1V                ; --           ;                 ; --       ; --           ;
; L17      ;            ;                ; GND                             ; gnd    ;              ;                     ; --           ;                 ; --       ; --           ;
; L18      ;            ; --             ; VCC_HPS                         ; power  ;              ; 1.1V                ; --           ;                 ; --       ; --           ;
; L19      ;            ;                ; GND                             ; gnd    ;              ;                     ; --           ;                 ; --       ; --           ;
; L20      ;            ; --             ; VCC_HPS                         ; power  ;              ; 1.1V                ; --           ;                 ; --       ; --           ;
; L21      ;            ; --             ; VCCPLL_HPS                      ; power  ;              ; 2.5V                ; --           ;                 ; --       ; --           ;
; L22      ;            ;                ; GND                             ; gnd    ;              ;                     ; --           ;                 ; --       ; --           ;
; L23      ; 350        ; 6A             ; RESERVED_INPUT_WITH_WEAK_PULLUP ;        ;              ;                     ; Row I/O      ;                 ; no       ; On           ;
; L24      ; 328        ; 6A             ; RESERVED_INPUT_WITH_WEAK_PULLUP ;        ;              ;                     ; Row I/O      ;                 ; no       ; On           ;
; L25      ; 330        ; 6A             ; RESERVED_INPUT_WITH_WEAK_PULLUP ;        ;              ;                     ; Row I/O      ;                 ; no       ; On           ;
; L26      ; 320        ; 6A             ; RESERVED_INPUT_WITH_WEAK_PULLUP ;        ;              ;                     ; Row I/O      ;                 ; no       ; On           ;
; L27      ;            ; 6A             ; VCCIO6A_HPS                     ; power  ;              ; 2.5V                ; --           ;                 ; --       ; --           ;
; L28      ; 313        ; 6A             ; RESERVED_INPUT_WITH_WEAK_PULLUP ;        ;              ;                     ; Row I/O      ;                 ; no       ; On           ;
; L29      ; 315        ; 6A             ; RESERVED_INPUT_WITH_WEAK_PULLUP ;        ;              ;                     ; Row I/O      ;                 ; no       ; On           ;
; L30      ; 317        ; 6A             ; RESERVED_INPUT_WITH_WEAK_PULLUP ;        ;              ;                     ; Row I/O      ;                 ; no       ; On           ;
; M1       ;            ;                ; GND                             ; gnd    ;              ;                     ; --           ;                 ; --       ; --           ;
; M2       ;            ;                ; GND                             ; gnd    ;              ;                     ; --           ;                 ; --       ; --           ;
; M3       ; 8          ; B2L            ; GXB_NC                          ;        ;              ;                     ; --           ;                 ; --       ; --           ;
; M4       ; 9          ; B2L            ; GXB_NC                          ;        ;              ;                     ; --           ;                 ; --       ; --           ;
; M5       ;            ;                ; GND                             ; gnd    ;              ;                     ; --           ;                 ; --       ; --           ;
; M6       ;            ; --             ; VCCE_GXBL                       ; power  ;              ; 1.1V                ; --           ;                 ; --       ; --           ;
; M7       ;            ;                ; GND                             ; gnd    ;              ;                     ; --           ;                 ; --       ; --           ;
; M8       ;            ;                ; GND                             ; gnd    ;              ;                     ; --           ;                 ; --       ; --           ;
; M9       ;            ; --             ; VCC                             ; power  ;              ; 1.1V                ; --           ;                 ; --       ; --           ;
; M10      ;            ;                ; GND                             ; gnd    ;              ;                     ; --           ;                 ; --       ; --           ;
; M11      ;            ; --             ; VCC                             ; power  ;              ; 1.1V                ; --           ;                 ; --       ; --           ;
; M12      ;            ;                ; GND                             ; gnd    ;              ;                     ; --           ;                 ; --       ; --           ;
; M13      ;            ; --             ; VCC                             ; power  ;              ; 1.1V                ; --           ;                 ; --       ; --           ;
; M14      ;            ;                ; GND                             ; gnd    ;              ;                     ; --           ;                 ; --       ; --           ;
; M15      ;            ; --             ; VCC_HPS                         ; power  ;              ; 1.1V                ; --           ;                 ; --       ; --           ;
; M16      ;            ;                ; GND                             ; gnd    ;              ;                     ; --           ;                 ; --       ; --           ;
; M17      ; 450        ; 7D             ; RESERVED_INPUT_WITH_WEAK_PULLUP ;        ;              ;                     ; Column I/O   ;                 ; no       ; On           ;
; M18      ;            ;                ; GND                             ; gnd    ;              ;                     ; --           ;                 ; --       ; --           ;
; M19      ; 334        ; 6A             ; RESERVED_INPUT_WITH_WEAK_PULLUP ;        ;              ;                     ; Row I/O      ;                 ; no       ; On           ;
; M20      ;            ;                ; GND                             ; gnd    ;              ;                     ; --           ;                 ; --       ; --           ;
; M21      ;            ; 6A, 6B         ; VCCPD6A6B_HPS                   ; power  ;              ; 2.5V                ; --           ;                 ; --       ; --           ;
; M22      ; 308        ; 6A             ; RESERVED_INPUT_WITH_WEAK_PULLUP ;        ;              ;                     ; Row I/O      ;                 ; no       ; On           ;
; M23      ; 348        ; 6A             ; RESERVED_INPUT_WITH_WEAK_PULLUP ;        ;              ;                     ; Row I/O      ;                 ; no       ; On           ;
; M24      ;            ; 6A             ; VCCIO6A_HPS                     ; power  ;              ; 2.5V                ; --           ;                 ; --       ; --           ;
; M25      ; 324        ; 6A             ; RESERVED_INPUT_WITH_WEAK_PULLUP ;        ;              ;                     ; Row I/O      ;                 ; no       ; On           ;
; M26      ; 314        ; 6A             ; RESERVED_INPUT_WITH_WEAK_PULLUP ;        ;              ;                     ; Row I/O      ;                 ; no       ; On           ;
; M27      ; 312        ; 6A             ; RESERVED_INPUT_WITH_WEAK_PULLUP ;        ;              ;                     ; Row I/O      ;                 ; no       ; On           ;
; M28      ; 309        ; 6A             ; RESERVED_INPUT_WITH_WEAK_PULLUP ;        ;              ;                     ; Row I/O      ;                 ; no       ; On           ;
; M29      ;            ;                ; GND                             ; gnd    ;              ;                     ; --           ;                 ; --       ; --           ;
; M30      ; 311        ; 6A             ; RESERVED_INPUT_WITH_WEAK_PULLUP ;        ;              ;                     ; Row I/O      ;                 ; no       ; On           ;
; N1       ; 11         ; B2L            ; GND                             ;        ;              ;                     ; --           ;                 ; --       ; --           ;
; N2       ; 10         ; B2L            ; GND                             ;        ;              ;                     ; --           ;                 ; --       ; --           ;
; N3       ;            ;                ; GND                             ; gnd    ;              ;                     ; --           ;                 ; --       ; --           ;
; N4       ;            ;                ; GND                             ; gnd    ;              ;                     ; --           ;                 ; --       ; --           ;
; N5       ;            ; --             ; VCCE_GXBL                       ; power  ;              ; 1.1V                ; --           ;                 ; --       ; --           ;
; N6       ;            ;                ; GND                             ; gnd    ;              ;                     ; --           ;                 ; --       ; --           ;
; N7       ;            ; --             ; VCCA_FPLL                       ; power  ;              ; 2.5V                ; --           ;                 ; --       ; --           ;
; N8       ;            ;                ; GND                             ; gnd    ;              ;                     ; --           ;                 ; --       ; --           ;
; N9       ;            ;                ; GND                             ; gnd    ;              ;                     ; --           ;                 ; --       ; --           ;
; N10      ;            ; --             ; VCC                             ; power  ;              ; 1.1V                ; --           ;                 ; --       ; --           ;
; N11      ;            ;                ; GND                             ; gnd    ;              ;                     ; --           ;                 ; --       ; --           ;
; N12      ;            ; --             ; VCC                             ; power  ;              ; 1.1V                ; --           ;                 ; --       ; --           ;
; N13      ;            ;                ; GND                             ; gnd    ;              ;                     ; --           ;                 ; --       ; --           ;
; N14      ;            ; --             ; VCC                             ; power  ;              ; 1.1V                ; --           ;                 ; --       ; --           ;
; N15      ;            ;                ; GND                             ; gnd    ;              ;                     ; --           ;                 ; --       ; --           ;
; N16      ; 452        ; 7D             ; RESERVED_INPUT_WITH_WEAK_PULLUP ;        ;              ;                     ; Column I/O   ;                 ; no       ; On           ;
; N17      ;            ;                ; GND                             ; gnd    ;              ;                     ; --           ;                 ; --       ; --           ;
; N18      ; 332        ; 6A             ; RESERVED_INPUT_WITH_WEAK_PULLUP ;        ;              ;                     ; Row I/O      ;                 ; no       ; On           ;
; N19      ;            ;                ; GND                             ; gnd    ;              ;                     ; --           ;                 ; --       ; --           ;
; N20      ;            ; --             ; VCC_HPS                         ; power  ;              ; 1.1V                ; --           ;                 ; --       ; --           ;
; N21      ;            ; 6A             ; VCCIO6A_HPS                     ; power  ;              ; 2.5V                ; --           ;                 ; --       ; --           ;
; N22      ;            ; 6A, 6B         ; VCCPD6A6B_HPS                   ; power  ;              ; 2.5V                ; --           ;                 ; --       ; --           ;
; N23      ; 310        ; 6A             ; RESERVED_INPUT_WITH_WEAK_PULLUP ;        ;              ;                     ; Row I/O      ;                 ; no       ; On           ;
; N24      ; 318        ; 6A             ; RESERVED_INPUT_WITH_WEAK_PULLUP ;        ;              ;                     ; Row I/O      ;                 ; no       ; On           ;
; N25      ; 316        ; 6A             ; RESERVED_INPUT_WITH_WEAK_PULLUP ;        ;              ;                     ; Row I/O      ;                 ; no       ; On           ;
; N26      ;            ;                ; GND                             ; gnd    ;              ;                     ; --           ;                 ; --       ; --           ;
; N27      ; 297        ; 6B             ; RESERVED_INPUT_WITH_WEAK_PULLUP ;        ;              ;                     ; Row I/O      ;                 ; no       ; On           ;
; N28      ; 303        ; 6B             ; RESERVED_INPUT_WITH_WEAK_PULLUP ;        ;              ;                     ; Row I/O      ;                 ; no       ; On           ;
; N29      ; 305        ; 6B             ; RESERVED_INPUT_WITH_WEAK_PULLUP ;        ;              ;                     ; Row I/O      ;                 ; no       ; On           ;
; N30      ; 307        ; 6B             ; RESERVED_INPUT_WITH_WEAK_PULLUP ;        ;              ;                     ; Row I/O      ;                 ; no       ; On           ;
; P1       ;            ;                ; GND                             ; gnd    ;              ;                     ; --           ;                 ; --       ; --           ;
; P2       ;            ;                ; GND                             ; gnd    ;              ;                     ; --           ;                 ; --       ; --           ;
; P3       ; 16         ; B1L            ; GXB_NC                          ;        ;              ;                     ; --           ;                 ; --       ; --           ;
; P4       ; 17         ; B1L            ; GXB_NC                          ;        ;              ;                     ; --           ;                 ; --       ; --           ;
; P5       ;            ;                ; GND                             ; gnd    ;              ;                     ; --           ;                 ; --       ; --           ;
; P6       ;            ; --             ; VCCH_GXBL                       ; power  ;              ; 2.5V                ; --           ;                 ; --       ; --           ;
; P7       ;            ;                ; GND                             ; gnd    ;              ;                     ; --           ;                 ; --       ; --           ;
; P8       ; 13         ; B2L            ; GND                             ;        ;              ;                     ; Row I/O      ;                 ; --       ; --           ;
; P9       ; 12         ; B2L            ; GND                             ;        ;              ;                     ; Row I/O      ;                 ; --       ; --           ;
; P10      ;            ;                ; GND                             ; gnd    ;              ;                     ; --           ;                 ; --       ; --           ;
; P11      ;            ; --             ; VCC                             ; power  ;              ; 1.1V                ; --           ;                 ; --       ; --           ;
; P12      ;            ;                ; GND                             ; gnd    ;              ;                     ; --           ;                 ; --       ; --           ;
; P13      ;            ; --             ; VCC                             ; power  ;              ; 1.1V                ; --           ;                 ; --       ; --           ;
; P14      ;            ;                ; GND                             ; gnd    ;              ;                     ; --           ;                 ; --       ; --           ;
; P15      ;            ; --             ; VCC_HPS                         ; power  ;              ; 1.1V                ; --           ;                 ; --       ; --           ;
; P16      ;            ;                ; GND                             ; gnd    ;              ;                     ; --           ;                 ; --       ; --           ;
; P17      ;            ; --             ; VCC_HPS                         ; power  ;              ; 1.1V                ; --           ;                 ; --       ; --           ;
; P18      ;            ;                ; GND                             ; gnd    ;              ;                     ; --           ;                 ; --       ; --           ;
; P19      ;            ; --             ; VCC_HPS                         ; power  ;              ; 1.1V                ; --           ;                 ; --       ; --           ;
; P20      ;            ;                ; GND                             ; gnd    ;              ;                     ; --           ;                 ; --       ; --           ;
; P21      ;            ; 6A, 6B         ; VCCPD6A6B_HPS                   ; power  ;              ; 2.5V                ; --           ;                 ; --       ; --           ;
; P22      ; 294        ; 6B             ; RESERVED_INPUT_WITH_WEAK_PULLUP ;        ;              ;                     ; Row I/O      ;                 ; no       ; On           ;
; P23      ;            ; 6B             ; VCCIO6B_HPS                     ; power  ;              ; 2.5V                ; --           ;                 ; --       ; --           ;
; P24      ; 290        ; 6B             ; RESERVED_INPUT_WITH_WEAK_PULLUP ;        ;              ;                     ; Row I/O      ;                 ; no       ; On           ;
; P25      ; 288        ; 6B             ; RESERVED_INPUT_WITH_WEAK_PULLUP ;        ;              ;                     ; Row I/O      ;                 ; no       ; On           ;
; P26      ; 298        ; 6B             ; RESERVED_INPUT_WITH_WEAK_PULLUP ;        ;              ;                     ; Row I/O      ;                 ; no       ; On           ;
; P27      ; 296        ; 6B             ; RESERVED_INPUT_WITH_WEAK_PULLUP ;        ;              ;                     ; Row I/O      ;                 ; no       ; On           ;
; P28      ;            ; 6B             ; VCCIO6B_HPS                     ; power  ;              ; 2.5V                ; --           ;                 ; --       ; --           ;
; P29      ; 299        ; 6B             ; RESERVED_INPUT_WITH_WEAK_PULLUP ;        ;              ;                     ; Row I/O      ;                 ; no       ; On           ;
; P30      ; 301        ; 6B             ; RESERVED_INPUT_WITH_WEAK_PULLUP ;        ;              ;                     ; Row I/O      ;                 ; no       ; On           ;
; R1       ; 19         ; B1L            ; GND                             ;        ;              ;                     ; --           ;                 ; --       ; --           ;
; R2       ; 18         ; B1L            ; GND                             ;        ;              ;                     ; --           ;                 ; --       ; --           ;
; R3       ;            ;                ; GND                             ; gnd    ;              ;                     ; --           ;                 ; --       ; --           ;
; R4       ;            ;                ; GND                             ; gnd    ;              ;                     ; --           ;                 ; --       ; --           ;
; R5       ;            ; --             ; VCCL_GXBL                       ; power  ;              ; 1.1V                ; --           ;                 ; --       ; --           ;
; R6       ;            ;                ; GND                             ; gnd    ;              ;                     ; --           ;                 ; --       ; --           ;
; R7       ;            ; --             ; VCCA_FPLL                       ; power  ;              ; 2.5V                ; --           ;                 ; --       ; --           ;
; R8       ;            ;                ; GND                             ; gnd    ;              ;                     ; --           ;                 ; --       ; --           ;
; R9       ;            ;                ; GND                             ; gnd    ;              ;                     ; --           ;                 ; --       ; --           ;
; R10      ;            ; --             ; VCC                             ; power  ;              ; 1.1V                ; --           ;                 ; --       ; --           ;
; R11      ;            ;                ; GND                             ; gnd    ;              ;                     ; --           ;                 ; --       ; --           ;
; R12      ;            ; --             ; VCC                             ; power  ;              ; 1.1V                ; --           ;                 ; --       ; --           ;
; R13      ;            ;                ; GND                             ; gnd    ;              ;                     ; --           ;                 ; --       ; --           ;
; R14      ;            ; --             ; VCC                             ; power  ;              ; 1.1V                ; --           ;                 ; --       ; --           ;
; R15      ;            ;                ; GND                             ; gnd    ;              ;                     ; --           ;                 ; --       ; --           ;
; R16      ;            ; --             ; VCC_HPS                         ; power  ;              ; 1.1V                ; --           ;                 ; --       ; --           ;
; R17      ;            ;                ; GND                             ; gnd    ;              ;                     ; --           ;                 ; --       ; --           ;
; R18      ; 302        ; 6B             ; RESERVED_INPUT_WITH_WEAK_PULLUP ;        ;              ;                     ; Row I/O      ;                 ; no       ; On           ;
; R19      ; 300        ; 6B             ; RESERVED_INPUT_WITH_WEAK_PULLUP ;        ;              ;                     ; Row I/O      ;                 ; no       ; On           ;
; R20      ;            ; 6A, 6B         ; VCCPD6A6B_HPS                   ; power  ;              ; 2.5V                ; --           ;                 ; --       ; --           ;
; R21      ; 286        ; 6B             ; RESERVED_INPUT_WITH_WEAK_PULLUP ;        ;              ;                     ; Row I/O      ;                 ; no       ; On           ;
; R22      ; 284        ; 6B             ; RESERVED_INPUT_WITH_WEAK_PULLUP ;        ;              ;                     ; Row I/O      ;                 ; no       ; On           ;
; R23      ;            ; 6A, 6B         ; VCCPD6A6B_HPS                   ; power  ;              ; 2.5V                ; --           ;                 ; --       ; --           ;
; R24      ; 272        ; 6B             ; RESERVED_INPUT_WITH_WEAK_PULLUP ;        ;              ;                     ; Row I/O      ;                 ; no       ; On           ;
; R25      ;            ; 6B             ; VCCIO6B_HPS                     ; power  ;              ; 2.5V                ; --           ;                 ; --       ; --           ;
; R26      ; 280        ; 6B             ; RESERVED_INPUT_WITH_WEAK_PULLUP ;        ;              ;                     ; Row I/O      ;                 ; no       ; On           ;
; R27      ; 282        ; 6B             ; RESERVED_INPUT_WITH_WEAK_PULLUP ;        ;              ;                     ; Row I/O      ;                 ; no       ; On           ;
; R28      ; 293        ; 6B             ; RESERVED_INPUT_WITH_WEAK_PULLUP ;        ;              ;                     ; Row I/O      ;                 ; no       ; On           ;
; R29      ; 295        ; 6B             ; RESERVED_INPUT_WITH_WEAK_PULLUP ;        ;              ;                     ; Row I/O      ;                 ; no       ; On           ;
; R30      ;            ;                ; GND                             ; gnd    ;              ;                     ; --           ;                 ; --       ; --           ;
; T1       ;            ;                ; GND                             ; gnd    ;              ;                     ; --           ;                 ; --       ; --           ;
; T2       ;            ;                ; GND                             ; gnd    ;              ;                     ; --           ;                 ; --       ; --           ;
; T3       ; 20         ; B1L            ; GXB_NC                          ;        ;              ;                     ; --           ;                 ; --       ; --           ;
; T4       ; 21         ; B1L            ; GXB_NC                          ;        ;              ;                     ; --           ;                 ; --       ; --           ;
; T5       ;            ;                ; GND                             ; gnd    ;              ;                     ; --           ;                 ; --       ; --           ;
; T6       ;            ; --             ; VCCE_GXBL                       ; power  ;              ; 1.1V                ; --           ;                 ; --       ; --           ;
; T7       ;            ;                ; GND                             ; gnd    ;              ;                     ; --           ;                 ; --       ; --           ;
; T8       ; 14         ; B1L            ; GND                             ;        ;              ;                     ; Row I/O      ;                 ; --       ; --           ;
; T9       ; 15         ; B1L            ; GND                             ;        ;              ;                     ; Row I/O      ;                 ; --       ; --           ;
; T10      ;            ;                ; GND                             ; gnd    ;              ;                     ; --           ;                 ; --       ; --           ;
; T11      ;            ; --             ; VCC                             ; power  ;              ; 1.1V                ; --           ;                 ; --       ; --           ;
; T12      ;            ;                ; GND                             ; gnd    ;              ;                     ; --           ;                 ; --       ; --           ;
; T13      ;            ; --             ; VCC                             ; power  ;              ; 1.1V                ; --           ;                 ; --       ; --           ;
; T14      ;            ;                ; GND                             ; gnd    ;              ;                     ; --           ;                 ; --       ; --           ;
; T15      ;            ;                ; GND                             ; gnd    ;              ;                     ; --           ;                 ; --       ; --           ;
; T16      ;            ;                ; GND                             ; gnd    ;              ;                     ; --           ;                 ; --       ; --           ;
; T17      ;            ; --             ; VCC_HPS                         ; power  ;              ; 1.1V                ; --           ;                 ; --       ; --           ;
; T18      ;            ;                ; GND                             ; gnd    ;              ;                     ; --           ;                 ; --       ; --           ;
; T19      ;            ; --             ; VCC_HPS                         ; power  ;              ; 1.1V                ; --           ;                 ; --       ; --           ;
; T20      ;            ;                ; GND                             ; gnd    ;              ;                     ; --           ;                 ; --       ; --           ;
; T21      ; 278        ; 6B             ; RESERVED_INPUT_WITH_WEAK_PULLUP ;        ;              ;                     ; Row I/O      ;                 ; no       ; On           ;
; T22      ;            ; 6B             ; VCCIO6B_HPS                     ; power  ;              ; 2.5V                ; --           ;                 ; --       ; --           ;
; T23      ; 270        ; 6B             ; RESERVED_INPUT_WITH_WEAK_PULLUP ;        ;              ;                     ; Row I/O      ;                 ; no       ; On           ;
; T24      ; 268        ; 6B             ; RESERVED_INPUT_WITH_WEAK_PULLUP ;        ;              ;                     ; Row I/O      ;                 ; no       ; On           ;
; T25      ; 266        ; 6B             ; RESERVED_INPUT_WITH_WEAK_PULLUP ;        ;              ;                     ; Row I/O      ;                 ; no       ; On           ;
; T26      ; 304        ; 6B             ; RESERVED_INPUT_WITH_WEAK_PULLUP ;        ;              ;                     ; Row I/O      ;                 ; no       ; On           ;
; T27      ;            ;                ; GND                             ; gnd    ;              ;                     ; --           ;                 ; --       ; --           ;
; T28      ; 287        ; 6B             ; RESERVED_INPUT_WITH_WEAK_PULLUP ;        ;              ;                     ; Row I/O      ;                 ; no       ; On           ;
; T29      ; 289        ; 6B             ; RESERVED_INPUT_WITH_WEAK_PULLUP ;        ;              ;                     ; Row I/O      ;                 ; no       ; On           ;
; T30      ; 291        ; 6B             ; RESERVED_INPUT_WITH_WEAK_PULLUP ;        ;              ;                     ; Row I/O      ;                 ; no       ; On           ;
; U1       ; 23         ; B1L            ; GND                             ;        ;              ;                     ; --           ;                 ; --       ; --           ;
; U2       ; 22         ; B1L            ; GND                             ;        ;              ;                     ; --           ;                 ; --       ; --           ;
; U3       ;            ;                ; GND                             ; gnd    ;              ;                     ; --           ;                 ; --       ; --           ;
; U4       ;            ;                ; GND                             ; gnd    ;              ;                     ; --           ;                 ; --       ; --           ;
; U5       ;            ; --             ; VCCE_GXBL                       ; power  ;              ; 1.1V                ; --           ;                 ; --       ; --           ;
; U6       ;            ;                ; GND                             ; gnd    ;              ;                     ; --           ;                 ; --       ; --           ;
; U7       ; 50         ; 3A             ; ^DCLK                           ;        ;              ;                     ; Weak Pull Up ;                 ; --       ; On           ;
; U8       ; 48         ; 3A             ; altera_reserved_tdi             ; input  ; 2.5 V        ;                     ; --           ; N               ; no       ; Off          ;
; U9       ;            ;                ; GND                             ; gnd    ;              ;                     ; --           ;                 ; --       ; --           ;
; U10      ;            ; --             ; VCC                             ; power  ;              ; 1.1V                ; --           ;                 ; --       ; --           ;
; U11      ;            ;                ; GND                             ; gnd    ;              ;                     ; --           ;                 ; --       ; --           ;
; U12      ;            ; --             ; VCC                             ; power  ;              ; 1.1V                ; --           ;                 ; --       ; --           ;
; U13      ;            ;                ; GND                             ; gnd    ;              ;                     ; --           ;                 ; --       ; --           ;
; U14      ;            ; --             ; VCC                             ; power  ;              ; 1.1V                ; --           ;                 ; --       ; --           ;
; U15      ;            ;                ; GND                             ; gnd    ;              ;                     ; --           ;                 ; --       ; --           ;
; U16      ;            ; --             ; VCC_HPS                         ; power  ;              ; 1.1V                ; --           ;                 ; --       ; --           ;
; U17      ;            ;                ; GND                             ; gnd    ;              ;                     ; --           ;                 ; --       ; --           ;
; U18      ;            ; --             ; VCC_HPS                         ; power  ;              ; 1.1V                ; --           ;                 ; --       ; --           ;
; U19      ;            ; 6B             ; VCCIO6B_HPS                     ; power  ;              ; 2.5V                ; --           ;                 ; --       ; --           ;
; U20      ; 276        ; 6B             ; RESERVED_INPUT_WITH_WEAK_PULLUP ;        ;              ;                     ; Row I/O      ;                 ; no       ; On           ;
; U21      ;            ; --             ; VCC                             ; power  ;              ; 1.1V                ; --           ;                 ; --       ; --           ;
; U22      ;            ;                ; GND                             ; gnd    ;              ;                     ; --           ;                 ; --       ; --           ;
; U23      ;            ; 5B             ; VCCPD5B                         ; power  ;              ; 2.5V                ; --           ;                 ; --       ; --           ;
; U24      ;            ;                ; GND                             ; gnd    ;              ;                     ; --           ;                 ; --       ; --           ;
; U25      ; 264        ; 6B             ; RESERVED_INPUT_WITH_WEAK_PULLUP ;        ;              ;                     ; Row I/O      ;                 ; no       ; On           ;
; U26      ; 306        ; 6B             ; RESERVED_INPUT_WITH_WEAK_PULLUP ;        ;              ;                     ; Row I/O      ;                 ; no       ; On           ;
; U27      ; 273        ; 6B             ; RESERVED_INPUT_WITH_WEAK_PULLUP ;        ;              ;                     ; Row I/O      ;                 ; no       ; On           ;
; U28      ; 285        ; 6B             ; RESERVED_INPUT_WITH_WEAK_PULLUP ;        ;              ;                     ; Row I/O      ;                 ; no       ; On           ;
; U29      ;            ;                ; GND                             ; gnd    ;              ;                     ; --           ;                 ; --       ; --           ;
; U30      ; 283        ; 6B             ; RESERVED_INPUT_WITH_WEAK_PULLUP ;        ;              ;                     ; Row I/O      ;                 ; --       ; --           ;
; V1       ;            ;                ; GND                             ; gnd    ;              ;                     ; --           ;                 ; --       ; --           ;
; V2       ;            ;                ; GND                             ; gnd    ;              ;                     ; --           ;                 ; --       ; --           ;
; V3       ; 24         ; B1L            ; GXB_NC                          ;        ;              ;                     ; --           ;                 ; --       ; --           ;
; V4       ; 25         ; B1L            ; GXB_NC                          ;        ;              ;                     ; --           ;                 ; --       ; --           ;
; V5       ;            ;                ; GND                             ; gnd    ;              ;                     ; --           ;                 ; --       ; --           ;
; V6       ;            ; --             ; VCCH_GXBL                       ; power  ;              ; 2.5V                ; --           ;                 ; --       ; --           ;
; V7       ;            ;                ; GND                             ; gnd    ;              ;                     ; --           ;                 ; --       ; --           ;
; V8       ;            ; --             ; VCCA_FPLL                       ; power  ;              ; 2.5V                ; --           ;                 ; --       ; --           ;
; V9       ; 44         ; 3A             ; altera_reserved_tms             ; input  ; 2.5 V        ;                     ; --           ; N               ; no       ; Off          ;
; V10      ;            ;                ; GND                             ; gnd    ;              ;                     ; --           ;                 ; --       ; --           ;
; V11      ;            ; --             ; VCC                             ; power  ;              ; 1.1V                ; --           ;                 ; --       ; --           ;
; V12      ;            ;                ; GND                             ; gnd    ;              ;                     ; --           ;                 ; --       ; --           ;
; V13      ;            ; --             ; VCC                             ; power  ;              ; 1.1V                ; --           ;                 ; --       ; --           ;
; V14      ;            ;                ; GND                             ; gnd    ;              ;                     ; --           ;                 ; --       ; --           ;
; V15      ;            ; --             ; VCC                             ; power  ;              ; 1.1V                ; --           ;                 ; --       ; --           ;
; V16      ; 138        ; 4A             ; RESERVED_INPUT_WITH_WEAK_PULLUP ;        ;              ;                     ; Column I/O   ;                 ; no       ; On           ;
; V17      ; 154        ; 4A             ; RESERVED_INPUT_WITH_WEAK_PULLUP ;        ;              ;                     ; Column I/O   ;                 ; no       ; On           ;
; V18      ; 194        ; 4A             ; RESERVED_INPUT_WITH_WEAK_PULLUP ;        ;              ;                     ; Column I/O   ;                 ; no       ; On           ;
; V19      ;            ;                ; GND                             ; gnd    ;              ;                     ; --           ;                 ; --       ; --           ;
; V20      ; 292        ; 6B             ; RESERVED_INPUT_WITH_WEAK_PULLUP ;        ;              ;                     ; Row I/O      ;                 ; no       ; On           ;
; V21      ;            ;                ; GND                             ; gnd    ;              ;                     ; --           ;                 ; --       ; --           ;
; V22      ;            ; 5A             ; VCCPD5A                         ; power  ;              ; 3.3V                ; --           ;                 ; --       ; --           ;
; V23      ; 236        ; 5A             ; RESERVED_INPUT_WITH_WEAK_PULLUP ;        ;              ;                     ; Row I/O      ;                 ; no       ; On           ;
; V24      ;            ; 5A             ; VCCPD5A                         ; power  ;              ; 3.3V                ; --           ;                 ; --       ; --           ;
; V25      ; 246        ; 5B             ; RESERVED_INPUT_WITH_WEAK_PULLUP ;        ;              ;                     ; Row I/O      ;                 ; no       ; On           ;
; V26      ;            ; 6B             ; VCCIO6B_HPS                     ; power  ;              ; 2.5V                ; --           ;                 ; --       ; --           ;
; V27      ; 265        ; 6B             ; RESERVED_INPUT_WITH_WEAK_PULLUP ;        ;              ;                     ; Row I/O      ;                 ; no       ; On           ;
; V28      ; 271        ; 6B             ; RESERVED_INPUT_WITH_WEAK_PULLUP ;        ;              ;                     ; Row I/O      ;                 ; no       ; On           ;
; V29      ; 275        ; 6B             ; RESERVED_INPUT_WITH_WEAK_PULLUP ;        ;              ;                     ; Row I/O      ;                 ; no       ; On           ;
; V30      ; 281        ; 6B             ; RESERVED_INPUT_WITH_WEAK_PULLUP ;        ;              ;                     ; Row I/O      ;                 ; no       ; On           ;
; W1       ; 27         ; B1L            ; GND                             ;        ;              ;                     ; --           ;                 ; --       ; --           ;
; W2       ; 26         ; B1L            ; GND                             ;        ;              ;                     ; --           ;                 ; --       ; --           ;
; W3       ;            ;                ; GND                             ; gnd    ;              ;                     ; --           ;                 ; --       ; --           ;
; W4       ;            ;                ; GND                             ; gnd    ;              ;                     ; --           ;                 ; --       ; --           ;
; W5       ;            ; --             ; VCCL_GXBL                       ; power  ;              ; 1.1V                ; --           ;                 ; --       ; --           ;
; W6       ;            ;                ; GND                             ; gnd    ;              ;                     ; --           ;                 ; --       ; --           ;
; W7       ; 41         ; B0L            ; GND                             ;        ;              ;                     ; Row I/O      ;                 ; --       ; --           ;
; W8       ; 40         ; B0L            ; GND                             ;        ;              ;                     ; Row I/O      ;                 ; --       ; --           ;
; W9       ;            ;                ; GND                             ; gnd    ;              ;                     ; --           ;                 ; --       ; --           ;
; W10      ;            ; --             ; VCC                             ; power  ;              ; 1.1V                ; --           ;                 ; --       ; --           ;
; W11      ;            ;                ; GND                             ; gnd    ;              ;                     ; --           ;                 ; --       ; --           ;
; W12      ;            ; --             ; VCC                             ; power  ;              ; 1.1V                ; --           ;                 ; --       ; --           ;
; W13      ;            ;                ; GND                             ; gnd    ;              ;                     ; --           ;                 ; --       ; --           ;
; W14      ;            ; --             ; VCC                             ; power  ;              ; 1.1V                ; --           ;                 ; --       ; --           ;
; W15      ; 130        ; 3B             ; RESERVED_INPUT_WITH_WEAK_PULLUP ;        ;              ;                     ; Column I/O   ;                 ; no       ; On           ;
; W16      ; 136        ; 4A             ; RESERVED_INPUT_WITH_WEAK_PULLUP ;        ;              ;                     ; Column I/O   ;                 ; no       ; On           ;
; W17      ; 152        ; 4A             ; RESERVED_INPUT_WITH_WEAK_PULLUP ;        ;              ;                     ; Column I/O   ;                 ; no       ; On           ;
; W18      ;            ;                ; GND                             ; gnd    ;              ;                     ; --           ;                 ; --       ; --           ;
; W19      ; 192        ; 4A             ; RESERVED_INPUT_WITH_WEAK_PULLUP ;        ;              ;                     ; Column I/O   ;                 ; no       ; On           ;
; W20      ; 217        ; 5A             ; RESERVED_INPUT_WITH_WEAK_PULLUP ;        ;              ;                     ; Row I/O      ;                 ; no       ; On           ;
; W21      ; 221        ; 5A             ; RESERVED_INPUT_WITH_WEAK_PULLUP ;        ;              ;                     ; Row I/O      ;                 ; no       ; On           ;
; W22      ; 223        ; 5A             ; RESERVED_INPUT_WITH_WEAK_PULLUP ;        ;              ;                     ; Row I/O      ;                 ; no       ; On           ;
; W23      ;            ; 5A             ; VCCIO5A                         ; power  ;              ; 3.3V                ; --           ;                 ; --       ; --           ;
; W24      ; 238        ; 5A             ; RESERVED_INPUT_WITH_WEAK_PULLUP ;        ;              ;                     ; Row I/O      ;                 ; no       ; On           ;
; W25      ; 244        ; 5B             ; RESERVED_INPUT_WITH_WEAK_PULLUP ;        ;              ;                     ; Row I/O      ;                 ; no       ; On           ;
; W26      ; 274        ; 6B             ; RESERVED_INPUT_WITH_WEAK_PULLUP ;        ;              ;                     ; Row I/O      ;                 ; no       ; On           ;
; W27      ; 261        ; 6B             ; RESERVED_INPUT_WITH_WEAK_PULLUP ;        ;              ;                     ; Row I/O      ;                 ; no       ; On           ;
; W28      ;            ;                ; GND                             ; gnd    ;              ;                     ; --           ;                 ; --       ; --           ;
; W29      ; 279        ; 6B             ; RESERVED_INPUT_WITH_WEAK_PULLUP ;        ;              ;                     ; Row I/O      ;                 ; no       ; On           ;
; W30      ; 277        ; 6B             ; RESERVED_INPUT_WITH_WEAK_PULLUP ;        ;              ;                     ; Row I/O      ;                 ; no       ; On           ;
; Y1       ;            ;                ; GND                             ; gnd    ;              ;                     ; --           ;                 ; --       ; --           ;
; Y2       ;            ;                ; GND                             ; gnd    ;              ;                     ; --           ;                 ; --       ; --           ;
; Y3       ; 28         ; B0L            ; GXB_NC                          ;        ;              ;                     ; --           ;                 ; --       ; --           ;
; Y4       ; 29         ; B0L            ; GXB_NC                          ;        ;              ;                     ; --           ;                 ; --       ; --           ;
; Y5       ;            ;                ; GND                             ; gnd    ;              ;                     ; --           ;                 ; --       ; --           ;
; Y6       ;            ; --             ; VCCE_GXBL                       ; power  ;              ; 1.1V                ; --           ;                 ; --       ; --           ;
; Y7       ;            ;                ; GND                             ; gnd    ;              ;                     ; --           ;                 ; --       ; --           ;
; Y8       ;            ;                ; GND                             ; gnd    ;              ;                     ; --           ;                 ; --       ; --           ;
; Y9       ;            ; --             ; VCC                             ; power  ;              ; 1.1V                ; --           ;                 ; --       ; --           ;
; Y10      ;            ;                ; GND                             ; gnd    ;              ;                     ; --           ;                 ; --       ; --           ;
; Y11      ;            ; --             ; VCC                             ; power  ;              ; 1.1V                ; --           ;                 ; --       ; --           ;
; Y12      ;            ;                ; GND                             ; gnd    ;              ;                     ; --           ;                 ; --       ; --           ;
; Y13      ;            ; --             ; VCC                             ; power  ;              ; 1.1V                ; --           ;                 ; --       ; --           ;
; Y14      ;            ;                ; GND                             ; gnd    ;              ;                     ; --           ;                 ; --       ; --           ;
; Y15      ;            ;                ; GND                             ; gnd    ;              ;                     ; --           ;                 ; --       ; --           ;
; Y16      ; 128        ; 3B             ; RESERVED_INPUT_WITH_WEAK_PULLUP ;        ;              ;                     ; Column I/O   ;                 ; no       ; On           ;
; Y17      ; 170        ; 4A             ; RESERVED_INPUT_WITH_WEAK_PULLUP ;        ;              ;                     ; Column I/O   ;                 ; no       ; On           ;
; Y18      ; 178        ; 4A             ; RESERVED_INPUT_WITH_WEAK_PULLUP ;        ;              ;                     ; Column I/O   ;                 ; no       ; On           ;
; Y19      ; 202        ; 4A             ; RESERVED_INPUT_WITH_WEAK_PULLUP ;        ;              ;                     ; Column I/O   ;                 ; no       ; On           ;
; Y20      ;            ;                ; GND                             ; gnd    ;              ;                     ; --           ;                 ; --       ; --           ;
; Y21      ; 219        ; 5A             ; RESERVED_INPUT_WITH_WEAK_PULLUP ;        ;              ;                     ; Row I/O      ;                 ; no       ; On           ;
; Y22      ;            ; --             ; VCCA_FPLL                       ; power  ;              ; 2.5V                ; --           ;                 ; --       ; --           ;
; Y23      ; 232        ; 5A             ; RESERVED_INPUT_WITH_WEAK_PULLUP ;        ;              ;                     ; Row I/O      ;                 ; no       ; On           ;
; Y24      ; 234        ; 5A             ; RESERVED_INPUT_WITH_WEAK_PULLUP ;        ;              ;                     ; Row I/O      ;                 ; no       ; On           ;
; Y25      ;            ;                ; GND                             ; gnd    ;              ;                     ; --           ;                 ; --       ; --           ;
; Y26      ; 256        ; 5B             ; RESERVED_INPUT_WITH_WEAK_PULLUP ;        ;              ;                     ; Row I/O      ;                 ; no       ; On           ;
; Y27      ; 258        ; 5B             ; RESERVED_INPUT_WITH_WEAK_PULLUP ;        ;              ;                     ; Row I/O      ;                 ; no       ; On           ;
; Y28      ; 269        ; 6B             ; RESERVED_INPUT_WITH_WEAK_PULLUP ;        ;              ;                     ; Row I/O      ;                 ; no       ; On           ;
; Y29      ; 263        ; 6B             ; RESERVED_INPUT_WITH_WEAK_PULLUP ;        ;              ;                     ; Row I/O      ;                 ; no       ; On           ;
; Y30      ;            ;                ; GND                             ; gnd    ;              ;                     ; --           ;                 ; --       ; --           ;
+----------+------------+----------------+---------------------------------+--------+--------------+---------------------+--------------+-----------------+----------+--------------+
Note: Pin directions (input, output or bidir) are based on device operating in user mode.


+------------------------------------------------------------+
; I/O Assignment Warnings                                    ;
+---------------------+--------------------------------------+
; Pin Name            ; Reason                               ;
+---------------------+--------------------------------------+
; leds_export[0]      ; Missing drive strength and slew rate ;
; leds_export[1]      ; Missing drive strength and slew rate ;
; leds_export[2]      ; Missing drive strength and slew rate ;
; leds_export[3]      ; Missing drive strength and slew rate ;
; leds_export[4]      ; Missing drive strength and slew rate ;
; leds_export[5]      ; Missing drive strength and slew rate ;
; leds_export[6]      ; Missing drive strength and slew rate ;
; leds_export[7]      ; Missing drive strength and slew rate ;
; leds_export[8]      ; Missing drive strength and slew rate ;
; leds_export[9]      ; Missing drive strength and slew rate ;
; sdram_clk_clk       ; Missing drive strength and slew rate ;
; sdram_wire_addr[0]  ; Missing drive strength and slew rate ;
; sdram_wire_addr[1]  ; Missing drive strength and slew rate ;
; sdram_wire_addr[2]  ; Missing drive strength and slew rate ;
; sdram_wire_addr[3]  ; Missing drive strength and slew rate ;
; sdram_wire_addr[4]  ; Missing drive strength and slew rate ;
; sdram_wire_addr[5]  ; Missing drive strength and slew rate ;
; sdram_wire_addr[6]  ; Missing drive strength and slew rate ;
; sdram_wire_addr[7]  ; Missing drive strength and slew rate ;
; sdram_wire_addr[8]  ; Missing drive strength and slew rate ;
; sdram_wire_addr[9]  ; Missing drive strength and slew rate ;
; sdram_wire_addr[10] ; Missing drive strength and slew rate ;
; sdram_wire_addr[11] ; Missing drive strength and slew rate ;
; sdram_wire_addr[12] ; Missing drive strength and slew rate ;
; sdram_wire_ba[0]    ; Missing drive strength and slew rate ;
; sdram_wire_ba[1]    ; Missing drive strength and slew rate ;
; sdram_wire_cas_n    ; Missing drive strength and slew rate ;
; sdram_wire_cke      ; Missing drive strength and slew rate ;
; sdram_wire_cs_n     ; Missing drive strength and slew rate ;
; sdram_wire_dqm[0]   ; Missing drive strength and slew rate ;
; sdram_wire_dqm[1]   ; Missing drive strength and slew rate ;
; sdram_wire_ras_n    ; Missing drive strength and slew rate ;
; sdram_wire_we_n     ; Missing drive strength and slew rate ;
; sdram_wire_dq[0]    ; Missing drive strength and slew rate ;
; sdram_wire_dq[1]    ; Missing drive strength and slew rate ;
; sdram_wire_dq[2]    ; Missing drive strength and slew rate ;
; sdram_wire_dq[3]    ; Missing drive strength and slew rate ;
; sdram_wire_dq[4]    ; Missing drive strength and slew rate ;
; sdram_wire_dq[5]    ; Missing drive strength and slew rate ;
; sdram_wire_dq[6]    ; Missing drive strength and slew rate ;
; sdram_wire_dq[7]    ; Missing drive strength and slew rate ;
; sdram_wire_dq[8]    ; Missing drive strength and slew rate ;
; sdram_wire_dq[9]    ; Missing drive strength and slew rate ;
; sdram_wire_dq[10]   ; Missing drive strength and slew rate ;
; sdram_wire_dq[11]   ; Missing drive strength and slew rate ;
; sdram_wire_dq[12]   ; Missing drive strength and slew rate ;
; sdram_wire_dq[13]   ; Missing drive strength and slew rate ;
; sdram_wire_dq[14]   ; Missing drive strength and slew rate ;
; sdram_wire_dq[15]   ; Missing drive strength and slew rate ;
+---------------------+--------------------------------------+


+---------------------------------------------------------------------------------------------------------------------------------------------------+
; PLL Usage Summary                                                                                                                                 ;
+----------------------------------------------------------------------------------------------------------------------+----------------------------+
;                                                                                                                      ;                            ;
+----------------------------------------------------------------------------------------------------------------------+----------------------------+
; Lab4_CLOCKS:clocks|Lab4_CLOCKS_sys_pll:sys_pll|altera_pll:altera_pll_i|general[0].gpll~FRACTIONAL_PLL                ;                            ;
;     -- PLL Type                                                                                                      ; Integer PLL                ;
;     -- PLL Location                                                                                                  ; FRACTIONALPLL_X0_Y15_N0    ;
;     -- PLL Feedback clock type                                                                                       ; none                       ;
;     -- PLL Bandwidth                                                                                                 ; Auto                       ;
;         -- PLL Bandwidth Range                                                                                       ; 1200000 to 600000 Hz       ;
;     -- Reference Clock Frequency                                                                                     ; 50.0 MHz                   ;
;     -- Reference Clock Sourced by                                                                                    ; Dedicated Pin              ;
;     -- PLL VCO Frequency                                                                                             ; 500.0 MHz                  ;
;     -- PLL Operation Mode                                                                                            ; Direct                     ;
;     -- PLL Freq Min Lock                                                                                             ; 30.000000 MHz              ;
;     -- PLL Freq Max Lock                                                                                             ; 80.000000 MHz              ;
;     -- PLL Enable                                                                                                    ; On                         ;
;     -- PLL Fractional Division                                                                                       ; N/A                        ;
;     -- M Counter                                                                                                     ; 20                         ;
;     -- N Counter                                                                                                     ; 2                          ;
;     -- IOPLL Self RST                                                                                                ; Off                        ;
;     -- PLL Refclk Select                                                                                             ;                            ;
;             -- PLL Refclk Select Location                                                                            ; PLLREFCLKSELECT_X0_Y21_N0  ;
;             -- PLL Reference Clock Input 0 source                                                                    ; clk_0                      ;
;             -- PLL Reference Clock Input 1 source                                                                    ; ref_clk1                   ;
;             -- ADJPLLIN source                                                                                       ; N/A                        ;
;             -- CORECLKIN source                                                                                      ; N/A                        ;
;             -- IQTXRXCLKIN source                                                                                    ; N/A                        ;
;             -- PLLIQCLKIN source                                                                                     ; N/A                        ;
;             -- RXIQCLKIN source                                                                                      ; N/A                        ;
;             -- CLKIN(0) source                                                                                       ; clk_clk~input              ;
;             -- CLKIN(1) source                                                                                       ; N/A                        ;
;             -- CLKIN(2) source                                                                                       ; N/A                        ;
;             -- CLKIN(3) source                                                                                       ; N/A                        ;
;     -- PLL Output Counter                                                                                            ;                            ;
;         -- Lab4_CLOCKS:clocks|Lab4_CLOCKS_sys_pll:sys_pll|altera_pll:altera_pll_i|general[0].gpll~PLL_OUTPUT_COUNTER ;                            ;
;             -- Output Clock Frequency                                                                                ; 50.0 MHz                   ;
;             -- Output Clock Location                                                                                 ; PLLOUTPUTCOUNTER_X0_Y19_N1 ;
;             -- C Counter Odd Divider Even Duty Enable                                                                ; Off                        ;
;             -- Duty Cycle                                                                                            ; 50.0000                    ;
;             -- Phase Shift                                                                                           ; 0.000000 degrees           ;
;             -- C Counter                                                                                             ; 10                         ;
;             -- C Counter PH Mux PRST                                                                                 ; 0                          ;
;             -- C Counter PRST                                                                                        ; 1                          ;
;         -- Lab4_CLOCKS:clocks|Lab4_CLOCKS_sys_pll:sys_pll|altera_pll:altera_pll_i|general[1].gpll~PLL_OUTPUT_COUNTER ;                            ;
;             -- Output Clock Frequency                                                                                ; 50.0 MHz                   ;
;             -- Output Clock Location                                                                                 ; PLLOUTPUTCOUNTER_X0_Y21_N1 ;
;             -- C Counter Odd Divider Even Duty Enable                                                                ; Off                        ;
;             -- Duty Cycle                                                                                            ; 50.0000                    ;
;             -- Phase Shift                                                                                           ; 306.000000 degrees         ;
;             -- C Counter                                                                                             ; 10                         ;
;             -- C Counter PH Mux PRST                                                                                 ; 4                          ;
;             -- C Counter PRST                                                                                        ; 9                          ;
;                                                                                                                      ;                            ;
+----------------------------------------------------------------------------------------------------------------------+----------------------------+


+---------------------------------------------------------------------------------------------------------------------------------------------------------------------------------------------------------------------------------------------------------------------------------------------------------------------------------------------------------------------------------------------------------------------------------------------------------------------------------------------------------------------------------------------------------------------------------------------------------------------------------------------------------------------------------------------------------------------------------------------------------------------------------------------------------------------------------------------------------------+
; Fitter Resource Utilization by Entity                                                                                                                                                                                                                                                                                                                                                                                                                                                                                                                                                                                                                                                                                                                                                                                                                         ;
+-----------------------------------------------------------------------------------------------------------------------------------------+----------------------+----------------------------------+---------------------------------------------------+----------------------------------+----------------------+---------------------+---------------------------+---------------+-------------------+-------+------------+------+--------------+--------------------------------------------------------------------------------------------------------------------------------------------------------------------------------------------------------------------------------------------------------------------------------------------------------------------------------------------------+------------------------------------------+--------------+
; Compilation Hierarchy Node                                                                                                              ; ALMs needed [=A-B+C] ; [A] ALMs used in final placement ; [B] Estimate of ALMs recoverable by dense packing ; [C] Estimate of ALMs unavailable ; ALMs used for memory ; Combinational ALUTs ; Dedicated Logic Registers ; I/O Registers ; Block Memory Bits ; M10Ks ; DSP Blocks ; Pins ; Virtual Pins ; Full Hierarchy Name                                                                                                                                                                                                                                                                                                                              ; Entity Name                              ; Library Name ;
+-----------------------------------------------------------------------------------------------------------------------------------------+----------------------+----------------------------------+---------------------------------------------------+----------------------------------+----------------------+---------------------+---------------------------+---------------+-------------------+-------+------------+------+--------------+--------------------------------------------------------------------------------------------------------------------------------------------------------------------------------------------------------------------------------------------------------------------------------------------------------------------------------------------------+------------------------------------------+--------------+
; |Lab4                                                                                                                                   ; 2644.0 (0.0)         ; 3023.5 (0.0)                     ; 402.0 (0.0)                                       ; 22.5 (0.0)                       ; 60.0 (0.0)           ; 3805 (1)            ; 3493 (0)                  ; 69 (69)       ; 3200              ; 5     ; 0          ; 54   ; 0            ; |Lab4                                                                                                                                                                                                                                                                                                                                            ; Lab4                                     ; Lab4         ;
;    |Lab4_BUTTONS:buttons|                                                                                                               ; 2.2 (2.2)            ; 2.2 (2.2)                        ; 0.0 (0.0)                                         ; 0.0 (0.0)                        ; 0.0 (0.0)            ; 4 (4)               ; 4 (4)                     ; 0 (0)         ; 0                 ; 0     ; 0          ; 0    ; 0            ; |Lab4|Lab4_BUTTONS:buttons                                                                                                                                                                                                                                                                                                                       ; Lab4_BUTTONS                             ; Lab4         ;
;    |Lab4_CLOCKS:clocks|                                                                                                                 ; 0.0 (0.0)            ; 0.0 (0.0)                        ; 0.0 (0.0)                                         ; 0.0 (0.0)                        ; 0.0 (0.0)            ; 0 (0)               ; 0 (0)                     ; 0 (0)         ; 0                 ; 0     ; 0          ; 0    ; 0            ; |Lab4|Lab4_CLOCKS:clocks                                                                                                                                                                                                                                                                                                                         ; Lab4_CLOCKS                              ; Lab4         ;
;       |Lab4_CLOCKS_sys_pll:sys_pll|                                                                                                     ; 0.0 (0.0)            ; 0.0 (0.0)                        ; 0.0 (0.0)                                         ; 0.0 (0.0)                        ; 0.0 (0.0)            ; 0 (0)               ; 0 (0)                     ; 0 (0)         ; 0                 ; 0     ; 0          ; 0    ; 0            ; |Lab4|Lab4_CLOCKS:clocks|Lab4_CLOCKS_sys_pll:sys_pll                                                                                                                                                                                                                                                                                             ; Lab4_CLOCKS_sys_pll                      ; Lab4         ;
;          |altera_pll:altera_pll_i|                                                                                                      ; 0.0 (0.0)            ; 0.0 (0.0)                        ; 0.0 (0.0)                                         ; 0.0 (0.0)                        ; 0.0 (0.0)            ; 0 (0)               ; 0 (0)                     ; 0 (0)         ; 0                 ; 0     ; 0          ; 0    ; 0            ; |Lab4|Lab4_CLOCKS:clocks|Lab4_CLOCKS_sys_pll:sys_pll|altera_pll:altera_pll_i                                                                                                                                                                                                                                                                     ; altera_pll                               ; work         ;
;    |Lab4_DEBUG:debug|                                                                                                                   ; 60.3 (15.0)          ; 73.3 (16.0)                      ; 13.0 (1.0)                                        ; 0.0 (0.0)                        ; 0.0 (0.0)            ; 117 (35)            ; 108 (13)                  ; 0 (0)         ; 1024              ; 2     ; 0          ; 0    ; 0            ; |Lab4|Lab4_DEBUG:debug                                                                                                                                                                                                                                                                                                                           ; Lab4_DEBUG                               ; Lab4         ;
;       |Lab4_DEBUG_scfifo_r:the_Lab4_DEBUG_scfifo_r|                                                                                     ; 12.2 (0.0)           ; 12.2 (0.0)                       ; 0.0 (0.0)                                         ; 0.0 (0.0)                        ; 0.0 (0.0)            ; 24 (0)              ; 20 (0)                    ; 0 (0)         ; 512               ; 1     ; 0          ; 0    ; 0            ; |Lab4|Lab4_DEBUG:debug|Lab4_DEBUG_scfifo_r:the_Lab4_DEBUG_scfifo_r                                                                                                                                                                                                                                                                               ; Lab4_DEBUG_scfifo_r                      ; Lab4         ;
;          |scfifo:rfifo|                                                                                                                 ; 12.2 (0.0)           ; 12.2 (0.0)                       ; 0.0 (0.0)                                         ; 0.0 (0.0)                        ; 0.0 (0.0)            ; 24 (0)              ; 20 (0)                    ; 0 (0)         ; 512               ; 1     ; 0          ; 0    ; 0            ; |Lab4|Lab4_DEBUG:debug|Lab4_DEBUG_scfifo_r:the_Lab4_DEBUG_scfifo_r|scfifo:rfifo                                                                                                                                                                                                                                                                  ; scfifo                                   ; work         ;
;             |scfifo_3291:auto_generated|                                                                                                ; 12.2 (0.0)           ; 12.2 (0.0)                       ; 0.0 (0.0)                                         ; 0.0 (0.0)                        ; 0.0 (0.0)            ; 24 (0)              ; 20 (0)                    ; 0 (0)         ; 512               ; 1     ; 0          ; 0    ; 0            ; |Lab4|Lab4_DEBUG:debug|Lab4_DEBUG_scfifo_r:the_Lab4_DEBUG_scfifo_r|scfifo:rfifo|scfifo_3291:auto_generated                                                                                                                                                                                                                                       ; scfifo_3291                              ; work         ;
;                |a_dpfifo_5771:dpfifo|                                                                                                   ; 12.2 (0.0)           ; 12.2 (0.0)                       ; 0.0 (0.0)                                         ; 0.0 (0.0)                        ; 0.0 (0.0)            ; 24 (0)              ; 20 (0)                    ; 0 (0)         ; 512               ; 1     ; 0          ; 0    ; 0            ; |Lab4|Lab4_DEBUG:debug|Lab4_DEBUG_scfifo_r:the_Lab4_DEBUG_scfifo_r|scfifo:rfifo|scfifo_3291:auto_generated|a_dpfifo_5771:dpfifo                                                                                                                                                                                                                  ; a_dpfifo_5771                            ; work         ;
;                   |a_fefifo_7cf:fifo_state|                                                                                             ; 6.2 (3.2)            ; 6.2 (3.2)                        ; 0.0 (0.0)                                         ; 0.0 (0.0)                        ; 0.0 (0.0)            ; 12 (6)              ; 8 (2)                     ; 0 (0)         ; 0                 ; 0     ; 0          ; 0    ; 0            ; |Lab4|Lab4_DEBUG:debug|Lab4_DEBUG_scfifo_r:the_Lab4_DEBUG_scfifo_r|scfifo:rfifo|scfifo_3291:auto_generated|a_dpfifo_5771:dpfifo|a_fefifo_7cf:fifo_state                                                                                                                                                                                          ; a_fefifo_7cf                             ; work         ;
;                      |cntr_vg7:count_usedw|                                                                                             ; 3.0 (3.0)            ; 3.0 (3.0)                        ; 0.0 (0.0)                                         ; 0.0 (0.0)                        ; 0.0 (0.0)            ; 6 (6)               ; 6 (6)                     ; 0 (0)         ; 0                 ; 0     ; 0          ; 0    ; 0            ; |Lab4|Lab4_DEBUG:debug|Lab4_DEBUG_scfifo_r:the_Lab4_DEBUG_scfifo_r|scfifo:rfifo|scfifo_3291:auto_generated|a_dpfifo_5771:dpfifo|a_fefifo_7cf:fifo_state|cntr_vg7:count_usedw                                                                                                                                                                     ; cntr_vg7                                 ; work         ;
;                   |altsyncram_7pu1:FIFOram|                                                                                             ; 0.0 (0.0)            ; 0.0 (0.0)                        ; 0.0 (0.0)                                         ; 0.0 (0.0)                        ; 0.0 (0.0)            ; 0 (0)               ; 0 (0)                     ; 0 (0)         ; 512               ; 1     ; 0          ; 0    ; 0            ; |Lab4|Lab4_DEBUG:debug|Lab4_DEBUG_scfifo_r:the_Lab4_DEBUG_scfifo_r|scfifo:rfifo|scfifo_3291:auto_generated|a_dpfifo_5771:dpfifo|altsyncram_7pu1:FIFOram                                                                                                                                                                                          ; altsyncram_7pu1                          ; work         ;
;                   |cntr_jgb:rd_ptr_count|                                                                                               ; 3.0 (3.0)            ; 3.0 (3.0)                        ; 0.0 (0.0)                                         ; 0.0 (0.0)                        ; 0.0 (0.0)            ; 6 (6)               ; 6 (6)                     ; 0 (0)         ; 0                 ; 0     ; 0          ; 0    ; 0            ; |Lab4|Lab4_DEBUG:debug|Lab4_DEBUG_scfifo_r:the_Lab4_DEBUG_scfifo_r|scfifo:rfifo|scfifo_3291:auto_generated|a_dpfifo_5771:dpfifo|cntr_jgb:rd_ptr_count                                                                                                                                                                                            ; cntr_jgb                                 ; work         ;
;                   |cntr_jgb:wr_ptr|                                                                                                     ; 3.0 (3.0)            ; 3.0 (3.0)                        ; 0.0 (0.0)                                         ; 0.0 (0.0)                        ; 0.0 (0.0)            ; 6 (6)               ; 6 (6)                     ; 0 (0)         ; 0                 ; 0     ; 0          ; 0    ; 0            ; |Lab4|Lab4_DEBUG:debug|Lab4_DEBUG_scfifo_r:the_Lab4_DEBUG_scfifo_r|scfifo:rfifo|scfifo_3291:auto_generated|a_dpfifo_5771:dpfifo|cntr_jgb:wr_ptr                                                                                                                                                                                                  ; cntr_jgb                                 ; work         ;
;       |Lab4_DEBUG_scfifo_w:the_Lab4_DEBUG_scfifo_w|                                                                                     ; 12.2 (0.0)           ; 12.3 (0.0)                       ; 0.1 (0.0)                                         ; 0.0 (0.0)                        ; 0.0 (0.0)            ; 24 (0)              ; 21 (0)                    ; 0 (0)         ; 512               ; 1     ; 0          ; 0    ; 0            ; |Lab4|Lab4_DEBUG:debug|Lab4_DEBUG_scfifo_w:the_Lab4_DEBUG_scfifo_w                                                                                                                                                                                                                                                                               ; Lab4_DEBUG_scfifo_w                      ; Lab4         ;
;          |scfifo:wfifo|                                                                                                                 ; 12.2 (0.0)           ; 12.3 (0.0)                       ; 0.1 (0.0)                                         ; 0.0 (0.0)                        ; 0.0 (0.0)            ; 24 (0)              ; 21 (0)                    ; 0 (0)         ; 512               ; 1     ; 0          ; 0    ; 0            ; |Lab4|Lab4_DEBUG:debug|Lab4_DEBUG_scfifo_w:the_Lab4_DEBUG_scfifo_w|scfifo:wfifo                                                                                                                                                                                                                                                                  ; scfifo                                   ; work         ;
;             |scfifo_3291:auto_generated|                                                                                                ; 12.2 (0.0)           ; 12.3 (0.0)                       ; 0.1 (0.0)                                         ; 0.0 (0.0)                        ; 0.0 (0.0)            ; 24 (0)              ; 21 (0)                    ; 0 (0)         ; 512               ; 1     ; 0          ; 0    ; 0            ; |Lab4|Lab4_DEBUG:debug|Lab4_DEBUG_scfifo_w:the_Lab4_DEBUG_scfifo_w|scfifo:wfifo|scfifo_3291:auto_generated                                                                                                                                                                                                                                       ; scfifo_3291                              ; work         ;
;                |a_dpfifo_5771:dpfifo|                                                                                                   ; 12.2 (0.0)           ; 12.3 (0.0)                       ; 0.1 (0.0)                                         ; 0.0 (0.0)                        ; 0.0 (0.0)            ; 24 (0)              ; 21 (0)                    ; 0 (0)         ; 512               ; 1     ; 0          ; 0    ; 0            ; |Lab4|Lab4_DEBUG:debug|Lab4_DEBUG_scfifo_w:the_Lab4_DEBUG_scfifo_w|scfifo:wfifo|scfifo_3291:auto_generated|a_dpfifo_5771:dpfifo                                                                                                                                                                                                                  ; a_dpfifo_5771                            ; work         ;
;                   |a_fefifo_7cf:fifo_state|                                                                                             ; 6.2 (3.2)            ; 6.3 (3.3)                        ; 0.1 (0.1)                                         ; 0.0 (0.0)                        ; 0.0 (0.0)            ; 12 (6)              ; 9 (2)                     ; 0 (0)         ; 0                 ; 0     ; 0          ; 0    ; 0            ; |Lab4|Lab4_DEBUG:debug|Lab4_DEBUG_scfifo_w:the_Lab4_DEBUG_scfifo_w|scfifo:wfifo|scfifo_3291:auto_generated|a_dpfifo_5771:dpfifo|a_fefifo_7cf:fifo_state                                                                                                                                                                                          ; a_fefifo_7cf                             ; work         ;
;                      |cntr_vg7:count_usedw|                                                                                             ; 3.0 (3.0)            ; 3.0 (3.0)                        ; 0.0 (0.0)                                         ; 0.0 (0.0)                        ; 0.0 (0.0)            ; 6 (6)               ; 7 (7)                     ; 0 (0)         ; 0                 ; 0     ; 0          ; 0    ; 0            ; |Lab4|Lab4_DEBUG:debug|Lab4_DEBUG_scfifo_w:the_Lab4_DEBUG_scfifo_w|scfifo:wfifo|scfifo_3291:auto_generated|a_dpfifo_5771:dpfifo|a_fefifo_7cf:fifo_state|cntr_vg7:count_usedw                                                                                                                                                                     ; cntr_vg7                                 ; work         ;
;                   |altsyncram_7pu1:FIFOram|                                                                                             ; 0.0 (0.0)            ; 0.0 (0.0)                        ; 0.0 (0.0)                                         ; 0.0 (0.0)                        ; 0.0 (0.0)            ; 0 (0)               ; 0 (0)                     ; 0 (0)         ; 512               ; 1     ; 0          ; 0    ; 0            ; |Lab4|Lab4_DEBUG:debug|Lab4_DEBUG_scfifo_w:the_Lab4_DEBUG_scfifo_w|scfifo:wfifo|scfifo_3291:auto_generated|a_dpfifo_5771:dpfifo|altsyncram_7pu1:FIFOram                                                                                                                                                                                          ; altsyncram_7pu1                          ; work         ;
;                   |cntr_jgb:rd_ptr_count|                                                                                               ; 3.0 (3.0)            ; 3.0 (3.0)                        ; 0.0 (0.0)                                         ; 0.0 (0.0)                        ; 0.0 (0.0)            ; 6 (6)               ; 6 (6)                     ; 0 (0)         ; 0                 ; 0     ; 0          ; 0    ; 0            ; |Lab4|Lab4_DEBUG:debug|Lab4_DEBUG_scfifo_w:the_Lab4_DEBUG_scfifo_w|scfifo:wfifo|scfifo_3291:auto_generated|a_dpfifo_5771:dpfifo|cntr_jgb:rd_ptr_count                                                                                                                                                                                            ; cntr_jgb                                 ; work         ;
;                   |cntr_jgb:wr_ptr|                                                                                                     ; 3.0 (3.0)            ; 3.0 (3.0)                        ; 0.0 (0.0)                                         ; 0.0 (0.0)                        ; 0.0 (0.0)            ; 6 (6)               ; 6 (6)                     ; 0 (0)         ; 0                 ; 0     ; 0          ; 0    ; 0            ; |Lab4|Lab4_DEBUG:debug|Lab4_DEBUG_scfifo_w:the_Lab4_DEBUG_scfifo_w|scfifo:wfifo|scfifo_3291:auto_generated|a_dpfifo_5771:dpfifo|cntr_jgb:wr_ptr                                                                                                                                                                                                  ; cntr_jgb                                 ; work         ;
;       |alt_jtag_atlantic:Lab4_DEBUG_alt_jtag_atlantic|                                                                                  ; 20.8 (20.8)          ; 32.8 (32.8)                      ; 11.9 (11.9)                                       ; 0.0 (0.0)                        ; 0.0 (0.0)            ; 34 (34)             ; 54 (54)                   ; 0 (0)         ; 0                 ; 0     ; 0          ; 0    ; 0            ; |Lab4|Lab4_DEBUG:debug|alt_jtag_atlantic:Lab4_DEBUG_alt_jtag_atlantic                                                                                                                                                                                                                                                                            ; alt_jtag_atlantic                        ; work         ;
;    |Lab4_LEDs:leds|                                                                                                                     ; 10.1 (10.1)          ; 10.1 (10.1)                      ; 0.0 (0.0)                                         ; 0.0 (0.0)                        ; 0.0 (0.0)            ; 25 (25)             ; 11 (11)                   ; 0 (0)         ; 0                 ; 0     ; 0          ; 0    ; 0            ; |Lab4|Lab4_LEDs:leds                                                                                                                                                                                                                                                                                                                             ; Lab4_LEDs                                ; Lab4         ;
;    |Lab4_NIOSV_FreeRTOS:niosv_freertos|                                                                                                 ; 1929.1 (0.0)         ; 2231.2 (0.0)                     ; 323.6 (0.0)                                       ; 21.4 (0.0)                       ; 60.0 (0.0)           ; 2586 (0)            ; 2507 (0)                  ; 0 (0)         ; 2048              ; 2     ; 0          ; 0    ; 0            ; |Lab4|Lab4_NIOSV_FreeRTOS:niosv_freertos                                                                                                                                                                                                                                                                                                         ; Lab4_NIOSV_FreeRTOS                      ; Lab4         ;
;       |altera_reset_controller:rst_controller|                                                                                          ; 0.3 (0.3)            ; 0.5 (0.5)                        ; 0.2 (0.2)                                         ; 0.0 (0.0)                        ; 0.0 (0.0)            ; 1 (1)               ; 0 (0)                     ; 0 (0)         ; 0                 ; 0     ; 0          ; 0    ; 0            ; |Lab4|Lab4_NIOSV_FreeRTOS:niosv_freertos|altera_reset_controller:rst_controller                                                                                                                                                                                                                                                                  ; altera_reset_controller                  ; Lab4         ;
;       |altera_reset_controller:rst_controller_001|                                                                                      ; 0.7 (0.0)            ; 1.3 (0.0)                        ; 0.7 (0.0)                                         ; 0.0 (0.0)                        ; 0.0 (0.0)            ; 1 (0)               ; 3 (0)                     ; 0 (0)         ; 0                 ; 0     ; 0          ; 0    ; 0            ; |Lab4|Lab4_NIOSV_FreeRTOS:niosv_freertos|altera_reset_controller:rst_controller_001                                                                                                                                                                                                                                                              ; altera_reset_controller                  ; Lab4         ;
;          |altera_reset_synchronizer:alt_rst_sync_uq1|                                                                                   ; 0.7 (0.7)            ; 1.3 (1.3)                        ; 0.7 (0.7)                                         ; 0.0 (0.0)                        ; 0.0 (0.0)            ; 1 (1)               ; 3 (3)                     ; 0 (0)         ; 0                 ; 0     ; 0          ; 0    ; 0            ; |Lab4|Lab4_NIOSV_FreeRTOS:niosv_freertos|altera_reset_controller:rst_controller_001|altera_reset_synchronizer:alt_rst_sync_uq1                                                                                                                                                                                                                   ; altera_reset_synchronizer                ; Lab4         ;
;       |niosv_dm_top:dbg_mod|                                                                                                            ; 323.6 (0.0)          ; 473.2 (0.0)                      ; 150.0 (0.0)                                       ; 0.4 (0.0)                        ; 60.0 (0.0)           ; 393 (0)             ; 736 (0)                   ; 0 (0)         ; 0                 ; 0     ; 0          ; 0    ; 0            ; |Lab4|Lab4_NIOSV_FreeRTOS:niosv_freertos|niosv_dm_top:dbg_mod                                                                                                                                                                                                                                                                                    ; niosv_dm_top                             ; Lab4         ;
;          |niosv_debug_module:dm_inst|                                                                                                   ; 252.6 (159.7)        ; 293.0 (199.3)                    ; 40.7 (39.9)                                       ; 0.4 (0.4)                        ; 60.0 (0.0)           ; 332 (291)           ; 330 (241)                 ; 0 (0)         ; 0                 ; 0     ; 0          ; 0    ; 0            ; |Lab4|Lab4_NIOSV_FreeRTOS:niosv_freertos|niosv_dm_top:dbg_mod|niosv_debug_module:dm_inst                                                                                                                                                                                                                                                         ; niosv_debug_module                       ; Lab4         ;
;             |niosv_ram:dbg_rom_inst|                                                                                                    ; 62.2 (0.0)           ; 62.2 (0.0)                       ; 0.0 (0.0)                                         ; 0.0 (0.0)                        ; 40.0 (0.0)           ; 41 (0)              ; 48 (0)                    ; 0 (0)         ; 0                 ; 0     ; 0          ; 0    ; 0            ; |Lab4|Lab4_NIOSV_FreeRTOS:niosv_freertos|niosv_dm_top:dbg_mod|niosv_debug_module:dm_inst|niosv_ram:dbg_rom_inst                                                                                                                                                                                                                                  ; niosv_ram                                ; Lab4         ;
;                |altsyncram:ram_no_ecc.data_ram|                                                                                         ; 62.2 (0.0)           ; 62.2 (0.0)                       ; 0.0 (0.0)                                         ; 0.0 (0.0)                        ; 40.0 (0.0)           ; 41 (0)              ; 48 (0)                    ; 0 (0)         ; 0                 ; 0     ; 0          ; 0    ; 0            ; |Lab4|Lab4_NIOSV_FreeRTOS:niosv_freertos|niosv_dm_top:dbg_mod|niosv_debug_module:dm_inst|niosv_ram:dbg_rom_inst|altsyncram:ram_no_ecc.data_ram                                                                                                                                                                                                   ; altsyncram                               ; work         ;
;                   |altsyncram_pds1:auto_generated|                                                                                      ; 62.2 (61.8)          ; 62.2 (61.8)                      ; 0.0 (0.0)                                         ; 0.0 (0.0)                        ; 40.0 (40.0)          ; 41 (39)             ; 48 (48)                   ; 0 (0)         ; 0                 ; 0     ; 0          ; 0    ; 0            ; |Lab4|Lab4_NIOSV_FreeRTOS:niosv_freertos|niosv_dm_top:dbg_mod|niosv_debug_module:dm_inst|niosv_ram:dbg_rom_inst|altsyncram:ram_no_ecc.data_ram|altsyncram_pds1:auto_generated                                                                                                                                                                    ; altsyncram_pds1                          ; work         ;
;                      |decode_5la:wr_decode|                                                                                             ; 0.5 (0.5)            ; 0.5 (0.5)                        ; 0.0 (0.0)                                         ; 0.0 (0.0)                        ; 0.0 (0.0)            ; 2 (2)               ; 0 (0)                     ; 0 (0)         ; 0                 ; 0     ; 0          ; 0    ; 0            ; |Lab4|Lab4_NIOSV_FreeRTOS:niosv_freertos|niosv_dm_top:dbg_mod|niosv_debug_module:dm_inst|niosv_ram:dbg_rom_inst|altsyncram:ram_no_ecc.data_ram|altsyncram_pds1:auto_generated|decode_5la:wr_decode                                                                                                                                               ; decode_5la                               ; work         ;
;             |niosv_ram:niosv_dm_csr_mem_inst|                                                                                           ; 30.4 (0.0)           ; 31.4 (0.0)                       ; 1.0 (0.0)                                         ; 0.0 (0.0)                        ; 20.0 (0.0)           ; 0 (0)               ; 41 (0)                    ; 0 (0)         ; 0                 ; 0     ; 0          ; 0    ; 0            ; |Lab4|Lab4_NIOSV_FreeRTOS:niosv_freertos|niosv_dm_top:dbg_mod|niosv_debug_module:dm_inst|niosv_ram:niosv_dm_csr_mem_inst                                                                                                                                                                                                                         ; niosv_ram                                ; Lab4         ;
;                |altsyncram:ram_no_ecc.data_ram|                                                                                         ; 30.4 (0.0)           ; 31.4 (0.0)                       ; 1.0 (0.0)                                         ; 0.0 (0.0)                        ; 20.0 (0.0)           ; 0 (0)               ; 41 (0)                    ; 0 (0)         ; 0                 ; 0     ; 0          ; 0    ; 0            ; |Lab4|Lab4_NIOSV_FreeRTOS:niosv_freertos|niosv_dm_top:dbg_mod|niosv_debug_module:dm_inst|niosv_ram:niosv_dm_csr_mem_inst|altsyncram:ram_no_ecc.data_ram                                                                                                                                                                                          ; altsyncram                               ; work         ;
;                   |altsyncram_q9s1:auto_generated|                                                                                      ; 30.4 (30.4)          ; 31.4 (31.4)                      ; 1.0 (1.0)                                         ; 0.0 (0.0)                        ; 20.0 (20.0)          ; 0 (0)               ; 41 (41)                   ; 0 (0)         ; 0                 ; 0     ; 0          ; 0    ; 0            ; |Lab4|Lab4_NIOSV_FreeRTOS:niosv_freertos|niosv_dm_top:dbg_mod|niosv_debug_module:dm_inst|niosv_ram:niosv_dm_csr_mem_inst|altsyncram:ram_no_ecc.data_ram|altsyncram_q9s1:auto_generated                                                                                                                                                           ; altsyncram_q9s1                          ; work         ;
;          |niosv_dm_jtag2mm:dtm_inst|                                                                                                    ; 71.0 (65.8)          ; 180.1 (88.4)                     ; 109.2 (22.5)                                      ; 0.1 (0.0)                        ; 0.0 (0.0)            ; 61 (53)             ; 406 (166)                 ; 0 (0)         ; 0                 ; 0     ; 0          ; 0    ; 0            ; |Lab4|Lab4_NIOSV_FreeRTOS:niosv_freertos|niosv_dm_top:dbg_mod|niosv_dm_jtag2mm:dtm_inst                                                                                                                                                                                                                                                          ; niosv_dm_jtag2mm                         ; Lab4         ;
;             |altera_avalon_st_handshake_clock_crosser:cmd_clk_xer|                                                                      ; 2.7 (0.0)            ; 52.1 (0.0)                       ; 49.3 (0.0)                                        ; 0.0 (0.0)                        ; 0.0 (0.0)            ; 3 (0)               ; 137 (0)                   ; 0 (0)         ; 0                 ; 0     ; 0          ; 0    ; 0            ; |Lab4|Lab4_NIOSV_FreeRTOS:niosv_freertos|niosv_dm_top:dbg_mod|niosv_dm_jtag2mm:dtm_inst|altera_avalon_st_handshake_clock_crosser:cmd_clk_xer                                                                                                                                                                                                     ; altera_avalon_st_handshake_clock_crosser ; Lab4         ;
;                |altera_avalon_st_clock_crosser:clock_xer|                                                                               ; 2.7 (1.4)            ; 52.1 (32.5)                      ; 49.3 (31.1)                                       ; 0.0 (0.0)                        ; 0.0 (0.0)            ; 3 (2)               ; 137 (89)                  ; 0 (0)         ; 0                 ; 0     ; 0          ; 0    ; 0            ; |Lab4|Lab4_NIOSV_FreeRTOS:niosv_freertos|niosv_dm_top:dbg_mod|niosv_dm_jtag2mm:dtm_inst|altera_avalon_st_handshake_clock_crosser:cmd_clk_xer|altera_avalon_st_clock_crosser:clock_xer                                                                                                                                                            ; altera_avalon_st_clock_crosser           ; Lab4         ;
;                   |altera_avalon_st_pipeline_base:output_stage|                                                                         ; 1.2 (1.2)            ; 17.5 (17.5)                      ; 16.3 (16.3)                                       ; 0.0 (0.0)                        ; 0.0 (0.0)            ; 1 (1)               ; 44 (44)                   ; 0 (0)         ; 0                 ; 0     ; 0          ; 0    ; 0            ; |Lab4|Lab4_NIOSV_FreeRTOS:niosv_freertos|niosv_dm_top:dbg_mod|niosv_dm_jtag2mm:dtm_inst|altera_avalon_st_handshake_clock_crosser:cmd_clk_xer|altera_avalon_st_clock_crosser:clock_xer|altera_avalon_st_pipeline_base:output_stage                                                                                                                ; altera_avalon_st_pipeline_base           ; Lab4         ;
;                   |altera_std_synchronizer_nocut:in_to_out_synchronizer|                                                                ; -0.5 (-0.5)          ; 1.0 (1.0)                        ; 1.5 (1.5)                                         ; 0.0 (0.0)                        ; 0.0 (0.0)            ; 0 (0)               ; 2 (2)                     ; 0 (0)         ; 0                 ; 0     ; 0          ; 0    ; 0            ; |Lab4|Lab4_NIOSV_FreeRTOS:niosv_freertos|niosv_dm_top:dbg_mod|niosv_dm_jtag2mm:dtm_inst|altera_avalon_st_handshake_clock_crosser:cmd_clk_xer|altera_avalon_st_clock_crosser:clock_xer|altera_std_synchronizer_nocut:in_to_out_synchronizer                                                                                                       ; altera_std_synchronizer_nocut            ; Lab4         ;
;                   |altera_std_synchronizer_nocut:out_to_in_synchronizer|                                                                ; 0.6 (0.6)            ; 1.0 (1.0)                        ; 0.4 (0.4)                                         ; 0.0 (0.0)                        ; 0.0 (0.0)            ; 0 (0)               ; 2 (2)                     ; 0 (0)         ; 0                 ; 0     ; 0          ; 0    ; 0            ; |Lab4|Lab4_NIOSV_FreeRTOS:niosv_freertos|niosv_dm_top:dbg_mod|niosv_dm_jtag2mm:dtm_inst|altera_avalon_st_handshake_clock_crosser:cmd_clk_xer|altera_avalon_st_clock_crosser:clock_xer|altera_std_synchronizer_nocut:out_to_in_synchronizer                                                                                                       ; altera_std_synchronizer_nocut            ; Lab4         ;
;             |altera_avalon_st_handshake_clock_crosser:rsp_clk_xer|                                                                      ; 1.6 (0.0)            ; 39.2 (0.0)                       ; 37.7 (0.0)                                        ; 0.1 (0.0)                        ; 0.0 (0.0)            ; 3 (0)               ; 103 (0)                   ; 0 (0)         ; 0                 ; 0     ; 0          ; 0    ; 0            ; |Lab4|Lab4_NIOSV_FreeRTOS:niosv_freertos|niosv_dm_top:dbg_mod|niosv_dm_jtag2mm:dtm_inst|altera_avalon_st_handshake_clock_crosser:rsp_clk_xer                                                                                                                                                                                                     ; altera_avalon_st_handshake_clock_crosser ; Lab4         ;
;                |altera_avalon_st_clock_crosser:clock_xer|                                                                               ; 1.6 (0.9)            ; 39.2 (24.9)                      ; 37.7 (24.0)                                       ; 0.1 (0.1)                        ; 0.0 (0.0)            ; 3 (2)               ; 103 (66)                  ; 0 (0)         ; 0                 ; 0     ; 0          ; 0    ; 0            ; |Lab4|Lab4_NIOSV_FreeRTOS:niosv_freertos|niosv_dm_top:dbg_mod|niosv_dm_jtag2mm:dtm_inst|altera_avalon_st_handshake_clock_crosser:rsp_clk_xer|altera_avalon_st_clock_crosser:clock_xer                                                                                                                                                            ; altera_avalon_st_clock_crosser           ; Lab4         ;
;                   |altera_avalon_st_pipeline_base:output_stage|                                                                         ; 0.7 (0.7)            ; 12.8 (12.8)                      ; 12.2 (12.2)                                       ; 0.0 (0.0)                        ; 0.0 (0.0)            ; 1 (1)               ; 33 (33)                   ; 0 (0)         ; 0                 ; 0     ; 0          ; 0    ; 0            ; |Lab4|Lab4_NIOSV_FreeRTOS:niosv_freertos|niosv_dm_top:dbg_mod|niosv_dm_jtag2mm:dtm_inst|altera_avalon_st_handshake_clock_crosser:rsp_clk_xer|altera_avalon_st_clock_crosser:clock_xer|altera_avalon_st_pipeline_base:output_stage                                                                                                                ; altera_avalon_st_pipeline_base           ; Lab4         ;
;                   |altera_std_synchronizer_nocut:in_to_out_synchronizer|                                                                ; -0.2 (-0.2)          ; 0.8 (0.8)                        ; 1.0 (1.0)                                         ; 0.0 (0.0)                        ; 0.0 (0.0)            ; 0 (0)               ; 2 (2)                     ; 0 (0)         ; 0                 ; 0     ; 0          ; 0    ; 0            ; |Lab4|Lab4_NIOSV_FreeRTOS:niosv_freertos|niosv_dm_top:dbg_mod|niosv_dm_jtag2mm:dtm_inst|altera_avalon_st_handshake_clock_crosser:rsp_clk_xer|altera_avalon_st_clock_crosser:clock_xer|altera_std_synchronizer_nocut:in_to_out_synchronizer                                                                                                       ; altera_std_synchronizer_nocut            ; Lab4         ;
;                   |altera_std_synchronizer_nocut:out_to_in_synchronizer|                                                                ; 0.2 (0.2)            ; 0.7 (0.7)                        ; 0.5 (0.5)                                         ; 0.0 (0.0)                        ; 0.0 (0.0)            ; 0 (0)               ; 2 (2)                     ; 0 (0)         ; 0                 ; 0     ; 0          ; 0    ; 0            ; |Lab4|Lab4_NIOSV_FreeRTOS:niosv_freertos|niosv_dm_top:dbg_mod|niosv_dm_jtag2mm:dtm_inst|altera_avalon_st_handshake_clock_crosser:rsp_clk_xer|altera_avalon_st_clock_crosser:clock_xer|altera_std_synchronizer_nocut:out_to_in_synchronizer                                                                                                       ; altera_std_synchronizer_nocut            ; Lab4         ;
;             |sld_virtual_jtag_basic:vjtag_inst|                                                                                         ; 0.5 (0.5)            ; 0.5 (0.5)                        ; 0.0 (0.0)                                         ; 0.0 (0.0)                        ; 0.0 (0.0)            ; 2 (2)               ; 0 (0)                     ; 0 (0)         ; 0                 ; 0     ; 0          ; 0    ; 0            ; |Lab4|Lab4_NIOSV_FreeRTOS:niosv_freertos|niosv_dm_top:dbg_mod|niosv_dm_jtag2mm:dtm_inst|sld_virtual_jtag_basic:vjtag_inst                                                                                                                                                                                                                        ; sld_virtual_jtag_basic                   ; work         ;
;       |niosv_m_top:hart|                                                                                                                ; 1456.6 (0.0)         ; 1601.5 (0.0)                     ; 165.8 (0.0)                                       ; 21.0 (0.0)                       ; 0.0 (0.0)            ; 1964 (0)            ; 1571 (0)                  ; 0 (0)         ; 2048              ; 2     ; 0          ; 0    ; 0            ; |Lab4|Lab4_NIOSV_FreeRTOS:niosv_freertos|niosv_m_top:hart                                                                                                                                                                                                                                                                                        ; niosv_m_top                              ; Lab4         ;
;          |niosv_m_core:m_core.niosv_m_full_inst|                                                                                        ; 1456.6 (679.3)       ; 1601.5 (754.5)                   ; 165.8 (86.7)                                      ; 21.0 (11.6)                      ; 0.0 (0.0)            ; 1964 (765)          ; 1571 (812)                ; 0 (0)         ; 2048              ; 2     ; 0          ; 0    ; 0            ; |Lab4|Lab4_NIOSV_FreeRTOS:niosv_freertos|niosv_m_top:hart|niosv_m_core:m_core.niosv_m_full_inst                                                                                                                                                                                                                                                  ; niosv_m_core                             ; Lab4         ;
;             |niosv_csr:csr_inst|                                                                                                        ; 300.4 (296.0)        ; 308.9 (303.9)                    ; 8.8 (8.1)                                         ; 0.3 (0.2)                        ; 0.0 (0.0)            ; 466 (462)           ; 357 (345)                 ; 0 (0)         ; 0                 ; 0     ; 0          ; 0    ; 0            ; |Lab4|Lab4_NIOSV_FreeRTOS:niosv_freertos|niosv_m_top:hart|niosv_m_core:m_core.niosv_m_full_inst|niosv_csr:csr_inst                                                                                                                                                                                                                               ; niosv_csr                                ; Lab4         ;
;                |niosv_interrupt_handler:irq_inst|                                                                                       ; 4.4 (4.4)            ; 5.0 (5.0)                        ; 0.7 (0.7)                                         ; 0.1 (0.1)                        ; 0.0 (0.0)            ; 4 (4)               ; 12 (12)                   ; 0 (0)         ; 0                 ; 0     ; 0          ; 0    ; 0            ; |Lab4|Lab4_NIOSV_FreeRTOS:niosv_freertos|niosv_m_top:hart|niosv_m_core:m_core.niosv_m_full_inst|niosv_csr:csr_inst|niosv_interrupt_handler:irq_inst                                                                                                                                                                                              ; niosv_interrupt_handler                  ; Lab4         ;
;             |niosv_m_alu:alu_inst|                                                                                                      ; 99.2 (99.2)          ; 98.7 (98.7)                      ; 0.8 (0.8)                                         ; 1.4 (1.4)                        ; 0.0 (0.0)            ; 166 (166)           ; 0 (0)                     ; 0 (0)         ; 0                 ; 0     ; 0          ; 0    ; 0            ; |Lab4|Lab4_NIOSV_FreeRTOS:niosv_freertos|niosv_m_top:hart|niosv_m_core:m_core.niosv_m_full_inst|niosv_m_alu:alu_inst                                                                                                                                                                                                                             ; niosv_m_alu                              ; Lab4         ;
;             |niosv_m_decoder:instr_decoder_inst|                                                                                        ; 62.4 (62.4)          ; 66.1 (66.1)                      ; 5.1 (5.1)                                         ; 1.4 (1.4)                        ; 0.0 (0.0)            ; 127 (127)           ; 0 (0)                     ; 0 (0)         ; 0                 ; 0     ; 0          ; 0    ; 0            ; |Lab4|Lab4_NIOSV_FreeRTOS:niosv_freertos|niosv_m_top:hart|niosv_m_core:m_core.niosv_m_full_inst|niosv_m_decoder:instr_decoder_inst                                                                                                                                                                                                               ; niosv_m_decoder                          ; Lab4         ;
;             |niosv_m_instr_prefetch:prefetch_inst|                                                                                      ; 124.4 (78.9)         ; 162.7 (84.8)                     ; 43.0 (10.2)                                       ; 4.7 (4.2)                        ; 0.0 (0.0)            ; 166 (122)           ; 258 (124)                 ; 0 (0)         ; 0                 ; 0     ; 0          ; 0    ; 0            ; |Lab4|Lab4_NIOSV_FreeRTOS:niosv_freertos|niosv_m_top:hart|niosv_m_core:m_core.niosv_m_full_inst|niosv_m_instr_prefetch:prefetch_inst                                                                                                                                                                                                             ; niosv_m_instr_prefetch                   ; Lab4         ;
;                |niosv_instr_buffer:buffer_inst|                                                                                         ; 45.5 (45.5)          ; 77.8 (77.8)                      ; 32.8 (32.8)                                       ; 0.5 (0.5)                        ; 0.0 (0.0)            ; 44 (44)             ; 134 (134)                 ; 0 (0)         ; 0                 ; 0     ; 0          ; 0    ; 0            ; |Lab4|Lab4_NIOSV_FreeRTOS:niosv_freertos|niosv_m_top:hart|niosv_m_core:m_core.niosv_m_full_inst|niosv_m_instr_prefetch:prefetch_inst|niosv_instr_buffer:buffer_inst                                                                                                                                                                              ; niosv_instr_buffer                       ; Lab4         ;
;             |niosv_m_lsu:lsu_inst|                                                                                                      ; 88.1 (82.4)          ; 94.0 (88.3)                      ; 6.5 (6.5)                                         ; 0.6 (0.6)                        ; 0.0 (0.0)            ; 142 (131)           ; 48 (44)                   ; 0 (0)         ; 0                 ; 0     ; 0          ; 0    ; 0            ; |Lab4|Lab4_NIOSV_FreeRTOS:niosv_freertos|niosv_m_top:hart|niosv_m_core:m_core.niosv_m_full_inst|niosv_m_lsu:lsu_inst                                                                                                                                                                                                                             ; niosv_m_lsu                              ; Lab4         ;
;                |niosv_mem_op_state:read_cmd|                                                                                            ; 3.2 (3.2)            ; 3.2 (3.2)                        ; 0.0 (0.0)                                         ; 0.0 (0.0)                        ; 0.0 (0.0)            ; 6 (6)               ; 2 (2)                     ; 0 (0)         ; 0                 ; 0     ; 0          ; 0    ; 0            ; |Lab4|Lab4_NIOSV_FreeRTOS:niosv_freertos|niosv_m_top:hart|niosv_m_core:m_core.niosv_m_full_inst|niosv_m_lsu:lsu_inst|niosv_mem_op_state:read_cmd                                                                                                                                                                                                 ; niosv_mem_op_state                       ; Lab4         ;
;                |niosv_mem_op_state:wr_addr|                                                                                             ; 2.5 (2.5)            ; 2.5 (2.5)                        ; 0.0 (0.0)                                         ; 0.0 (0.0)                        ; 0.0 (0.0)            ; 5 (5)               ; 2 (2)                     ; 0 (0)         ; 0                 ; 0     ; 0          ; 0    ; 0            ; |Lab4|Lab4_NIOSV_FreeRTOS:niosv_freertos|niosv_m_top:hart|niosv_m_core:m_core.niosv_m_full_inst|niosv_m_lsu:lsu_inst|niosv_mem_op_state:wr_addr                                                                                                                                                                                                  ; niosv_mem_op_state                       ; Lab4         ;
;             |niosv_m_shift_module:shift_inst|                                                                                           ; 102.8 (102.8)        ; 116.8 (116.8)                    ; 14.9 (14.9)                                       ; 0.9 (0.9)                        ; 0.0 (0.0)            ; 132 (132)           ; 96 (96)                   ; 0 (0)         ; 0                 ; 0     ; 0          ; 0    ; 0            ; |Lab4|Lab4_NIOSV_FreeRTOS:niosv_freertos|niosv_m_top:hart|niosv_m_core:m_core.niosv_m_full_inst|niosv_m_shift_module:shift_inst                                                                                                                                                                                                                  ; niosv_m_shift_module                     ; Lab4         ;
;             |niosv_reg_file:reg_file_inst|                                                                                              ; 0.0 (0.0)            ; 0.0 (0.0)                        ; 0.0 (0.0)                                         ; 0.0 (0.0)                        ; 0.0 (0.0)            ; 0 (0)               ; 0 (0)                     ; 0 (0)         ; 2048              ; 2     ; 0          ; 0    ; 0            ; |Lab4|Lab4_NIOSV_FreeRTOS:niosv_freertos|niosv_m_top:hart|niosv_m_core:m_core.niosv_m_full_inst|niosv_reg_file:reg_file_inst                                                                                                                                                                                                                     ; niosv_reg_file                           ; Lab4         ;
;                |niosv_ram:non_ecc_regfile.reg_file_a|                                                                                   ; 0.0 (0.0)            ; 0.0 (0.0)                        ; 0.0 (0.0)                                         ; 0.0 (0.0)                        ; 0.0 (0.0)            ; 0 (0)               ; 0 (0)                     ; 0 (0)         ; 1024              ; 1     ; 0          ; 0    ; 0            ; |Lab4|Lab4_NIOSV_FreeRTOS:niosv_freertos|niosv_m_top:hart|niosv_m_core:m_core.niosv_m_full_inst|niosv_reg_file:reg_file_inst|niosv_ram:non_ecc_regfile.reg_file_a                                                                                                                                                                                ; niosv_ram                                ; Lab4         ;
;                   |altsyncram:ram_no_ecc.data_ram|                                                                                      ; 0.0 (0.0)            ; 0.0 (0.0)                        ; 0.0 (0.0)                                         ; 0.0 (0.0)                        ; 0.0 (0.0)            ; 0 (0)               ; 0 (0)                     ; 0 (0)         ; 1024              ; 1     ; 0          ; 0    ; 0            ; |Lab4|Lab4_NIOSV_FreeRTOS:niosv_freertos|niosv_m_top:hart|niosv_m_core:m_core.niosv_m_full_inst|niosv_reg_file:reg_file_inst|niosv_ram:non_ecc_regfile.reg_file_a|altsyncram:ram_no_ecc.data_ram                                                                                                                                                 ; altsyncram                               ; work         ;
;                      |altsyncram_v8v1:auto_generated|                                                                                   ; 0.0 (0.0)            ; 0.0 (0.0)                        ; 0.0 (0.0)                                         ; 0.0 (0.0)                        ; 0.0 (0.0)            ; 0 (0)               ; 0 (0)                     ; 0 (0)         ; 1024              ; 1     ; 0          ; 0    ; 0            ; |Lab4|Lab4_NIOSV_FreeRTOS:niosv_freertos|niosv_m_top:hart|niosv_m_core:m_core.niosv_m_full_inst|niosv_reg_file:reg_file_inst|niosv_ram:non_ecc_regfile.reg_file_a|altsyncram:ram_no_ecc.data_ram|altsyncram_v8v1:auto_generated                                                                                                                  ; altsyncram_v8v1                          ; work         ;
;                |niosv_ram:non_ecc_regfile.reg_file_b|                                                                                   ; 0.0 (0.0)            ; 0.0 (0.0)                        ; 0.0 (0.0)                                         ; 0.0 (0.0)                        ; 0.0 (0.0)            ; 0 (0)               ; 0 (0)                     ; 0 (0)         ; 1024              ; 1     ; 0          ; 0    ; 0            ; |Lab4|Lab4_NIOSV_FreeRTOS:niosv_freertos|niosv_m_top:hart|niosv_m_core:m_core.niosv_m_full_inst|niosv_reg_file:reg_file_inst|niosv_ram:non_ecc_regfile.reg_file_b                                                                                                                                                                                ; niosv_ram                                ; Lab4         ;
;                   |altsyncram:ram_no_ecc.data_ram|                                                                                      ; 0.0 (0.0)            ; 0.0 (0.0)                        ; 0.0 (0.0)                                         ; 0.0 (0.0)                        ; 0.0 (0.0)            ; 0 (0)               ; 0 (0)                     ; 0 (0)         ; 1024              ; 1     ; 0          ; 0    ; 0            ; |Lab4|Lab4_NIOSV_FreeRTOS:niosv_freertos|niosv_m_top:hart|niosv_m_core:m_core.niosv_m_full_inst|niosv_reg_file:reg_file_inst|niosv_ram:non_ecc_regfile.reg_file_b|altsyncram:ram_no_ecc.data_ram                                                                                                                                                 ; altsyncram                               ; work         ;
;                      |altsyncram_v8v1:auto_generated|                                                                                   ; 0.0 (0.0)            ; 0.0 (0.0)                        ; 0.0 (0.0)                                         ; 0.0 (0.0)                        ; 0.0 (0.0)            ; 0 (0)               ; 0 (0)                     ; 0 (0)         ; 1024              ; 1     ; 0          ; 0    ; 0            ; |Lab4|Lab4_NIOSV_FreeRTOS:niosv_freertos|niosv_m_top:hart|niosv_m_core:m_core.niosv_m_full_inst|niosv_reg_file:reg_file_inst|niosv_ram:non_ecc_regfile.reg_file_b|altsyncram:ram_no_ecc.data_ram|altsyncram_v8v1:auto_generated                                                                                                                  ; altsyncram_v8v1                          ; work         ;
;       |niosv_timer_msip:timer_module|                                                                                                   ; 147.8 (147.8)        ; 154.7 (154.7)                    ; 6.9 (6.9)                                         ; 0.0 (0.0)                        ; 0.0 (0.0)            ; 227 (227)           ; 197 (197)                 ; 0 (0)         ; 0                 ; 0     ; 0          ; 0    ; 0            ; |Lab4|Lab4_NIOSV_FreeRTOS:niosv_freertos|niosv_timer_msip:timer_module                                                                                                                                                                                                                                                                           ; niosv_timer_msip                         ; Lab4         ;
;    |Lab4_SDRAM:sdram|                                                                                                                   ; 136.5 (99.8)         ; 147.4 (102.0)                    ; 10.9 (2.2)                                        ; 0.0 (0.0)                        ; 0.0 (0.0)            ; 222 (169)           ; 218 (126)                 ; 0 (0)         ; 0                 ; 0     ; 0          ; 0    ; 0            ; |Lab4|Lab4_SDRAM:sdram                                                                                                                                                                                                                                                                                                                           ; Lab4_SDRAM                               ; Lab4         ;
;       |Lab4_SDRAM_input_efifo_module:the_Lab4_SDRAM_input_efifo_module|                                                                 ; 36.7 (36.7)          ; 45.5 (45.5)                      ; 8.7 (8.7)                                         ; 0.0 (0.0)                        ; 0.0 (0.0)            ; 53 (53)             ; 92 (92)                   ; 0 (0)         ; 0                 ; 0     ; 0          ; 0    ; 0            ; |Lab4|Lab4_SDRAM:sdram|Lab4_SDRAM_input_efifo_module:the_Lab4_SDRAM_input_efifo_module                                                                                                                                                                                                                                                           ; Lab4_SDRAM_input_efifo_module            ; Lab4         ;
;    |Lab4_mm_interconnect_0:mm_interconnect_0|                                                                                           ; 429.3 (0.0)          ; 471.7 (0.0)                      ; 43.5 (0.0)                                        ; 1.1 (0.0)                        ; 0.0 (0.0)            ; 725 (0)             ; 548 (0)                   ; 0 (0)         ; 128               ; 1     ; 0          ; 0    ; 0            ; |Lab4|Lab4_mm_interconnect_0:mm_interconnect_0                                                                                                                                                                                                                                                                                                   ; Lab4_mm_interconnect_0                   ; Lab4         ;
;       |Lab4_mm_interconnect_0_cmd_demux:cmd_demux|                                                                                      ; 3.7 (3.7)            ; 4.0 (4.0)                        ; 0.3 (0.3)                                         ; 0.0 (0.0)                        ; 0.0 (0.0)            ; 7 (7)               ; 0 (0)                     ; 0 (0)         ; 0                 ; 0     ; 0          ; 0    ; 0            ; |Lab4|Lab4_mm_interconnect_0:mm_interconnect_0|Lab4_mm_interconnect_0_cmd_demux:cmd_demux                                                                                                                                                                                                                                                        ; Lab4_mm_interconnect_0_cmd_demux         ; Lab4         ;
;       |Lab4_mm_interconnect_0_cmd_demux:cmd_demux_001|                                                                                  ; 3.2 (3.2)            ; 3.2 (3.2)                        ; 0.0 (0.0)                                         ; 0.0 (0.0)                        ; 0.0 (0.0)            ; 6 (6)               ; 0 (0)                     ; 0 (0)         ; 0                 ; 0     ; 0          ; 0    ; 0            ; |Lab4|Lab4_mm_interconnect_0:mm_interconnect_0|Lab4_mm_interconnect_0_cmd_demux:cmd_demux_001                                                                                                                                                                                                                                                    ; Lab4_mm_interconnect_0_cmd_demux         ; Lab4         ;
;       |Lab4_mm_interconnect_0_cmd_demux_002:cmd_demux_003|                                                                              ; 2.7 (2.7)            ; 2.7 (2.7)                        ; 0.0 (0.0)                                         ; 0.0 (0.0)                        ; 0.0 (0.0)            ; 5 (5)               ; 0 (0)                     ; 0 (0)         ; 0                 ; 0     ; 0          ; 0    ; 0            ; |Lab4|Lab4_mm_interconnect_0:mm_interconnect_0|Lab4_mm_interconnect_0_cmd_demux_002:cmd_demux_003                                                                                                                                                                                                                                                ; Lab4_mm_interconnect_0_cmd_demux_002     ; Lab4         ;
;       |Lab4_mm_interconnect_0_cmd_mux:cmd_mux|                                                                                          ; 8.5 (5.7)            ; 9.0 (6.3)                        ; 0.5 (0.7)                                         ; 0.0 (0.0)                        ; 0.0 (0.0)            ; 16 (12)             ; 5 (3)                     ; 0 (0)         ; 0                 ; 0     ; 0          ; 0    ; 0            ; |Lab4|Lab4_mm_interconnect_0:mm_interconnect_0|Lab4_mm_interconnect_0_cmd_mux:cmd_mux                                                                                                                                                                                                                                                            ; Lab4_mm_interconnect_0_cmd_mux           ; Lab4         ;
;          |altera_merlin_arbitrator:arb|                                                                                                 ; 2.7 (2.7)            ; 2.7 (2.7)                        ; 0.0 (0.0)                                         ; 0.0 (0.0)                        ; 0.0 (0.0)            ; 4 (4)               ; 2 (2)                     ; 0 (0)         ; 0                 ; 0     ; 0          ; 0    ; 0            ; |Lab4|Lab4_mm_interconnect_0:mm_interconnect_0|Lab4_mm_interconnect_0_cmd_mux:cmd_mux|altera_merlin_arbitrator:arb                                                                                                                                                                                                                               ; altera_merlin_arbitrator                 ; Lab4         ;
;       |Lab4_mm_interconnect_0_cmd_mux:cmd_mux_003|                                                                                      ; 3.3 (3.0)            ; 3.5 (3.0)                        ; 0.2 (0.0)                                         ; 0.0 (0.0)                        ; 0.0 (0.0)            ; 5 (5)               ; 4 (2)                     ; 0 (0)         ; 0                 ; 0     ; 0          ; 0    ; 0            ; |Lab4|Lab4_mm_interconnect_0:mm_interconnect_0|Lab4_mm_interconnect_0_cmd_mux:cmd_mux_003                                                                                                                                                                                                                                                        ; Lab4_mm_interconnect_0_cmd_mux           ; Lab4         ;
;          |altera_merlin_arbitrator:arb|                                                                                                 ; 0.3 (0.3)            ; 0.5 (0.5)                        ; 0.2 (0.2)                                         ; 0.0 (0.0)                        ; 0.0 (0.0)            ; 0 (0)               ; 2 (2)                     ; 0 (0)         ; 0                 ; 0     ; 0          ; 0    ; 0            ; |Lab4|Lab4_mm_interconnect_0:mm_interconnect_0|Lab4_mm_interconnect_0_cmd_mux:cmd_mux_003|altera_merlin_arbitrator:arb                                                                                                                                                                                                                           ; altera_merlin_arbitrator                 ; Lab4         ;
;       |Lab4_mm_interconnect_0_cmd_mux:cmd_mux_004|                                                                                      ; 6.7 (4.2)            ; 6.8 (4.5)                        ; 0.2 (0.3)                                         ; 0.0 (0.0)                        ; 0.0 (0.0)            ; 11 (6)              ; 5 (3)                     ; 0 (0)         ; 0                 ; 0     ; 0          ; 0    ; 0            ; |Lab4|Lab4_mm_interconnect_0:mm_interconnect_0|Lab4_mm_interconnect_0_cmd_mux:cmd_mux_004                                                                                                                                                                                                                                                        ; Lab4_mm_interconnect_0_cmd_mux           ; Lab4         ;
;          |altera_merlin_arbitrator:arb|                                                                                                 ; 2.3 (2.3)            ; 2.3 (2.3)                        ; 0.0 (0.0)                                         ; 0.0 (0.0)                        ; 0.0 (0.0)            ; 5 (5)               ; 2 (2)                     ; 0 (0)         ; 0                 ; 0     ; 0          ; 0    ; 0            ; |Lab4|Lab4_mm_interconnect_0:mm_interconnect_0|Lab4_mm_interconnect_0_cmd_mux:cmd_mux_004|altera_merlin_arbitrator:arb                                                                                                                                                                                                                           ; altera_merlin_arbitrator                 ; Lab4         ;
;       |Lab4_mm_interconnect_0_cmd_mux:cmd_mux_005|                                                                                      ; 9.0 (6.3)            ; 9.8 (7.0)                        ; 0.8 (0.7)                                         ; 0.0 (0.0)                        ; 0.0 (0.0)            ; 15 (10)             ; 5 (3)                     ; 0 (0)         ; 0                 ; 0     ; 0          ; 0    ; 0            ; |Lab4|Lab4_mm_interconnect_0:mm_interconnect_0|Lab4_mm_interconnect_0_cmd_mux:cmd_mux_005                                                                                                                                                                                                                                                        ; Lab4_mm_interconnect_0_cmd_mux           ; Lab4         ;
;          |altera_merlin_arbitrator:arb|                                                                                                 ; 2.7 (2.7)            ; 2.8 (2.8)                        ; 0.2 (0.2)                                         ; 0.0 (0.0)                        ; 0.0 (0.0)            ; 5 (5)               ; 2 (2)                     ; 0 (0)         ; 0                 ; 0     ; 0          ; 0    ; 0            ; |Lab4|Lab4_mm_interconnect_0:mm_interconnect_0|Lab4_mm_interconnect_0_cmd_mux:cmd_mux_005|altera_merlin_arbitrator:arb                                                                                                                                                                                                                           ; altera_merlin_arbitrator                 ; Lab4         ;
;       |Lab4_mm_interconnect_0_cmd_mux_001:cmd_mux_001|                                                                                  ; 14.8 (9.8)           ; 16.3 (11.3)                      ; 1.5 (1.5)                                         ; 0.0 (0.0)                        ; 0.0 (0.0)            ; 27 (20)             ; 8 (4)                     ; 0 (0)         ; 0                 ; 0     ; 0          ; 0    ; 0            ; |Lab4|Lab4_mm_interconnect_0:mm_interconnect_0|Lab4_mm_interconnect_0_cmd_mux_001:cmd_mux_001                                                                                                                                                                                                                                                    ; Lab4_mm_interconnect_0_cmd_mux_001       ; Lab4         ;
;          |altera_merlin_arbitrator:arb|                                                                                                 ; 5.0 (4.3)            ; 5.0 (4.3)                        ; 0.0 (0.0)                                         ; 0.0 (0.0)                        ; 0.0 (0.0)            ; 7 (6)               ; 4 (4)                     ; 0 (0)         ; 0                 ; 0     ; 0          ; 0    ; 0            ; |Lab4|Lab4_mm_interconnect_0:mm_interconnect_0|Lab4_mm_interconnect_0_cmd_mux_001:cmd_mux_001|altera_merlin_arbitrator:arb                                                                                                                                                                                                                       ; altera_merlin_arbitrator                 ; Lab4         ;
;             |altera_merlin_arb_adder:adder|                                                                                             ; 0.7 (0.7)            ; 0.7 (0.7)                        ; 0.0 (0.0)                                         ; 0.0 (0.0)                        ; 0.0 (0.0)            ; 1 (1)               ; 0 (0)                     ; 0 (0)         ; 0                 ; 0     ; 0          ; 0    ; 0            ; |Lab4|Lab4_mm_interconnect_0:mm_interconnect_0|Lab4_mm_interconnect_0_cmd_mux_001:cmd_mux_001|altera_merlin_arbitrator:arb|altera_merlin_arb_adder:adder                                                                                                                                                                                         ; altera_merlin_arb_adder                  ; Lab4         ;
;       |Lab4_mm_interconnect_0_cmd_mux_001:cmd_mux_002|                                                                                  ; 27.1 (22.3)          ; 27.3 (22.3)                      ; 0.2 (0.0)                                         ; 0.0 (0.0)                        ; 0.0 (0.0)            ; 57 (50)             ; 7 (4)                     ; 0 (0)         ; 0                 ; 0     ; 0          ; 0    ; 0            ; |Lab4|Lab4_mm_interconnect_0:mm_interconnect_0|Lab4_mm_interconnect_0_cmd_mux_001:cmd_mux_002                                                                                                                                                                                                                                                    ; Lab4_mm_interconnect_0_cmd_mux_001       ; Lab4         ;
;          |altera_merlin_arbitrator:arb|                                                                                                 ; 4.7 (4.0)            ; 5.0 (4.3)                        ; 0.3 (0.3)                                         ; 0.0 (0.0)                        ; 0.0 (0.0)            ; 7 (6)               ; 3 (3)                     ; 0 (0)         ; 0                 ; 0     ; 0          ; 0    ; 0            ; |Lab4|Lab4_mm_interconnect_0:mm_interconnect_0|Lab4_mm_interconnect_0_cmd_mux_001:cmd_mux_002|altera_merlin_arbitrator:arb                                                                                                                                                                                                                       ; altera_merlin_arbitrator                 ; Lab4         ;
;             |altera_merlin_arb_adder:adder|                                                                                             ; 0.7 (0.7)            ; 0.7 (0.7)                        ; 0.0 (0.0)                                         ; 0.0 (0.0)                        ; 0.0 (0.0)            ; 1 (1)               ; 0 (0)                     ; 0 (0)         ; 0                 ; 0     ; 0          ; 0    ; 0            ; |Lab4|Lab4_mm_interconnect_0:mm_interconnect_0|Lab4_mm_interconnect_0_cmd_mux_001:cmd_mux_002|altera_merlin_arbitrator:arb|altera_merlin_arb_adder:adder                                                                                                                                                                                         ; altera_merlin_arb_adder                  ; Lab4         ;
;       |Lab4_mm_interconnect_0_router:router|                                                                                            ; 4.8 (4.8)            ; 5.5 (5.5)                        ; 0.7 (0.7)                                         ; 0.0 (0.0)                        ; 0.0 (0.0)            ; 8 (8)               ; 0 (0)                     ; 0 (0)         ; 0                 ; 0     ; 0          ; 0    ; 0            ; |Lab4|Lab4_mm_interconnect_0:mm_interconnect_0|Lab4_mm_interconnect_0_router:router                                                                                                                                                                                                                                                              ; Lab4_mm_interconnect_0_router            ; Lab4         ;
;       |Lab4_mm_interconnect_0_router:router_001|                                                                                        ; 4.8 (4.8)            ; 5.5 (5.5)                        ; 0.7 (0.7)                                         ; 0.0 (0.0)                        ; 0.0 (0.0)            ; 8 (8)               ; 0 (0)                     ; 0 (0)         ; 0                 ; 0     ; 0          ; 0    ; 0            ; |Lab4|Lab4_mm_interconnect_0:mm_interconnect_0|Lab4_mm_interconnect_0_router:router_001                                                                                                                                                                                                                                                          ; Lab4_mm_interconnect_0_router            ; Lab4         ;
;       |Lab4_mm_interconnect_0_router_002:router_003|                                                                                    ; 3.2 (3.2)            ; 3.9 (3.9)                        ; 0.7 (0.7)                                         ; 0.0 (0.0)                        ; 0.0 (0.0)            ; 6 (6)               ; 0 (0)                     ; 0 (0)         ; 0                 ; 0     ; 0          ; 0    ; 0            ; |Lab4|Lab4_mm_interconnect_0:mm_interconnect_0|Lab4_mm_interconnect_0_router_002:router_003                                                                                                                                                                                                                                                      ; Lab4_mm_interconnect_0_router_002        ; Lab4         ;
;       |Lab4_mm_interconnect_0_rsp_demux:rsp_demux|                                                                                      ; 1.2 (1.2)            ; 1.2 (1.2)                        ; 0.0 (0.0)                                         ; 0.0 (0.0)                        ; 0.0 (0.0)            ; 2 (2)               ; 0 (0)                     ; 0 (0)         ; 0                 ; 0     ; 0          ; 0    ; 0            ; |Lab4|Lab4_mm_interconnect_0:mm_interconnect_0|Lab4_mm_interconnect_0_rsp_demux:rsp_demux                                                                                                                                                                                                                                                        ; Lab4_mm_interconnect_0_rsp_demux         ; Lab4         ;
;       |Lab4_mm_interconnect_0_rsp_demux:rsp_demux_004|                                                                                  ; 0.7 (0.7)            ; 0.8 (0.8)                        ; 0.2 (0.2)                                         ; 0.0 (0.0)                        ; 0.0 (0.0)            ; 2 (2)               ; 0 (0)                     ; 0 (0)         ; 0                 ; 0     ; 0          ; 0    ; 0            ; |Lab4|Lab4_mm_interconnect_0:mm_interconnect_0|Lab4_mm_interconnect_0_rsp_demux:rsp_demux_004                                                                                                                                                                                                                                                    ; Lab4_mm_interconnect_0_rsp_demux         ; Lab4         ;
;       |Lab4_mm_interconnect_0_rsp_demux:rsp_demux_005|                                                                                  ; 2.0 (2.0)            ; 2.0 (2.0)                        ; 0.0 (0.0)                                         ; 0.0 (0.0)                        ; 0.0 (0.0)            ; 2 (2)               ; 0 (0)                     ; 0 (0)         ; 0                 ; 0     ; 0          ; 0    ; 0            ; |Lab4|Lab4_mm_interconnect_0:mm_interconnect_0|Lab4_mm_interconnect_0_rsp_demux:rsp_demux_005                                                                                                                                                                                                                                                    ; Lab4_mm_interconnect_0_rsp_demux         ; Lab4         ;
;       |Lab4_mm_interconnect_0_rsp_demux_001:rsp_demux_001|                                                                              ; 1.2 (1.2)            ; 1.2 (1.2)                        ; 0.0 (0.0)                                         ; 0.0 (0.0)                        ; 0.0 (0.0)            ; 3 (3)               ; 0 (0)                     ; 0 (0)         ; 0                 ; 0     ; 0          ; 0    ; 0            ; |Lab4|Lab4_mm_interconnect_0:mm_interconnect_0|Lab4_mm_interconnect_0_rsp_demux_001:rsp_demux_001                                                                                                                                                                                                                                                ; Lab4_mm_interconnect_0_rsp_demux_001     ; Lab4         ;
;       |Lab4_mm_interconnect_0_rsp_demux_001:rsp_demux_002|                                                                              ; 2.5 (2.5)            ; 2.5 (2.5)                        ; 0.0 (0.0)                                         ; 0.0 (0.0)                        ; 0.0 (0.0)            ; 5 (5)               ; 0 (0)                     ; 0 (0)         ; 0                 ; 0     ; 0          ; 0    ; 0            ; |Lab4|Lab4_mm_interconnect_0:mm_interconnect_0|Lab4_mm_interconnect_0_rsp_demux_001:rsp_demux_002                                                                                                                                                                                                                                                ; Lab4_mm_interconnect_0_rsp_demux_001     ; Lab4         ;
;       |Lab4_mm_interconnect_0_rsp_mux:rsp_mux|                                                                                          ; 2.5 (2.5)            ; 2.5 (2.5)                        ; 0.0 (0.0)                                         ; 0.0 (0.0)                        ; 0.0 (0.0)            ; 4 (4)               ; 0 (0)                     ; 0 (0)         ; 0                 ; 0     ; 0          ; 0    ; 0            ; |Lab4|Lab4_mm_interconnect_0:mm_interconnect_0|Lab4_mm_interconnect_0_rsp_mux:rsp_mux                                                                                                                                                                                                                                                            ; Lab4_mm_interconnect_0_rsp_mux           ; Lab4         ;
;       |Lab4_mm_interconnect_0_rsp_mux:rsp_mux_001|                                                                                      ; 64.2 (64.2)          ; 66.8 (66.8)                      ; 3.2 (3.2)                                         ; 0.5 (0.5)                        ; 0.0 (0.0)            ; 136 (136)           ; 0 (0)                     ; 0 (0)         ; 0                 ; 0     ; 0          ; 0    ; 0            ; |Lab4|Lab4_mm_interconnect_0:mm_interconnect_0|Lab4_mm_interconnect_0_rsp_mux:rsp_mux_001                                                                                                                                                                                                                                                        ; Lab4_mm_interconnect_0_rsp_mux           ; Lab4         ;
;       |Lab4_mm_interconnect_0_rsp_mux_002:rsp_mux_003|                                                                                  ; 14.2 (14.2)          ; 18.4 (18.4)                      ; 4.4 (4.4)                                         ; 0.2 (0.2)                        ; 0.0 (0.0)            ; 50 (50)             ; 0 (0)                     ; 0 (0)         ; 0                 ; 0     ; 0          ; 0    ; 0            ; |Lab4|Lab4_mm_interconnect_0:mm_interconnect_0|Lab4_mm_interconnect_0_rsp_mux_002:rsp_mux_003                                                                                                                                                                                                                                                    ; Lab4_mm_interconnect_0_rsp_mux_002       ; Lab4         ;
;       |altera_avalon_sc_fifo:buttons_s1_agent_rsp_fifo|                                                                                 ; 1.0 (1.0)            ; 1.0 (1.0)                        ; 0.0 (0.0)                                         ; 0.0 (0.0)                        ; 0.0 (0.0)            ; 2 (2)               ; 2 (2)                     ; 0 (0)         ; 0                 ; 0     ; 0          ; 0    ; 0            ; |Lab4|Lab4_mm_interconnect_0:mm_interconnect_0|altera_avalon_sc_fifo:buttons_s1_agent_rsp_fifo                                                                                                                                                                                                                                                   ; altera_avalon_sc_fifo                    ; Lab4         ;
;       |altera_avalon_sc_fifo:debug_avalon_jtag_slave_agent_rdata_fifo|                                                                  ; 19.4 (19.4)          ; 19.6 (19.6)                      ; 0.2 (0.2)                                         ; 0.0 (0.0)                        ; 0.0 (0.0)            ; 26 (26)             ; 46 (46)                   ; 0 (0)         ; 0                 ; 0     ; 0          ; 0    ; 0            ; |Lab4|Lab4_mm_interconnect_0:mm_interconnect_0|altera_avalon_sc_fifo:debug_avalon_jtag_slave_agent_rdata_fifo                                                                                                                                                                                                                                    ; altera_avalon_sc_fifo                    ; Lab4         ;
;       |altera_avalon_sc_fifo:debug_avalon_jtag_slave_agent_rsp_fifo|                                                                    ; 6.0 (6.0)            ; 6.0 (6.0)                        ; 0.0 (0.0)                                         ; 0.0 (0.0)                        ; 0.0 (0.0)            ; 9 (9)               ; 8 (8)                     ; 0 (0)         ; 0                 ; 0     ; 0          ; 0    ; 0            ; |Lab4|Lab4_mm_interconnect_0:mm_interconnect_0|altera_avalon_sc_fifo:debug_avalon_jtag_slave_agent_rsp_fifo                                                                                                                                                                                                                                      ; altera_avalon_sc_fifo                    ; Lab4         ;
;       |altera_avalon_sc_fifo:leds_s1_agent_rdata_fifo|                                                                                  ; 9.4 (9.4)            ; 9.7 (9.7)                        ; 0.2 (0.2)                                         ; 0.0 (0.0)                        ; 0.0 (0.0)            ; 14 (14)             ; 23 (23)                   ; 0 (0)         ; 0                 ; 0     ; 0          ; 0    ; 0            ; |Lab4|Lab4_mm_interconnect_0:mm_interconnect_0|altera_avalon_sc_fifo:leds_s1_agent_rdata_fifo                                                                                                                                                                                                                                                    ; altera_avalon_sc_fifo                    ; Lab4         ;
;       |altera_avalon_sc_fifo:leds_s1_agent_rsp_fifo|                                                                                    ; 5.5 (5.5)            ; 5.5 (5.5)                        ; 0.0 (0.0)                                         ; 0.0 (0.0)                        ; 0.0 (0.0)            ; 8 (8)               ; 9 (9)                     ; 0 (0)         ; 0                 ; 0     ; 0          ; 0    ; 0            ; |Lab4|Lab4_mm_interconnect_0:mm_interconnect_0|altera_avalon_sc_fifo:leds_s1_agent_rsp_fifo                                                                                                                                                                                                                                                      ; altera_avalon_sc_fifo                    ; Lab4         ;
;       |altera_avalon_sc_fifo:niosv_freertos_dm_agent_agent_rdata_fifo|                                                                  ; 34.5 (34.5)          ; 46.1 (46.1)                      ; 11.9 (11.9)                                       ; 0.4 (0.4)                        ; 0.0 (0.0)            ; 40 (40)             ; 101 (101)                 ; 0 (0)         ; 0                 ; 0     ; 0          ; 0    ; 0            ; |Lab4|Lab4_mm_interconnect_0:mm_interconnect_0|altera_avalon_sc_fifo:niosv_freertos_dm_agent_agent_rdata_fifo                                                                                                                                                                                                                                    ; altera_avalon_sc_fifo                    ; Lab4         ;
;       |altera_avalon_sc_fifo:niosv_freertos_dm_agent_agent_rsp_fifo|                                                                    ; 12.0 (12.0)          ; 12.6 (12.6)                      ; 0.6 (0.6)                                         ; 0.0 (0.0)                        ; 0.0 (0.0)            ; 19 (19)             ; 20 (20)                   ; 0 (0)         ; 0                 ; 0     ; 0          ; 0    ; 0            ; |Lab4|Lab4_mm_interconnect_0:mm_interconnect_0|altera_avalon_sc_fifo:niosv_freertos_dm_agent_agent_rsp_fifo                                                                                                                                                                                                                                      ; altera_avalon_sc_fifo                    ; Lab4         ;
;       |altera_avalon_sc_fifo:niosv_freertos_timer_sw_agent_agent_rdata_fifo|                                                            ; 36.4 (36.4)          ; 47.6 (47.6)                      ; 11.2 (11.2)                                       ; 0.0 (0.0)                        ; 0.0 (0.0)            ; 39 (39)             ; 99 (99)                   ; 0 (0)         ; 0                 ; 0     ; 0          ; 0    ; 0            ; |Lab4|Lab4_mm_interconnect_0:mm_interconnect_0|altera_avalon_sc_fifo:niosv_freertos_timer_sw_agent_agent_rdata_fifo                                                                                                                                                                                                                              ; altera_avalon_sc_fifo                    ; Lab4         ;
;       |altera_avalon_sc_fifo:niosv_freertos_timer_sw_agent_agent_rsp_fifo|                                                              ; 7.3 (7.3)            ; 8.3 (8.3)                        ; 1.0 (1.0)                                         ; 0.0 (0.0)                        ; 0.0 (0.0)            ; 12 (12)             ; 12 (12)                   ; 0 (0)         ; 0                 ; 0     ; 0          ; 0    ; 0            ; |Lab4|Lab4_mm_interconnect_0:mm_interconnect_0|altera_avalon_sc_fifo:niosv_freertos_timer_sw_agent_agent_rsp_fifo                                                                                                                                                                                                                                ; altera_avalon_sc_fifo                    ; Lab4         ;
;       |altera_avalon_sc_fifo:sdram_s1_agent_rdata_fifo|                                                                                 ; 8.4 (8.4)            ; 8.4 (8.4)                        ; 0.0 (0.0)                                         ; 0.0 (0.0)                        ; 0.0 (0.0)            ; 15 (15)             ; 11 (11)                   ; 0 (0)         ; 128               ; 1     ; 0          ; 0    ; 0            ; |Lab4|Lab4_mm_interconnect_0:mm_interconnect_0|altera_avalon_sc_fifo:sdram_s1_agent_rdata_fifo                                                                                                                                                                                                                                                   ; altera_avalon_sc_fifo                    ; Lab4         ;
;          |altsyncram:mem_rtl_0|                                                                                                         ; 0.0 (0.0)            ; 0.0 (0.0)                        ; 0.0 (0.0)                                         ; 0.0 (0.0)                        ; 0.0 (0.0)            ; 0 (0)               ; 0 (0)                     ; 0 (0)         ; 128               ; 1     ; 0          ; 0    ; 0            ; |Lab4|Lab4_mm_interconnect_0:mm_interconnect_0|altera_avalon_sc_fifo:sdram_s1_agent_rdata_fifo|altsyncram:mem_rtl_0                                                                                                                                                                                                                              ; altsyncram                               ; work         ;
;             |altsyncram_40n1:auto_generated|                                                                                            ; 0.0 (0.0)            ; 0.0 (0.0)                        ; 0.0 (0.0)                                         ; 0.0 (0.0)                        ; 0.0 (0.0)            ; 0 (0)               ; 0 (0)                     ; 0 (0)         ; 128               ; 1     ; 0          ; 0    ; 0            ; |Lab4|Lab4_mm_interconnect_0:mm_interconnect_0|altera_avalon_sc_fifo:sdram_s1_agent_rdata_fifo|altsyncram:mem_rtl_0|altsyncram_40n1:auto_generated                                                                                                                                                                                               ; altsyncram_40n1                          ; work         ;
;       |altera_avalon_sc_fifo:sdram_s1_agent_rsp_fifo|                                                                                   ; 36.2 (36.2)          ; 40.1 (40.1)                      ; 3.8 (3.8)                                         ; 0.0 (0.0)                        ; 0.0 (0.0)            ; 26 (26)             ; 74 (74)                   ; 0 (0)         ; 0                 ; 0     ; 0          ; 0    ; 0            ; |Lab4|Lab4_mm_interconnect_0:mm_interconnect_0|altera_avalon_sc_fifo:sdram_s1_agent_rsp_fifo                                                                                                                                                                                                                                                     ; altera_avalon_sc_fifo                    ; Lab4         ;
;       |altera_merlin_axi_master_ni:niosv_freertos_data_manager_agent|                                                                   ; 0.3 (0.3)            ; 0.5 (0.5)                        ; 0.2 (0.2)                                         ; 0.0 (0.0)                        ; 0.0 (0.0)            ; 1 (1)               ; 0 (0)                     ; 0 (0)         ; 0                 ; 0     ; 0          ; 0    ; 0            ; |Lab4|Lab4_mm_interconnect_0:mm_interconnect_0|altera_merlin_axi_master_ni:niosv_freertos_data_manager_agent                                                                                                                                                                                                                                     ; altera_merlin_axi_master_ni              ; Lab4         ;
;       |altera_merlin_slave_agent:leds_s1_agent|                                                                                         ; 1.2 (1.2)            ; 1.7 (1.7)                        ; 0.5 (0.5)                                         ; 0.0 (0.0)                        ; 0.0 (0.0)            ; 3 (3)               ; 0 (0)                     ; 0 (0)         ; 0                 ; 0     ; 0          ; 0    ; 0            ; |Lab4|Lab4_mm_interconnect_0:mm_interconnect_0|altera_merlin_slave_agent:leds_s1_agent                                                                                                                                                                                                                                                           ; altera_merlin_slave_agent                ; Lab4         ;
;       |altera_merlin_slave_agent:niosv_freertos_dm_agent_agent|                                                                         ; 1.3 (1.3)            ; 2.0 (2.0)                        ; 0.7 (0.7)                                         ; 0.0 (0.0)                        ; 0.0 (0.0)            ; 2 (2)               ; 0 (0)                     ; 0 (0)         ; 0                 ; 0     ; 0          ; 0    ; 0            ; |Lab4|Lab4_mm_interconnect_0:mm_interconnect_0|altera_merlin_slave_agent:niosv_freertos_dm_agent_agent                                                                                                                                                                                                                                           ; altera_merlin_slave_agent                ; Lab4         ;
;       |altera_merlin_slave_agent:niosv_freertos_timer_sw_agent_agent|                                                                   ; 0.8 (0.8)            ; 0.8 (0.8)                        ; 0.0 (0.0)                                         ; 0.0 (0.0)                        ; 0.0 (0.0)            ; 2 (2)               ; 0 (0)                     ; 0 (0)         ; 0                 ; 0     ; 0          ; 0    ; 0            ; |Lab4|Lab4_mm_interconnect_0:mm_interconnect_0|altera_merlin_slave_agent:niosv_freertos_timer_sw_agent_agent                                                                                                                                                                                                                                     ; altera_merlin_slave_agent                ; Lab4         ;
;       |altera_merlin_slave_agent:sdram_s1_agent|                                                                                        ; 5.8 (3.1)            ; 6.0 (3.3)                        ; 0.2 (0.3)                                         ; 0.0 (0.0)                        ; 0.0 (0.0)            ; 11 (7)              ; 3 (0)                     ; 0 (0)         ; 0                 ; 0     ; 0          ; 0    ; 0            ; |Lab4|Lab4_mm_interconnect_0:mm_interconnect_0|altera_merlin_slave_agent:sdram_s1_agent                                                                                                                                                                                                                                                          ; altera_merlin_slave_agent                ; Lab4         ;
;          |altera_merlin_burst_uncompressor:uncompressor|                                                                                ; 2.7 (2.7)            ; 2.7 (2.7)                        ; 0.0 (0.0)                                         ; 0.0 (0.0)                        ; 0.0 (0.0)            ; 4 (4)               ; 3 (3)                     ; 0 (0)         ; 0                 ; 0     ; 0          ; 0    ; 0            ; |Lab4|Lab4_mm_interconnect_0:mm_interconnect_0|altera_merlin_slave_agent:sdram_s1_agent|altera_merlin_burst_uncompressor:uncompressor                                                                                                                                                                                                            ; altera_merlin_burst_uncompressor         ; Lab4         ;
;       |altera_merlin_slave_translator:buttons_s1_translator|                                                                            ; 3.0 (3.0)            ; 3.0 (3.0)                        ; 0.0 (0.0)                                         ; 0.0 (0.0)                        ; 0.0 (0.0)            ; 4 (4)               ; 8 (8)                     ; 0 (0)         ; 0                 ; 0     ; 0          ; 0    ; 0            ; |Lab4|Lab4_mm_interconnect_0:mm_interconnect_0|altera_merlin_slave_translator:buttons_s1_translator                                                                                                                                                                                                                                              ; altera_merlin_slave_translator           ; Lab4         ;
;       |altera_merlin_slave_translator:debug_avalon_jtag_slave_translator|                                                               ; 6.8 (6.8)            ; 7.2 (7.2)                        ; 0.3 (0.3)                                         ; 0.0 (0.0)                        ; 0.0 (0.0)            ; 2 (2)               ; 23 (23)                   ; 0 (0)         ; 0                 ; 0     ; 0          ; 0    ; 0            ; |Lab4|Lab4_mm_interconnect_0:mm_interconnect_0|altera_merlin_slave_translator:debug_avalon_jtag_slave_translator                                                                                                                                                                                                                                 ; altera_merlin_slave_translator           ; Lab4         ;
;       |altera_merlin_slave_translator:leds_s1_translator|                                                                               ; 6.3 (6.3)            ; 6.3 (6.3)                        ; 0.0 (0.0)                                         ; 0.0 (0.0)                        ; 0.0 (0.0)            ; 6 (6)               ; 13 (13)                   ; 0 (0)         ; 0                 ; 0     ; 0          ; 0    ; 0            ; |Lab4|Lab4_mm_interconnect_0:mm_interconnect_0|altera_merlin_slave_translator:leds_s1_translator                                                                                                                                                                                                                                                 ; altera_merlin_slave_translator           ; Lab4         ;
;       |altera_merlin_traffic_limiter:niosv_freertos_instruction_manager_rd_limiter|                                                     ; 6.2 (6.2)            ; 6.3 (6.3)                        ; 0.2 (0.2)                                         ; 0.0 (0.0)                        ; 0.0 (0.0)            ; 12 (12)             ; 8 (8)                     ; 0 (0)         ; 0                 ; 0     ; 0          ; 0    ; 0            ; |Lab4|Lab4_mm_interconnect_0:mm_interconnect_0|altera_merlin_traffic_limiter:niosv_freertos_instruction_manager_rd_limiter                                                                                                                                                                                                                       ; altera_merlin_traffic_limiter            ; Lab4         ;
;       |altera_merlin_width_adapter:sdram_s1_cmd_width_adapter|                                                                          ; 29.8 (29.8)          ; 29.9 (29.9)                      ; 0.2 (0.2)                                         ; 0.0 (0.0)                        ; 0.0 (0.0)            ; 77 (77)             ; 38 (38)                   ; 0 (0)         ; 0                 ; 0     ; 0          ; 0    ; 0            ; |Lab4|Lab4_mm_interconnect_0:mm_interconnect_0|altera_merlin_width_adapter:sdram_s1_cmd_width_adapter                                                                                                                                                                                                                                            ; altera_merlin_width_adapter              ; Lab4         ;
;       |altera_merlin_width_adapter:sdram_s1_rsp_width_adapter|                                                                          ; 10.2 (10.2)          ; 10.2 (10.2)                      ; 0.1 (0.1)                                         ; 0.0 (0.0)                        ; 0.0 (0.0)            ; 20 (20)             ; 16 (16)                   ; 0 (0)         ; 0                 ; 0     ; 0          ; 0    ; 0            ; |Lab4|Lab4_mm_interconnect_0:mm_interconnect_0|altera_merlin_width_adapter:sdram_s1_rsp_width_adapter                                                                                                                                                                                                                                            ; altera_merlin_width_adapter              ; Lab4         ;
;    |altera_reset_controller:rst_controller|                                                                                             ; 0.0 (0.0)            ; 1.5 (0.0)                        ; 1.5 (0.0)                                         ; 0.0 (0.0)                        ; 0.0 (0.0)            ; 1 (0)               ; 3 (0)                     ; 0 (0)         ; 0                 ; 0     ; 0          ; 0    ; 0            ; |Lab4|altera_reset_controller:rst_controller                                                                                                                                                                                                                                                                                                     ; altera_reset_controller                  ; Lab4         ;
;       |altera_reset_synchronizer:alt_rst_sync_uq1|                                                                                      ; 0.0 (0.0)            ; 1.5 (1.5)                        ; 1.5 (1.5)                                         ; 0.0 (0.0)                        ; 0.0 (0.0)            ; 1 (1)               ; 3 (3)                     ; 0 (0)         ; 0                 ; 0     ; 0          ; 0    ; 0            ; |Lab4|altera_reset_controller:rst_controller|altera_reset_synchronizer:alt_rst_sync_uq1                                                                                                                                                                                                                                                          ; altera_reset_synchronizer                ; Lab4         ;
;    |sld_hub:auto_hub|                                                                                                                   ; 76.0 (0.5)           ; 86.0 (0.5)                       ; 10.0 (0.0)                                        ; 0.0 (0.0)                        ; 0.0 (0.0)            ; 124 (1)             ; 94 (0)                    ; 0 (0)         ; 0                 ; 0     ; 0          ; 0    ; 0            ; |Lab4|sld_hub:auto_hub                                                                                                                                                                                                                                                                                                                           ; sld_hub                                  ; altera_sld   ;
;       |alt_sld_fab_with_jtag_input:\instrumentation_fabric_with_node_gen:fabric_gen_new_way:with_jtag_input_gen:instrumentation_fabric| ; 75.5 (0.0)           ; 85.5 (0.0)                       ; 10.0 (0.0)                                        ; 0.0 (0.0)                        ; 0.0 (0.0)            ; 123 (0)             ; 94 (0)                    ; 0 (0)         ; 0                 ; 0     ; 0          ; 0    ; 0            ; |Lab4|sld_hub:auto_hub|alt_sld_fab_with_jtag_input:\instrumentation_fabric_with_node_gen:fabric_gen_new_way:with_jtag_input_gen:instrumentation_fabric                                                                                                                                                                                           ; alt_sld_fab_with_jtag_input              ; altera_sld   ;
;          |alt_sld_fab:instrumentation_fabric|                                                                                           ; 75.5 (0.0)           ; 85.5 (0.0)                       ; 10.0 (0.0)                                        ; 0.0 (0.0)                        ; 0.0 (0.0)            ; 123 (0)             ; 94 (0)                    ; 0 (0)         ; 0                 ; 0     ; 0          ; 0    ; 0            ; |Lab4|sld_hub:auto_hub|alt_sld_fab_with_jtag_input:\instrumentation_fabric_with_node_gen:fabric_gen_new_way:with_jtag_input_gen:instrumentation_fabric|alt_sld_fab:instrumentation_fabric                                                                                                                                                        ; alt_sld_fab                              ; alt_sld_fab  ;
;             |alt_sld_fab_alt_sld_fab:alt_sld_fab|                                                                                       ; 75.5 (2.5)           ; 85.5 (3.0)                       ; 10.0 (0.5)                                        ; 0.0 (0.0)                        ; 0.0 (0.0)            ; 123 (1)             ; 94 (6)                    ; 0 (0)         ; 0                 ; 0     ; 0          ; 0    ; 0            ; |Lab4|sld_hub:auto_hub|alt_sld_fab_with_jtag_input:\instrumentation_fabric_with_node_gen:fabric_gen_new_way:with_jtag_input_gen:instrumentation_fabric|alt_sld_fab:instrumentation_fabric|alt_sld_fab_alt_sld_fab:alt_sld_fab                                                                                                                    ; alt_sld_fab_alt_sld_fab                  ; alt_sld_fab  ;
;                |alt_sld_fab_alt_sld_fab_sldfabric:sldfabric|                                                                            ; 73.0 (0.0)           ; 82.5 (0.0)                       ; 9.5 (0.0)                                         ; 0.0 (0.0)                        ; 0.0 (0.0)            ; 122 (0)             ; 88 (0)                    ; 0 (0)         ; 0                 ; 0     ; 0          ; 0    ; 0            ; |Lab4|sld_hub:auto_hub|alt_sld_fab_with_jtag_input:\instrumentation_fabric_with_node_gen:fabric_gen_new_way:with_jtag_input_gen:instrumentation_fabric|alt_sld_fab:instrumentation_fabric|alt_sld_fab_alt_sld_fab:alt_sld_fab|alt_sld_fab_alt_sld_fab_sldfabric:sldfabric                                                                        ; alt_sld_fab_alt_sld_fab_sldfabric        ; alt_sld_fab  ;
;                   |sld_jtag_hub:\jtag_hub_gen:real_sld_jtag_hub|                                                                        ; 73.0 (49.8)          ; 82.5 (57.4)                      ; 9.5 (7.6)                                         ; 0.0 (0.0)                        ; 0.0 (0.0)            ; 122 (85)            ; 88 (59)                   ; 0 (0)         ; 0                 ; 0     ; 0          ; 0    ; 0            ; |Lab4|sld_hub:auto_hub|alt_sld_fab_with_jtag_input:\instrumentation_fabric_with_node_gen:fabric_gen_new_way:with_jtag_input_gen:instrumentation_fabric|alt_sld_fab:instrumentation_fabric|alt_sld_fab_alt_sld_fab:alt_sld_fab|alt_sld_fab_alt_sld_fab_sldfabric:sldfabric|sld_jtag_hub:\jtag_hub_gen:real_sld_jtag_hub                           ; sld_jtag_hub                             ; work         ;
;                      |sld_rom_sr:hub_info_reg|                                                                                          ; 12.5 (12.5)          ; 12.5 (12.5)                      ; 0.0 (0.0)                                         ; 0.0 (0.0)                        ; 0.0 (0.0)            ; 18 (18)             ; 10 (10)                   ; 0 (0)         ; 0                 ; 0     ; 0          ; 0    ; 0            ; |Lab4|sld_hub:auto_hub|alt_sld_fab_with_jtag_input:\instrumentation_fabric_with_node_gen:fabric_gen_new_way:with_jtag_input_gen:instrumentation_fabric|alt_sld_fab:instrumentation_fabric|alt_sld_fab_alt_sld_fab:alt_sld_fab|alt_sld_fab_alt_sld_fab_sldfabric:sldfabric|sld_jtag_hub:\jtag_hub_gen:real_sld_jtag_hub|sld_rom_sr:hub_info_reg   ; sld_rom_sr                               ; work         ;
;                      |sld_shadow_jsm:shadow_jsm|                                                                                        ; 10.7 (10.7)          ; 12.6 (12.6)                      ; 1.9 (1.9)                                         ; 0.0 (0.0)                        ; 0.0 (0.0)            ; 19 (19)             ; 19 (19)                   ; 0 (0)         ; 0                 ; 0     ; 0          ; 0    ; 0            ; |Lab4|sld_hub:auto_hub|alt_sld_fab_with_jtag_input:\instrumentation_fabric_with_node_gen:fabric_gen_new_way:with_jtag_input_gen:instrumentation_fabric|alt_sld_fab:instrumentation_fabric|alt_sld_fab_alt_sld_fab:alt_sld_fab|alt_sld_fab_alt_sld_fab_sldfabric:sldfabric|sld_jtag_hub:\jtag_hub_gen:real_sld_jtag_hub|sld_shadow_jsm:shadow_jsm ; sld_shadow_jsm                           ; altera_sld   ;
+-----------------------------------------------------------------------------------------------------------------------------------------+----------------------+----------------------------------+---------------------------------------------------+----------------------------------+----------------------+---------------------+---------------------------+---------------+-------------------+-------+------------+------+--------------+--------------------------------------------------------------------------------------------------------------------------------------------------------------------------------------------------------------------------------------------------------------------------------------------------------------------------------------------------+------------------------------------------+--------------+
Note: For table entries with two numbers listed, the numbers in parentheses indicate the number of resources of the given type used by the specific entity alone. The numbers listed outside of parentheses indicate the total resources of the given type used by the specific entity and all of its sub-entities in the hierarchy.


+--------------------------------------------------------------------------------------------------------------------------------------+
; Delay Chain Summary                                                                                                                  ;
+---------------------+----------+------+------+------+----+------+-------+--------+------------------------+--------------------------+
; Name                ; Pin Type ; D1   ; D3_0 ; D3_1 ; D4 ; D5   ; D5 OE ; D5 OCT ; T11 (Postamble Gating) ; T11 (Postamble Ungating) ;
+---------------------+----------+------+------+------+----+------+-------+--------+------------------------+--------------------------+
; leds_export[0]      ; Output   ; --   ; --   ; --   ; -- ; (0)  ; (31)  ; --     ; --                     ; --                       ;
; leds_export[1]      ; Output   ; --   ; --   ; --   ; -- ; (0)  ; (31)  ; --     ; --                     ; --                       ;
; leds_export[2]      ; Output   ; --   ; --   ; --   ; -- ; (0)  ; (31)  ; --     ; --                     ; --                       ;
; leds_export[3]      ; Output   ; --   ; --   ; --   ; -- ; (0)  ; (31)  ; --     ; --                     ; --                       ;
; leds_export[4]      ; Output   ; --   ; --   ; --   ; -- ; (0)  ; (31)  ; --     ; --                     ; --                       ;
; leds_export[5]      ; Output   ; --   ; --   ; --   ; -- ; (0)  ; (31)  ; --     ; --                     ; --                       ;
; leds_export[6]      ; Output   ; --   ; --   ; --   ; -- ; (0)  ; (31)  ; --     ; --                     ; --                       ;
; leds_export[7]      ; Output   ; --   ; --   ; --   ; -- ; (0)  ; (31)  ; --     ; --                     ; --                       ;
; leds_export[8]      ; Output   ; --   ; --   ; --   ; -- ; (0)  ; (31)  ; --     ; --                     ; --                       ;
; leds_export[9]      ; Output   ; --   ; --   ; --   ; -- ; (0)  ; (31)  ; --     ; --                     ; --                       ;
; sdram_clk_clk       ; Output   ; --   ; --   ; --   ; -- ; (0)  ; (31)  ; --     ; --                     ; --                       ;
; sdram_wire_addr[0]  ; Output   ; --   ; --   ; --   ; -- ; (0)  ; --    ; --     ; --                     ; --                       ;
; sdram_wire_addr[1]  ; Output   ; --   ; --   ; --   ; -- ; (0)  ; --    ; --     ; --                     ; --                       ;
; sdram_wire_addr[2]  ; Output   ; --   ; --   ; --   ; -- ; (0)  ; --    ; --     ; --                     ; --                       ;
; sdram_wire_addr[3]  ; Output   ; --   ; --   ; --   ; -- ; (0)  ; --    ; --     ; --                     ; --                       ;
; sdram_wire_addr[4]  ; Output   ; --   ; --   ; --   ; -- ; (0)  ; --    ; --     ; --                     ; --                       ;
; sdram_wire_addr[5]  ; Output   ; --   ; --   ; --   ; -- ; (0)  ; --    ; --     ; --                     ; --                       ;
; sdram_wire_addr[6]  ; Output   ; --   ; --   ; --   ; -- ; (0)  ; --    ; --     ; --                     ; --                       ;
; sdram_wire_addr[7]  ; Output   ; --   ; --   ; --   ; -- ; (0)  ; --    ; --     ; --                     ; --                       ;
; sdram_wire_addr[8]  ; Output   ; --   ; --   ; --   ; -- ; (0)  ; --    ; --     ; --                     ; --                       ;
; sdram_wire_addr[9]  ; Output   ; --   ; --   ; --   ; -- ; (0)  ; --    ; --     ; --                     ; --                       ;
; sdram_wire_addr[10] ; Output   ; --   ; --   ; --   ; -- ; (0)  ; --    ; --     ; --                     ; --                       ;
; sdram_wire_addr[11] ; Output   ; --   ; --   ; --   ; -- ; (0)  ; --    ; --     ; --                     ; --                       ;
; sdram_wire_addr[12] ; Output   ; --   ; --   ; --   ; -- ; (0)  ; --    ; --     ; --                     ; --                       ;
; sdram_wire_ba[0]    ; Output   ; --   ; --   ; --   ; -- ; (0)  ; --    ; --     ; --                     ; --                       ;
; sdram_wire_ba[1]    ; Output   ; --   ; --   ; --   ; -- ; (0)  ; --    ; --     ; --                     ; --                       ;
; sdram_wire_cas_n    ; Output   ; --   ; --   ; --   ; -- ; (0)  ; --    ; --     ; --                     ; --                       ;
; sdram_wire_cke      ; Output   ; --   ; --   ; --   ; -- ; (0)  ; (31)  ; --     ; --                     ; --                       ;
; sdram_wire_cs_n     ; Output   ; --   ; --   ; --   ; -- ; (0)  ; --    ; --     ; --                     ; --                       ;
; sdram_wire_dqm[0]   ; Output   ; --   ; --   ; --   ; -- ; (0)  ; --    ; --     ; --                     ; --                       ;
; sdram_wire_dqm[1]   ; Output   ; --   ; --   ; --   ; -- ; (0)  ; --    ; --     ; --                     ; --                       ;
; sdram_wire_ras_n    ; Output   ; --   ; --   ; --   ; -- ; (0)  ; --    ; --     ; --                     ; --                       ;
; sdram_wire_we_n     ; Output   ; --   ; --   ; --   ; -- ; (0)  ; --    ; --     ; --                     ; --                       ;
; sdram_wire_dq[0]    ; Bidir    ; (0)  ; (0)  ; --   ; -- ; (0)  ; (0)   ; --     ; --                     ; --                       ;
; sdram_wire_dq[1]    ; Bidir    ; (0)  ; (0)  ; --   ; -- ; (0)  ; (0)   ; --     ; --                     ; --                       ;
; sdram_wire_dq[2]    ; Bidir    ; (0)  ; (0)  ; --   ; -- ; (0)  ; (0)   ; --     ; --                     ; --                       ;
; sdram_wire_dq[3]    ; Bidir    ; (0)  ; (0)  ; --   ; -- ; (0)  ; (0)   ; --     ; --                     ; --                       ;
; sdram_wire_dq[4]    ; Bidir    ; (0)  ; (0)  ; --   ; -- ; (0)  ; (0)   ; --     ; --                     ; --                       ;
; sdram_wire_dq[5]    ; Bidir    ; (0)  ; (0)  ; --   ; -- ; (0)  ; (0)   ; --     ; --                     ; --                       ;
; sdram_wire_dq[6]    ; Bidir    ; (0)  ; (0)  ; --   ; -- ; (0)  ; (0)   ; --     ; --                     ; --                       ;
; sdram_wire_dq[7]    ; Bidir    ; (0)  ; (0)  ; --   ; -- ; (0)  ; (0)   ; --     ; --                     ; --                       ;
; sdram_wire_dq[8]    ; Bidir    ; (0)  ; (0)  ; --   ; -- ; (0)  ; (0)   ; --     ; --                     ; --                       ;
; sdram_wire_dq[9]    ; Bidir    ; (0)  ; (0)  ; --   ; -- ; (0)  ; (0)   ; --     ; --                     ; --                       ;
; sdram_wire_dq[10]   ; Bidir    ; (0)  ; (0)  ; --   ; -- ; (0)  ; (0)   ; --     ; --                     ; --                       ;
; sdram_wire_dq[11]   ; Bidir    ; (0)  ; (0)  ; --   ; -- ; (0)  ; (0)   ; --     ; --                     ; --                       ;
; sdram_wire_dq[12]   ; Bidir    ; (0)  ; (0)  ; --   ; -- ; (0)  ; (0)   ; --     ; --                     ; --                       ;
; sdram_wire_dq[13]   ; Bidir    ; (0)  ; (0)  ; --   ; -- ; (0)  ; (0)   ; --     ; --                     ; --                       ;
; sdram_wire_dq[14]   ; Bidir    ; (0)  ; (0)  ; --   ; -- ; (0)  ; (0)   ; --     ; --                     ; --                       ;
; sdram_wire_dq[15]   ; Bidir    ; (0)  ; (0)  ; --   ; -- ; (0)  ; (0)   ; --     ; --                     ; --                       ;
; clk_clk             ; Input    ; --   ; (0)  ; --   ; -- ; --   ; --    ; --     ; --                     ; --                       ;
; buttons_export[0]   ; Input    ; --   ; --   ; (0)  ; -- ; --   ; --    ; --     ; --                     ; --                       ;
; buttons_export[1]   ; Input    ; --   ; (0)  ; --   ; -- ; --   ; --    ; --     ; --                     ; --                       ;
; buttons_export[2]   ; Input    ; --   ; (0)  ; --   ; -- ; --   ; --    ; --     ; --                     ; --                       ;
; buttons_export[3]   ; Input    ; --   ; (0)  ; --   ; -- ; --   ; --    ; --     ; --                     ; --                       ;
+---------------------+----------+------+------+------+----+------+-------+--------+------------------------+--------------------------+


+---------------------------------------------------------------------------+
; Pad To Core Delay Chain Fanout                                            ;
+---------------------------------------------+-------------------+---------+
; Source Pin / Fanout                         ; Pad To Core Index ; Setting ;
+---------------------------------------------+-------------------+---------+
; sdram_wire_dq[0]                            ;                   ;         ;
;      - Lab4_SDRAM:sdram|za_data[0]          ; 0                 ; 0       ;
; sdram_wire_dq[1]                            ;                   ;         ;
;      - Lab4_SDRAM:sdram|za_data[1]          ; 0                 ; 0       ;
; sdram_wire_dq[2]                            ;                   ;         ;
;      - Lab4_SDRAM:sdram|za_data[2]          ; 0                 ; 0       ;
; sdram_wire_dq[3]                            ;                   ;         ;
;      - Lab4_SDRAM:sdram|za_data[3]          ; 0                 ; 0       ;
; sdram_wire_dq[4]                            ;                   ;         ;
;      - Lab4_SDRAM:sdram|za_data[4]          ; 0                 ; 0       ;
; sdram_wire_dq[5]                            ;                   ;         ;
;      - Lab4_SDRAM:sdram|za_data[5]          ; 0                 ; 0       ;
; sdram_wire_dq[6]                            ;                   ;         ;
;      - Lab4_SDRAM:sdram|za_data[6]          ; 0                 ; 0       ;
; sdram_wire_dq[7]                            ;                   ;         ;
;      - Lab4_SDRAM:sdram|za_data[7]          ; 0                 ; 0       ;
; sdram_wire_dq[8]                            ;                   ;         ;
;      - Lab4_SDRAM:sdram|za_data[8]          ; 0                 ; 0       ;
; sdram_wire_dq[9]                            ;                   ;         ;
;      - Lab4_SDRAM:sdram|za_data[9]          ; 0                 ; 0       ;
; sdram_wire_dq[10]                           ;                   ;         ;
;      - Lab4_SDRAM:sdram|za_data[10]         ; 0                 ; 0       ;
; sdram_wire_dq[11]                           ;                   ;         ;
;      - Lab4_SDRAM:sdram|za_data[11]         ; 0                 ; 0       ;
; sdram_wire_dq[12]                           ;                   ;         ;
;      - Lab4_SDRAM:sdram|za_data[12]         ; 0                 ; 0       ;
; sdram_wire_dq[13]                           ;                   ;         ;
;      - Lab4_SDRAM:sdram|za_data[13]         ; 0                 ; 0       ;
; sdram_wire_dq[14]                           ;                   ;         ;
;      - Lab4_SDRAM:sdram|za_data[14]         ; 0                 ; 0       ;
; sdram_wire_dq[15]                           ;                   ;         ;
;      - Lab4_SDRAM:sdram|za_data[15]         ; 0                 ; 0       ;
; clk_clk                                     ;                   ;         ;
; buttons_export[0]                           ;                   ;         ;
;      - Lab4_BUTTONS:buttons|read_mux_out[0] ; 1                 ; 0       ;
; buttons_export[1]                           ;                   ;         ;
;      - Lab4_BUTTONS:buttons|read_mux_out[1] ; 0                 ; 0       ;
; buttons_export[2]                           ;                   ;         ;
;      - Lab4_BUTTONS:buttons|read_mux_out[2] ; 0                 ; 0       ;
; buttons_export[3]                           ;                   ;         ;
;      - Lab4_BUTTONS:buttons|read_mux_out[3] ; 0                 ; 0       ;
+---------------------------------------------+-------------------+---------+


+----------------------------------------------------------------------------------------------------------------------------------------------------------------------------------------------------------------------------------------------------------------------------------------------------------------------------------------------------------------------------------------------------------------------------------------------------------------------------------------------------------------------------+
; Control Signals                                                                                                                                                                                                                                                                                                                                                                                                                                                                                                            ;
+------------------------------------------------------------------------------------------------------------------------------------------------------------------------------------------------------------------------------------------------------------------------------------------------------------------------------------------------------------+----------------------------+---------+-----------------------------------------+--------+----------------------+------------------+---------------------------+
; Name                                                                                                                                                                                                                                                                                                                                                       ; Location                   ; Fan-Out ; Usage                                   ; Global ; Global Resource Used ; Global Line Name ; Enable Signal Source Name ;
+------------------------------------------------------------------------------------------------------------------------------------------------------------------------------------------------------------------------------------------------------------------------------------------------------------------------------------------------------------+----------------------------+---------+-----------------------------------------+--------+----------------------+------------------+---------------------------+
; Lab4_CLOCKS:clocks|Lab4_CLOCKS_sys_pll:sys_pll|altera_pll:altera_pll_i|outclk_wire[0]                                                                                                                                                                                                                                                                      ; PLLOUTPUTCOUNTER_X0_Y19_N1 ; 3247    ; Clock                                   ; yes    ; Global Clock         ; GCLK5            ; --                        ;
; Lab4_DEBUG:debug|Lab4_DEBUG_scfifo_r:the_Lab4_DEBUG_scfifo_r|scfifo:rfifo|scfifo_3291:auto_generated|a_dpfifo_5771:dpfifo|a_fefifo_7cf:fifo_state|_~0                                                                                                                                                                                                      ; LABCELL_X10_Y5_N48         ; 6       ; Clock enable                            ; no     ; --                   ; --               ; --                        ;
; Lab4_DEBUG:debug|Lab4_DEBUG_scfifo_w:the_Lab4_DEBUG_scfifo_w|scfifo:wfifo|scfifo_3291:auto_generated|a_dpfifo_5771:dpfifo|a_fefifo_7cf:fifo_state|_~0                                                                                                                                                                                                      ; MLABCELL_X8_Y5_N54         ; 7       ; Clock enable                            ; no     ; --                   ; --               ; --                        ;
; Lab4_DEBUG:debug|alt_jtag_atlantic:Lab4_DEBUG_alt_jtag_atlantic|r_ena~0                                                                                                                                                                                                                                                                                    ; MLABCELL_X8_Y5_N24         ; 3       ; Clock enable                            ; no     ; --                   ; --               ; --                        ;
; Lab4_DEBUG:debug|alt_jtag_atlantic:Lab4_DEBUG_alt_jtag_atlantic|td_shift[0]~2                                                                                                                                                                                                                                                                              ; MLABCELL_X3_Y4_N39         ; 22      ; Clock enable                            ; no     ; --                   ; --               ; --                        ;
; Lab4_DEBUG:debug|alt_jtag_atlantic:Lab4_DEBUG_alt_jtag_atlantic|wdata[7]~0                                                                                                                                                                                                                                                                                 ; LABCELL_X4_Y4_N54          ; 9       ; Clock enable                            ; no     ; --                   ; --               ; --                        ;
; Lab4_DEBUG:debug|alt_jtag_atlantic:Lab4_DEBUG_alt_jtag_atlantic|write_stalled~1                                                                                                                                                                                                                                                                            ; MLABCELL_X3_Y4_N18         ; 5       ; Clock enable                            ; no     ; --                   ; --               ; --                        ;
; Lab4_DEBUG:debug|fifo_rd~0                                                                                                                                                                                                                                                                                                                                 ; LABCELL_X11_Y5_N54         ; 9       ; Clock enable                            ; no     ; --                   ; --               ; --                        ;
; Lab4_DEBUG:debug|fifo_wr                                                                                                                                                                                                                                                                                                                                   ; FF_X16_Y5_N20              ; 15      ; Clock enable, Write enable              ; no     ; --                   ; --               ; --                        ;
; Lab4_DEBUG:debug|ien_AE~0                                                                                                                                                                                                                                                                                                                                  ; LABCELL_X11_Y5_N45         ; 2       ; Clock enable                            ; no     ; --                   ; --               ; --                        ;
; Lab4_DEBUG:debug|rd_wfifo                                                                                                                                                                                                                                                                                                                                  ; MLABCELL_X8_Y5_N48         ; 11      ; Clock enable                            ; no     ; --                   ; --               ; --                        ;
; Lab4_DEBUG:debug|read_0                                                                                                                                                                                                                                                                                                                                    ; FF_X11_Y5_N59              ; 16      ; Sync. load                              ; no     ; --                   ; --               ; --                        ;
; Lab4_DEBUG:debug|wr_rfifo                                                                                                                                                                                                                                                                                                                                  ; LABCELL_X10_Y5_N57         ; 14      ; Clock enable, Write enable              ; no     ; --                   ; --               ; --                        ;
; Lab4_LEDs:leds|data_out[0]~3                                                                                                                                                                                                                                                                                                                               ; LABCELL_X18_Y7_N51         ; 11      ; Clock enable                            ; no     ; --                   ; --               ; --                        ;
; Lab4_NIOSV_FreeRTOS:niosv_freertos|altera_reset_controller:rst_controller_001|altera_reset_synchronizer:alt_rst_sync_uq1|altera_reset_synchronizer_int_chain_out                                                                                                                                                                                           ; FF_X12_Y8_N23              ; 93      ; Async. clear                            ; no     ; --                   ; --               ; --                        ;
; Lab4_NIOSV_FreeRTOS:niosv_freertos|altera_reset_controller:rst_controller|merged_reset~0                                                                                                                                                                                                                                                                   ; LABCELL_X12_Y9_N42         ; 385     ; Async. clear, Sync. clear               ; no     ; --                   ; --               ; --                        ;
; Lab4_NIOSV_FreeRTOS:niosv_freertos|niosv_dm_top:dbg_mod|niosv_debug_module:dm_inst|abstauto.progbuf[0]~2                                                                                                                                                                                                                                                   ; MLABCELL_X6_Y8_N39         ; 13      ; Clock enable                            ; no     ; --                   ; --               ; --                        ;
; Lab4_NIOSV_FreeRTOS:niosv_freertos|niosv_dm_top:dbg_mod|niosv_debug_module:dm_inst|cmd_wr                                                                                                                                                                                                                                                                  ; FF_X4_Y9_N44               ; 46      ; Clock enable                            ; no     ; --                   ; --               ; --                        ;
; Lab4_NIOSV_FreeRTOS:niosv_freertos|niosv_dm_top:dbg_mod|niosv_debug_module:dm_inst|command.ctrl[17]~1                                                                                                                                                                                                                                                      ; LABCELL_X4_Y9_N45          ; 29      ; Clock enable                            ; no     ; --                   ; --               ; --                        ;
; Lab4_NIOSV_FreeRTOS:niosv_freertos|niosv_dm_top:dbg_mod|niosv_debug_module:dm_inst|dm_readdata[1]~0                                                                                                                                                                                                                                                        ; LABCELL_X1_Y7_N33          ; 28      ; Sync. clear                             ; no     ; --                   ; --               ; --                        ;
; Lab4_NIOSV_FreeRTOS:niosv_freertos|niosv_dm_top:dbg_mod|niosv_debug_module:dm_inst|dmctrl.haltreq~0                                                                                                                                                                                                                                                        ; LABCELL_X7_Y8_N54          ; 7       ; Clock enable                            ; no     ; --                   ; --               ; --                        ;
; Lab4_NIOSV_FreeRTOS:niosv_freertos|niosv_dm_top:dbg_mod|niosv_debug_module:dm_inst|jmp_adrs~3                                                                                                                                                                                                                                                              ; LABCELL_X10_Y8_N21         ; 2       ; Clock enable                            ; no     ; --                   ; --               ; --                        ;
; Lab4_NIOSV_FreeRTOS:niosv_freertos|niosv_dm_top:dbg_mod|niosv_debug_module:dm_inst|ndmreset_shifter[3]                                                                                                                                                                                                                                                     ; FF_X12_Y9_N11              ; 5       ; Async. clear                            ; no     ; --                   ; --               ; --                        ;
; Lab4_NIOSV_FreeRTOS:niosv_freertos|niosv_dm_top:dbg_mod|niosv_debug_module:dm_inst|niosv_ram:dbg_rom_inst|altsyncram:ram_no_ecc.data_ram|altsyncram_pds1:auto_generated|decode_5la:wr_decode|eq_node[0]                                                                                                                                                    ; LABCELL_X9_Y7_N30          ; 32      ; Clock enable                            ; no     ; --                   ; --               ; --                        ;
; Lab4_NIOSV_FreeRTOS:niosv_freertos|niosv_dm_top:dbg_mod|niosv_debug_module:dm_inst|niosv_ram:dbg_rom_inst|altsyncram:ram_no_ecc.data_ram|altsyncram_pds1:auto_generated|decode_5la:wr_decode|eq_node[1]                                                                                                                                                    ; LABCELL_X9_Y7_N33          ; 32      ; Clock enable                            ; no     ; --                   ; --               ; --                        ;
; Lab4_NIOSV_FreeRTOS:niosv_freertos|niosv_dm_top:dbg_mod|niosv_debug_module:dm_inst|niosv_ram:niosv_dm_csr_mem_inst|altsyncram:ram_no_ecc.data_ram|altsyncram_q9s1:auto_generated|wr_en_reg[0]                                                                                                                                                              ; FF_X6_Y8_N5                ; 32      ; Clock enable                            ; no     ; --                   ; --               ; --                        ;
; Lab4_NIOSV_FreeRTOS:niosv_freertos|niosv_dm_top:dbg_mod|niosv_debug_module:dm_inst|nxt_cmdbuf_instr[0]~0                                                                                                                                                                                                                                                   ; LABCELL_X11_Y7_N21         ; 27      ; Sync. clear                             ; no     ; --                   ; --               ; --                        ;
; Lab4_NIOSV_FreeRTOS:niosv_freertos|niosv_dm_top:dbg_mod|niosv_dm_jtag2mm:dtm_inst|altera_avalon_st_handshake_clock_crosser:cmd_clk_xer|altera_avalon_st_clock_crosser:clock_xer|take_in_data~0                                                                                                                                                             ; MLABCELL_X3_Y7_N12         ; 43      ; Clock enable                            ; no     ; --                   ; --               ; --                        ;
; Lab4_NIOSV_FreeRTOS:niosv_freertos|niosv_dm_top:dbg_mod|niosv_dm_jtag2mm:dtm_inst|altera_avalon_st_handshake_clock_crosser:rsp_clk_xer|altera_avalon_st_clock_crosser:clock_xer|altera_avalon_st_pipeline_base:output_stage|full1                                                                                                                          ; FF_X2_Y5_N8                ; 35      ; Sync. clear, Sync. load                 ; no     ; --                   ; --               ; --                        ;
; Lab4_NIOSV_FreeRTOS:niosv_freertos|niosv_dm_top:dbg_mod|niosv_dm_jtag2mm:dtm_inst|altera_avalon_st_handshake_clock_crosser:rsp_clk_xer|altera_avalon_st_clock_crosser:clock_xer|take_in_data                                                                                                                                                               ; LABCELL_X2_Y5_N18          ; 32      ; Clock enable                            ; no     ; --                   ; --               ; --                        ;
; Lab4_NIOSV_FreeRTOS:niosv_freertos|niosv_dm_top:dbg_mod|niosv_dm_jtag2mm:dtm_inst|cmd_address[8]~0                                                                                                                                                                                                                                                         ; LABCELL_X1_Y5_N27          ; 9       ; Clock enable                            ; no     ; --                   ; --               ; --                        ;
; Lab4_NIOSV_FreeRTOS:niosv_freertos|niosv_dm_top:dbg_mod|niosv_dm_jtag2mm:dtm_inst|nxt_cmd_write~0                                                                                                                                                                                                                                                          ; LABCELL_X1_Y5_N45          ; 33      ; Clock enable                            ; no     ; --                   ; --               ; --                        ;
; Lab4_NIOSV_FreeRTOS:niosv_freertos|niosv_dm_top:dbg_mod|niosv_dm_jtag2mm:dtm_inst|nxt_shifted_dmi[0]~2                                                                                                                                                                                                                                                     ; LABCELL_X1_Y4_N33          ; 44      ; Clock enable                            ; no     ; --                   ; --               ; --                        ;
; Lab4_NIOSV_FreeRTOS:niosv_freertos|niosv_dm_top:dbg_mod|niosv_dm_jtag2mm:dtm_inst|shifted_dtmcs[0]~1                                                                                                                                                                                                                                                       ; LABCELL_X2_Y3_N27          ; 33      ; Clock enable                            ; no     ; --                   ; --               ; --                        ;
; Lab4_NIOSV_FreeRTOS:niosv_freertos|niosv_dm_top:dbg_mod|niosv_dm_jtag2mm:dtm_inst|sld_virtual_jtag_basic:vjtag_inst|virtual_state_sdr~0                                                                                                                                                                                                                    ; LABCELL_X2_Y3_N42          ; 48      ; Sync. load                              ; no     ; --                   ; --               ; --                        ;
; Lab4_NIOSV_FreeRTOS:niosv_freertos|niosv_dm_top:dbg_mod|niosv_dm_jtag2mm:dtm_inst|updated_dmi[22]~0                                                                                                                                                                                                                                                        ; LABCELL_X2_Y4_N0           ; 32      ; Clock enable                            ; no     ; --                   ; --               ; --                        ;
; Lab4_NIOSV_FreeRTOS:niosv_freertos|niosv_dm_top:dbg_mod|niosv_dm_jtag2mm:dtm_inst|updated_dmi[42]~1                                                                                                                                                                                                                                                        ; LABCELL_X2_Y4_N54          ; 9       ; Clock enable                            ; no     ; --                   ; --               ; --                        ;
; Lab4_NIOSV_FreeRTOS:niosv_freertos|niosv_m_top:hart|niosv_m_core:m_core.niosv_m_full_inst|C_expn_update                                                                                                                                                                                                                                                    ; FF_X48_Y14_N14             ; 103     ; Sync. clear, Sync. load                 ; no     ; --                   ; --               ; --                        ;
; Lab4_NIOSV_FreeRTOS:niosv_freertos|niosv_m_top:hart|niosv_m_core:m_core.niosv_m_full_inst|D_i_expn                                                                                                                                                                                                                                                         ; FF_X28_Y14_N44             ; 36      ; Sync. clear, Sync. load                 ; no     ; --                   ; --               ; --                        ;
; Lab4_NIOSV_FreeRTOS:niosv_freertos|niosv_m_top:hart|niosv_m_core:m_core.niosv_m_full_inst|D_instr_word[3]                                                                                                                                                                                                                                                  ; FF_X19_Y11_N56             ; 9       ; Sync. clear                             ; no     ; --                   ; --               ; --                        ;
; Lab4_NIOSV_FreeRTOS:niosv_freertos|niosv_m_top:hart|niosv_m_core:m_core.niosv_m_full_inst|D_ready                                                                                                                                                                                                                                                          ; MLABCELL_X25_Y11_N15       ; 123     ; Clock enable                            ; no     ; --                   ; --               ; --                        ;
; Lab4_NIOSV_FreeRTOS:niosv_freertos|niosv_m_top:hart|niosv_m_core:m_core.niosv_m_full_inst|D_use_imm                                                                                                                                                                                                                                                        ; FF_X24_Y12_N50             ; 35      ; Sync. load                              ; no     ; --                   ; --               ; --                        ;
; Lab4_NIOSV_FreeRTOS:niosv_freertos|niosv_m_top:hart|niosv_m_core:m_core.niosv_m_full_inst|E_csr_clr~0                                                                                                                                                                                                                                                      ; MLABCELL_X25_Y14_N54       ; 2       ; Clock enable                            ; no     ; --                   ; --               ; --                        ;
; Lab4_NIOSV_FreeRTOS:niosv_freertos|niosv_m_top:hart|niosv_m_core:m_core.niosv_m_full_inst|E_exe_s1[4]~1                                                                                                                                                                                                                                                    ; LABCELL_X24_Y14_N39        ; 30      ; Sync. load                              ; no     ; --                   ; --               ; --                        ;
; Lab4_NIOSV_FreeRTOS:niosv_freertos|niosv_m_top:hart|niosv_m_core:m_core.niosv_m_full_inst|E_exe_s1[4]~4                                                                                                                                                                                                                                                    ; LABCELL_X29_Y11_N24        ; 33      ; Sync. clear                             ; no     ; --                   ; --               ; --                        ;
; Lab4_NIOSV_FreeRTOS:niosv_freertos|niosv_m_top:hart|niosv_m_core:m_core.niosv_m_full_inst|E_unaligned_redir~3                                                                                                                                                                                                                                              ; LABCELL_X29_Y14_N54        ; 32      ; Sync. load                              ; no     ; --                   ; --               ; --                        ;
; Lab4_NIOSV_FreeRTOS:niosv_freertos|niosv_m_top:hart|niosv_m_core:m_core.niosv_m_full_inst|M0_e_expn                                                                                                                                                                                                                                                        ; FF_X29_Y14_N50             ; 38      ; Sync. load                              ; no     ; --                   ; --               ; --                        ;
; Lab4_NIOSV_FreeRTOS:niosv_freertos|niosv_m_top:hart|niosv_m_core:m_core.niosv_m_full_inst|M0_multicycle_instr_pending~2                                                                                                                                                                                                                                    ; LABCELL_X24_Y9_N12         ; 381     ; Clock enable, Sync. clear               ; no     ; --                   ; --               ; --                        ;
; Lab4_NIOSV_FreeRTOS:niosv_freertos|niosv_m_top:hart|niosv_m_core:m_core.niosv_m_full_inst|M0_nxt_pc[17]~0                                                                                                                                                                                                                                                  ; MLABCELL_X39_Y15_N39       ; 32      ; Clock enable                            ; no     ; --                   ; --               ; --                        ;
; Lab4_NIOSV_FreeRTOS:niosv_freertos|niosv_m_top:hart|niosv_m_core:m_core.niosv_m_full_inst|M0_redirect_nxt~0                                                                                                                                                                                                                                                ; LABCELL_X29_Y14_N27        ; 33      ; Sync. load                              ; no     ; --                   ; --               ; --                        ;
; Lab4_NIOSV_FreeRTOS:niosv_freertos|niosv_m_top:hart|niosv_m_core:m_core.niosv_m_full_inst|M0_shift_amt[3]                                                                                                                                                                                                                                                  ; FF_X30_Y8_N2               ; 69      ; Sync. load                              ; no     ; --                   ; --               ; --                        ;
; Lab4_NIOSV_FreeRTOS:niosv_freertos|niosv_m_top:hart|niosv_m_core:m_core.niosv_m_full_inst|M0_shift_amt[4]                                                                                                                                                                                                                                                  ; FF_X31_Y6_N29              ; 71      ; Sync. clear, Sync. load                 ; no     ; --                   ; --               ; --                        ;
; Lab4_NIOSV_FreeRTOS:niosv_freertos|niosv_m_top:hart|niosv_m_core:m_core.niosv_m_full_inst|always17~0                                                                                                                                                                                                                                                       ; MLABCELL_X39_Y15_N30       ; 37      ; Clock enable                            ; no     ; --                   ; --               ; --                        ;
; Lab4_NIOSV_FreeRTOS:niosv_freertos|niosv_m_top:hart|niosv_m_core:m_core.niosv_m_full_inst|always29~0                                                                                                                                                                                                                                                       ; LABCELL_X23_Y13_N57        ; 33      ; Clock enable                            ; no     ; --                   ; --               ; --                        ;
; Lab4_NIOSV_FreeRTOS:niosv_freertos|niosv_m_top:hart|niosv_m_core:m_core.niosv_m_full_inst|always31~0                                                                                                                                                                                                                                                       ; LABCELL_X36_Y8_N39         ; 35      ; Clock enable                            ; no     ; --                   ; --               ; --                        ;
; Lab4_NIOSV_FreeRTOS:niosv_freertos|niosv_m_top:hart|niosv_m_core:m_core.niosv_m_full_inst|niosv_csr:csr_inst|debug_pc[21]~2                                                                                                                                                                                                                                ; MLABCELL_X47_Y13_N54       ; 36      ; Clock enable                            ; no     ; --                   ; --               ; --                        ;
; Lab4_NIOSV_FreeRTOS:niosv_freertos|niosv_m_top:hart|niosv_m_core:m_core.niosv_m_full_inst|niosv_csr:csr_inst|dscratch0[1]~0                                                                                                                                                                                                                                ; LABCELL_X50_Y9_N45         ; 32      ; Clock enable                            ; no     ; --                   ; --               ; --                        ;
; Lab4_NIOSV_FreeRTOS:niosv_freertos|niosv_m_top:hart|niosv_m_core:m_core.niosv_m_full_inst|niosv_csr:csr_inst|dscratch1[1]~0                                                                                                                                                                                                                                ; LABCELL_X50_Y13_N24        ; 32      ; Clock enable                            ; no     ; --                   ; --               ; --                        ;
; Lab4_NIOSV_FreeRTOS:niosv_freertos|niosv_m_top:hart|niosv_m_core:m_core.niosv_m_full_inst|niosv_csr:csr_inst|mcause.code[0]~0                                                                                                                                                                                                                              ; LABCELL_X48_Y7_N33         ; 32      ; Clock enable                            ; no     ; --                   ; --               ; --                        ;
; Lab4_NIOSV_FreeRTOS:niosv_freertos|niosv_m_top:hart|niosv_m_core:m_core.niosv_m_full_inst|niosv_csr:csr_inst|mcontrol.store~0                                                                                                                                                                                                                              ; LABCELL_X51_Y8_N30         ; 5       ; Clock enable                            ; no     ; --                   ; --               ; --                        ;
; Lab4_NIOSV_FreeRTOS:niosv_freertos|niosv_m_top:hart|niosv_m_core:m_core.niosv_m_full_inst|niosv_csr:csr_inst|mepc.epc[7]~0                                                                                                                                                                                                                                 ; LABCELL_X48_Y8_N15         ; 34      ; Clock enable                            ; no     ; --                   ; --               ; --                        ;
; Lab4_NIOSV_FreeRTOS:niosv_freertos|niosv_m_top:hart|niosv_m_core:m_core.niosv_m_full_inst|niosv_csr:csr_inst|mie.msie~2                                                                                                                                                                                                                                    ; MLABCELL_X47_Y10_N15       ; 19      ; Clock enable                            ; no     ; --                   ; --               ; --                        ;
; Lab4_NIOSV_FreeRTOS:niosv_freertos|niosv_m_top:hart|niosv_m_core:m_core.niosv_m_full_inst|niosv_csr:csr_inst|mscratch[1]~0                                                                                                                                                                                                                                 ; LABCELL_X46_Y8_N33         ; 32      ; Clock enable                            ; no     ; --                   ; --               ; --                        ;
; Lab4_NIOSV_FreeRTOS:niosv_freertos|niosv_m_top:hart|niosv_m_core:m_core.niosv_m_full_inst|niosv_csr:csr_inst|mtval[22]~0                                                                                                                                                                                                                                   ; LABCELL_X48_Y7_N24         ; 32      ; Clock enable                            ; no     ; --                   ; --               ; --                        ;
; Lab4_NIOSV_FreeRTOS:niosv_freertos|niosv_m_top:hart|niosv_m_core:m_core.niosv_m_full_inst|niosv_csr:csr_inst|mtvec.base[0]~0                                                                                                                                                                                                                               ; LABCELL_X48_Y9_N15         ; 35      ; Clock enable                            ; no     ; --                   ; --               ; --                        ;
; Lab4_NIOSV_FreeRTOS:niosv_freertos|niosv_m_top:hart|niosv_m_core:m_core.niosv_m_full_inst|niosv_m_instr_prefetch:prefetch_inst|always1~0                                                                                                                                                                                                                   ; MLABCELL_X25_Y13_N45       ; 34      ; Clock enable                            ; no     ; --                   ; --               ; --                        ;
; Lab4_NIOSV_FreeRTOS:niosv_freertos|niosv_m_top:hart|niosv_m_core:m_core.niosv_m_full_inst|niosv_m_instr_prefetch:prefetch_inst|axi_lookahead[0]~0                                                                                                                                                                                                          ; LABCELL_X24_Y13_N24        ; 3       ; Clock enable                            ; no     ; --                   ; --               ; --                        ;
; Lab4_NIOSV_FreeRTOS:niosv_freertos|niosv_m_top:hart|niosv_m_core:m_core.niosv_m_full_inst|niosv_m_instr_prefetch:prefetch_inst|dispatch_pc[10]~0                                                                                                                                                                                                           ; MLABCELL_X25_Y13_N33       ; 41      ; Clock enable                            ; no     ; --                   ; --               ; --                        ;
; Lab4_NIOSV_FreeRTOS:niosv_freertos|niosv_m_top:hart|niosv_m_core:m_core.niosv_m_full_inst|niosv_m_instr_prefetch:prefetch_inst|fetch_flush                                                                                                                                                                                                                 ; MLABCELL_X25_Y13_N42       ; 25      ; Clock enable, Sync. load                ; no     ; --                   ; --               ; --                        ;
; Lab4_NIOSV_FreeRTOS:niosv_freertos|niosv_m_top:hart|niosv_m_core:m_core.niosv_m_full_inst|niosv_m_instr_prefetch:prefetch_inst|fetch_hold                                                                                                                                                                                                                  ; FF_X25_Y13_N26             ; 72      ; Clock enable                            ; no     ; --                   ; --               ; --                        ;
; Lab4_NIOSV_FreeRTOS:niosv_freertos|niosv_m_top:hart|niosv_m_core:m_core.niosv_m_full_inst|niosv_m_instr_prefetch:prefetch_inst|flush_count[3]~1                                                                                                                                                                                                            ; LABCELL_X24_Y13_N33        ; 4       ; Clock enable                            ; no     ; --                   ; --               ; --                        ;
; Lab4_NIOSV_FreeRTOS:niosv_freertos|niosv_m_top:hart|niosv_m_core:m_core.niosv_m_full_inst|niosv_m_instr_prefetch:prefetch_inst|niosv_instr_buffer:buffer_inst|queue_mem~160                                                                                                                                                                                ; LABCELL_X19_Y10_N57        ; 32      ; Clock enable                            ; no     ; --                   ; --               ; --                        ;
; Lab4_NIOSV_FreeRTOS:niosv_freertos|niosv_m_top:hart|niosv_m_core:m_core.niosv_m_full_inst|niosv_m_instr_prefetch:prefetch_inst|niosv_instr_buffer:buffer_inst|queue_mem~161                                                                                                                                                                                ; LABCELL_X19_Y13_N54        ; 32      ; Clock enable                            ; no     ; --                   ; --               ; --                        ;
; Lab4_NIOSV_FreeRTOS:niosv_freertos|niosv_m_top:hart|niosv_m_core:m_core.niosv_m_full_inst|niosv_m_instr_prefetch:prefetch_inst|niosv_instr_buffer:buffer_inst|queue_mem~162                                                                                                                                                                                ; LABCELL_X19_Y10_N54        ; 32      ; Clock enable                            ; no     ; --                   ; --               ; --                        ;
; Lab4_NIOSV_FreeRTOS:niosv_freertos|niosv_m_top:hart|niosv_m_core:m_core.niosv_m_full_inst|niosv_m_instr_prefetch:prefetch_inst|niosv_instr_buffer:buffer_inst|queue_mem~163                                                                                                                                                                                ; LABCELL_X19_Y10_N27        ; 32      ; Clock enable                            ; no     ; --                   ; --               ; --                        ;
; Lab4_NIOSV_FreeRTOS:niosv_freertos|niosv_m_top:hart|niosv_m_core:m_core.niosv_m_full_inst|niosv_m_instr_prefetch:prefetch_inst|niosv_instr_buffer:buffer_inst|write_addr[0]~0                                                                                                                                                                              ; LABCELL_X19_Y13_N24        ; 3       ; Clock enable                            ; no     ; --                   ; --               ; --                        ;
; Lab4_NIOSV_FreeRTOS:niosv_freertos|niosv_m_top:hart|niosv_m_core:m_core.niosv_m_full_inst|niosv_m_instr_prefetch:prefetch_inst|prev_branch_taken                                                                                                                                                                                                           ; FF_X25_Y13_N56             ; 52      ; Clock enable, Sync. load                ; no     ; --                   ; --               ; --                        ;
; Lab4_NIOSV_FreeRTOS:niosv_freertos|niosv_m_top:hart|niosv_m_core:m_core.niosv_m_full_inst|niosv_m_instr_prefetch:prefetch_inst|total_lookahead[1]~0                                                                                                                                                                                                        ; MLABCELL_X25_Y13_N0        ; 3       ; Clock enable                            ; no     ; --                   ; --               ; --                        ;
; Lab4_NIOSV_FreeRTOS:niosv_freertos|niosv_m_top:hart|niosv_m_core:m_core.niosv_m_full_inst|niosv_m_lsu:lsu_inst|load_data[22]~1                                                                                                                                                                                                                             ; LABCELL_X18_Y9_N36         ; 8       ; Sync. clear                             ; no     ; --                   ; --               ; --                        ;
; Lab4_NIOSV_FreeRTOS:niosv_freertos|niosv_m_top:hart|niosv_m_core:m_core.niosv_m_full_inst|niosv_m_lsu:lsu_inst|load_data[30]~2                                                                                                                                                                                                                             ; LABCELL_X18_Y9_N33         ; 8       ; Sync. clear                             ; no     ; --                   ; --               ; --                        ;
; Lab4_NIOSV_FreeRTOS:niosv_freertos|niosv_m_top:hart|niosv_m_core:m_core.niosv_m_full_inst|niosv_m_lsu:lsu_inst|st_adrs_match~1                                                                                                                                                                                                                             ; LABCELL_X29_Y6_N27         ; 2       ; Clock enable                            ; no     ; --                   ; --               ; --                        ;
; Lab4_NIOSV_FreeRTOS:niosv_freertos|niosv_m_top:hart|niosv_m_core:m_core.niosv_m_full_inst|niosv_m_shift_module:shift_inst|ShiftLeft1~0                                                                                                                                                                                                                     ; LABCELL_X30_Y8_N42         ; 24      ; Sync. clear, Sync. load                 ; no     ; --                   ; --               ; --                        ;
; Lab4_NIOSV_FreeRTOS:niosv_freertos|niosv_m_top:hart|niosv_m_core:m_core.niosv_m_full_inst|niosv_m_shift_module:shift_inst|sh_left_q1[23]~0                                                                                                                                                                                                                 ; LABCELL_X30_Y5_N36         ; 16      ; Sync. clear                             ; no     ; --                   ; --               ; --                        ;
; Lab4_NIOSV_FreeRTOS:niosv_freertos|niosv_m_top:hart|niosv_m_core:m_core.niosv_m_full_inst|wr_gpr_en                                                                                                                                                                                                                                                        ; LABCELL_X23_Y13_N15        ; 2       ; Write enable                            ; no     ; --                   ; --               ; --                        ;
; Lab4_NIOSV_FreeRTOS:niosv_freertos|niosv_timer_msip:timer_module|mtimecmp[31]~0                                                                                                                                                                                                                                                                            ; LABCELL_X12_Y4_N36         ; 39      ; Clock enable                            ; no     ; --                   ; --               ; --                        ;
; Lab4_NIOSV_FreeRTOS:niosv_freertos|niosv_timer_msip:timer_module|mtimecmp[63]~1                                                                                                                                                                                                                                                                            ; LABCELL_X12_Y4_N42         ; 32      ; Clock enable                            ; no     ; --                   ; --               ; --                        ;
; Lab4_NIOSV_FreeRTOS:niosv_freertos|niosv_timer_msip:timer_module|nxt_mtime[31]~1                                                                                                                                                                                                                                                                           ; LABCELL_X12_Y4_N45         ; 44      ; Sync. load                              ; no     ; --                   ; --               ; --                        ;
; Lab4_NIOSV_FreeRTOS:niosv_freertos|niosv_timer_msip:timer_module|nxt_mtime[63]~2                                                                                                                                                                                                                                                                           ; LABCELL_X12_Y4_N30         ; 45      ; Sync. load                              ; no     ; --                   ; --               ; --                        ;
; Lab4_SDRAM:sdram|Lab4_SDRAM_input_efifo_module:the_Lab4_SDRAM_input_efifo_module|entry_0[43]~0                                                                                                                                                                                                                                                             ; LABCELL_X23_Y5_N0          ; 44      ; Clock enable                            ; no     ; --                   ; --               ; --                        ;
; Lab4_SDRAM:sdram|Lab4_SDRAM_input_efifo_module:the_Lab4_SDRAM_input_efifo_module|entry_1[43]~0                                                                                                                                                                                                                                                             ; LABCELL_X23_Y5_N18         ; 44      ; Clock enable                            ; no     ; --                   ; --               ; --                        ;
; Lab4_SDRAM:sdram|WideOr16~0                                                                                                                                                                                                                                                                                                                                ; MLABCELL_X25_Y4_N33        ; 4       ; Clock enable                            ; no     ; --                   ; --               ; --                        ;
; Lab4_SDRAM:sdram|active_rnw~2                                                                                                                                                                                                                                                                                                                              ; LABCELL_X24_Y2_N6          ; 46      ; Clock enable                            ; no     ; --                   ; --               ; --                        ;
; Lab4_SDRAM:sdram|m_addr[8]~2                                                                                                                                                                                                                                                                                                                               ; LABCELL_X23_Y2_N3          ; 13      ; Clock enable                            ; no     ; --                   ; --               ; --                        ;
; Lab4_SDRAM:sdram|m_state.000010000                                                                                                                                                                                                                                                                                                                         ; FF_X22_Y2_N40              ; 23      ; Sync. load                              ; no     ; --                   ; --               ; --                        ;
; Lab4_SDRAM:sdram|m_state.001000000~DUPLICATE                                                                                                                                                                                                                                                                                                               ; FF_X23_Y2_N34              ; 17      ; Sync. load                              ; no     ; --                   ; --               ; --                        ;
; Lab4_SDRAM:sdram|oe                                                                                                                                                                                                                                                                                                                                        ; DDIOOECELL_X24_Y0_N56      ; 1       ; Output enable                           ; no     ; --                   ; --               ; --                        ;
; Lab4_SDRAM:sdram|oe~_Duplicate_1                                                                                                                                                                                                                                                                                                                           ; DDIOOECELL_X26_Y0_N96      ; 1       ; Output enable                           ; no     ; --                   ; --               ; --                        ;
; Lab4_SDRAM:sdram|oe~_Duplicate_10                                                                                                                                                                                                                                                                                                                          ; DDIOOECELL_X30_Y0_N39      ; 1       ; Output enable                           ; no     ; --                   ; --               ; --                        ;
; Lab4_SDRAM:sdram|oe~_Duplicate_11                                                                                                                                                                                                                                                                                                                          ; DDIOOECELL_X18_Y0_N96      ; 1       ; Output enable                           ; no     ; --                   ; --               ; --                        ;
; Lab4_SDRAM:sdram|oe~_Duplicate_12                                                                                                                                                                                                                                                                                                                          ; DDIOOECELL_X32_Y0_N56      ; 1       ; Output enable                           ; no     ; --                   ; --               ; --                        ;
; Lab4_SDRAM:sdram|oe~_Duplicate_13                                                                                                                                                                                                                                                                                                                          ; DDIOOECELL_X32_Y0_N39      ; 1       ; Output enable                           ; no     ; --                   ; --               ; --                        ;
; Lab4_SDRAM:sdram|oe~_Duplicate_14                                                                                                                                                                                                                                                                                                                          ; DDIOOECELL_X26_Y0_N79      ; 1       ; Output enable                           ; no     ; --                   ; --               ; --                        ;
; Lab4_SDRAM:sdram|oe~_Duplicate_15                                                                                                                                                                                                                                                                                                                          ; DDIOOECELL_X24_Y0_N39      ; 1       ; Output enable                           ; no     ; --                   ; --               ; --                        ;
; Lab4_SDRAM:sdram|oe~_Duplicate_2                                                                                                                                                                                                                                                                                                                           ; DDIOOECELL_X28_Y0_N39      ; 1       ; Output enable                           ; no     ; --                   ; --               ; --                        ;
; Lab4_SDRAM:sdram|oe~_Duplicate_3                                                                                                                                                                                                                                                                                                                           ; DDIOOECELL_X28_Y0_N56      ; 1       ; Output enable                           ; no     ; --                   ; --               ; --                        ;
; Lab4_SDRAM:sdram|oe~_Duplicate_4                                                                                                                                                                                                                                                                                                                           ; DDIOOECELL_X30_Y0_N56      ; 1       ; Output enable                           ; no     ; --                   ; --               ; --                        ;
; Lab4_SDRAM:sdram|oe~_Duplicate_5                                                                                                                                                                                                                                                                                                                           ; DDIOOECELL_X18_Y0_N79      ; 1       ; Output enable                           ; no     ; --                   ; --               ; --                        ;
; Lab4_SDRAM:sdram|oe~_Duplicate_6                                                                                                                                                                                                                                                                                                                           ; DDIOOECELL_X34_Y0_N62      ; 1       ; Output enable                           ; no     ; --                   ; --               ; --                        ;
; Lab4_SDRAM:sdram|oe~_Duplicate_7                                                                                                                                                                                                                                                                                                                           ; DDIOOECELL_X34_Y0_N45      ; 1       ; Output enable                           ; no     ; --                   ; --               ; --                        ;
; Lab4_SDRAM:sdram|oe~_Duplicate_8                                                                                                                                                                                                                                                                                                                           ; DDIOOECELL_X34_Y0_N79      ; 1       ; Output enable                           ; no     ; --                   ; --               ; --                        ;
; Lab4_SDRAM:sdram|oe~_Duplicate_9                                                                                                                                                                                                                                                                                                                           ; DDIOOECELL_X34_Y0_N96      ; 1       ; Output enable                           ; no     ; --                   ; --               ; --                        ;
; Lab4_mm_interconnect_0:mm_interconnect_0|Lab4_mm_interconnect_0_cmd_mux:cmd_mux_004|altera_merlin_arbitrator:arb|top_priority_reg[0]~1                                                                                                                                                                                                                     ; LABCELL_X18_Y7_N36         ; 2       ; Clock enable                            ; no     ; --                   ; --               ; --                        ;
; Lab4_mm_interconnect_0:mm_interconnect_0|Lab4_mm_interconnect_0_cmd_mux:cmd_mux_004|update_grant~0                                                                                                                                                                                                                                                         ; LABCELL_X19_Y7_N0          ; 3       ; Clock enable                            ; no     ; --                   ; --               ; --                        ;
; Lab4_mm_interconnect_0:mm_interconnect_0|Lab4_mm_interconnect_0_cmd_mux:cmd_mux_005|altera_merlin_arbitrator:arb|top_priority_reg[0]~1                                                                                                                                                                                                                     ; LABCELL_X17_Y6_N54         ; 2       ; Clock enable                            ; no     ; --                   ; --               ; --                        ;
; Lab4_mm_interconnect_0:mm_interconnect_0|Lab4_mm_interconnect_0_cmd_mux:cmd_mux_005|src_data[40]~2                                                                                                                                                                                                                                                         ; LABCELL_X12_Y3_N15         ; 38      ; Sync. clear                             ; no     ; --                   ; --               ; --                        ;
; Lab4_mm_interconnect_0:mm_interconnect_0|Lab4_mm_interconnect_0_cmd_mux:cmd_mux_005|update_grant~0                                                                                                                                                                                                                                                         ; LABCELL_X17_Y6_N6          ; 3       ; Clock enable                            ; no     ; --                   ; --               ; --                        ;
; Lab4_mm_interconnect_0:mm_interconnect_0|Lab4_mm_interconnect_0_cmd_mux:cmd_mux|altera_merlin_arbitrator:arb|top_priority_reg[0]~0                                                                                                                                                                                                                         ; LABCELL_X16_Y7_N54         ; 2       ; Clock enable                            ; no     ; --                   ; --               ; --                        ;
; Lab4_mm_interconnect_0:mm_interconnect_0|Lab4_mm_interconnect_0_cmd_mux:cmd_mux|update_grant~0                                                                                                                                                                                                                                                             ; LABCELL_X16_Y7_N39         ; 3       ; Clock enable                            ; no     ; --                   ; --               ; --                        ;
; Lab4_mm_interconnect_0:mm_interconnect_0|Lab4_mm_interconnect_0_cmd_mux_001:cmd_mux_001|altera_merlin_arbitrator:arb|top_priority_reg[0]~1                                                                                                                                                                                                                 ; MLABCELL_X15_Y8_N42        ; 4       ; Clock enable                            ; no     ; --                   ; --               ; --                        ;
; Lab4_mm_interconnect_0:mm_interconnect_0|Lab4_mm_interconnect_0_cmd_mux_001:cmd_mux_001|update_grant~0                                                                                                                                                                                                                                                     ; LABCELL_X10_Y8_N54         ; 4       ; Clock enable                            ; no     ; --                   ; --               ; --                        ;
; Lab4_mm_interconnect_0:mm_interconnect_0|Lab4_mm_interconnect_0_cmd_mux_001:cmd_mux_002|altera_merlin_arbitrator:arb|top_priority_reg[0]~1                                                                                                                                                                                                                 ; MLABCELL_X21_Y8_N54        ; 3       ; Clock enable                            ; no     ; --                   ; --               ; --                        ;
; Lab4_mm_interconnect_0:mm_interconnect_0|Lab4_mm_interconnect_0_cmd_mux_001:cmd_mux_002|update_grant~0                                                                                                                                                                                                                                                     ; MLABCELL_X21_Y8_N36        ; 4       ; Clock enable                            ; no     ; --                   ; --               ; --                        ;
; Lab4_mm_interconnect_0:mm_interconnect_0|Lab4_mm_interconnect_0_rsp_mux:rsp_mux_001|WideOr1                                                                                                                                                                                                                                                                ; LABCELL_X17_Y5_N30         ; 34      ; Clock enable                            ; no     ; --                   ; --               ; --                        ;
; Lab4_mm_interconnect_0:mm_interconnect_0|altera_avalon_sc_fifo:debug_avalon_jtag_slave_agent_rdata_fifo|always0~0                                                                                                                                                                                                                                          ; MLABCELL_X15_Y7_N51        ; 22      ; Clock enable                            ; no     ; --                   ; --               ; --                        ;
; Lab4_mm_interconnect_0:mm_interconnect_0|altera_avalon_sc_fifo:debug_avalon_jtag_slave_agent_rsp_fifo|always0~1                                                                                                                                                                                                                                            ; MLABCELL_X15_Y7_N3         ; 3       ; Clock enable                            ; no     ; --                   ; --               ; --                        ;
; Lab4_mm_interconnect_0:mm_interconnect_0|altera_avalon_sc_fifo:leds_s1_agent_rdata_fifo|always0~0                                                                                                                                                                                                                                                          ; LABCELL_X17_Y7_N30         ; 10      ; Clock enable                            ; no     ; --                   ; --               ; --                        ;
; Lab4_mm_interconnect_0:mm_interconnect_0|altera_avalon_sc_fifo:leds_s1_agent_rsp_fifo|always0~1                                                                                                                                                                                                                                                            ; LABCELL_X17_Y7_N0          ; 4       ; Clock enable                            ; no     ; --                   ; --               ; --                        ;
; Lab4_mm_interconnect_0:mm_interconnect_0|altera_avalon_sc_fifo:niosv_freertos_dm_agent_agent_rdata_fifo|always0~0                                                                                                                                                                                                                                          ; LABCELL_X9_Y11_N3          ; 34      ; Clock enable                            ; no     ; --                   ; --               ; --                        ;
; Lab4_mm_interconnect_0:mm_interconnect_0|altera_avalon_sc_fifo:niosv_freertos_dm_agent_agent_rdata_fifo|always1~0                                                                                                                                                                                                                                          ; LABCELL_X9_Y11_N9          ; 32      ; Clock enable                            ; no     ; --                   ; --               ; --                        ;
; Lab4_mm_interconnect_0:mm_interconnect_0|altera_avalon_sc_fifo:niosv_freertos_dm_agent_agent_rdata_fifo|mem_used[0]~1                                                                                                                                                                                                                                      ; LABCELL_X13_Y10_N54        ; 2       ; Clock enable                            ; no     ; --                   ; --               ; --                        ;
; Lab4_mm_interconnect_0:mm_interconnect_0|altera_avalon_sc_fifo:niosv_freertos_dm_agent_agent_rdata_fifo|mem_used[1]                                                                                                                                                                                                                                        ; FF_X13_Y10_N59             ; 37      ; Sync. load                              ; no     ; --                   ; --               ; --                        ;
; Lab4_mm_interconnect_0:mm_interconnect_0|altera_avalon_sc_fifo:niosv_freertos_dm_agent_agent_rsp_fifo|always0~0                                                                                                                                                                                                                                            ; LABCELL_X13_Y8_N51         ; 7       ; Clock enable                            ; no     ; --                   ; --               ; --                        ;
; Lab4_mm_interconnect_0:mm_interconnect_0|altera_avalon_sc_fifo:niosv_freertos_dm_agent_agent_rsp_fifo|always1~0                                                                                                                                                                                                                                            ; LABCELL_X13_Y8_N15         ; 5       ; Clock enable                            ; no     ; --                   ; --               ; --                        ;
; Lab4_mm_interconnect_0:mm_interconnect_0|altera_avalon_sc_fifo:niosv_freertos_dm_agent_agent_rsp_fifo|mem_used[0]~1                                                                                                                                                                                                                                        ; LABCELL_X13_Y8_N54         ; 2       ; Clock enable                            ; no     ; --                   ; --               ; --                        ;
; Lab4_mm_interconnect_0:mm_interconnect_0|altera_avalon_sc_fifo:niosv_freertos_timer_sw_agent_agent_rdata_fifo|always0~0                                                                                                                                                                                                                                    ; LABCELL_X18_Y6_N0          ; 32      ; Clock enable                            ; no     ; --                   ; --               ; --                        ;
; Lab4_mm_interconnect_0:mm_interconnect_0|altera_avalon_sc_fifo:niosv_freertos_timer_sw_agent_agent_rdata_fifo|always1~0                                                                                                                                                                                                                                    ; MLABCELL_X15_Y6_N3         ; 32      ; Clock enable                            ; no     ; --                   ; --               ; --                        ;
; Lab4_mm_interconnect_0:mm_interconnect_0|altera_avalon_sc_fifo:niosv_freertos_timer_sw_agent_agent_rdata_fifo|mem_used[0]~1                                                                                                                                                                                                                                ; MLABCELL_X15_Y6_N6         ; 2       ; Clock enable                            ; no     ; --                   ; --               ; --                        ;
; Lab4_mm_interconnect_0:mm_interconnect_0|altera_avalon_sc_fifo:niosv_freertos_timer_sw_agent_agent_rdata_fifo|mem_used[1]                                                                                                                                                                                                                                  ; FF_X15_Y6_N14              ; 35      ; Sync. load                              ; no     ; --                   ; --               ; --                        ;
; Lab4_mm_interconnect_0:mm_interconnect_0|altera_avalon_sc_fifo:niosv_freertos_timer_sw_agent_agent_rsp_fifo|always0~0                                                                                                                                                                                                                                      ; LABCELL_X18_Y6_N45         ; 3       ; Clock enable                            ; no     ; --                   ; --               ; --                        ;
; Lab4_mm_interconnect_0:mm_interconnect_0|altera_avalon_sc_fifo:niosv_freertos_timer_sw_agent_agent_rsp_fifo|always1~0                                                                                                                                                                                                                                      ; LABCELL_X18_Y6_N6          ; 3       ; Clock enable                            ; no     ; --                   ; --               ; --                        ;
; Lab4_mm_interconnect_0:mm_interconnect_0|altera_avalon_sc_fifo:niosv_freertos_timer_sw_agent_agent_rsp_fifo|mem_used[0]~1                                                                                                                                                                                                                                  ; LABCELL_X18_Y6_N18         ; 2       ; Clock enable                            ; no     ; --                   ; --               ; --                        ;
; Lab4_mm_interconnect_0:mm_interconnect_0|altera_avalon_sc_fifo:sdram_s1_agent_rdata_fifo|internal_out_ready~0                                                                                                                                                                                                                                              ; LABCELL_X18_Y8_N9          ; 5       ; Clock enable                            ; no     ; --                   ; --               ; --                        ;
; Lab4_mm_interconnect_0:mm_interconnect_0|altera_avalon_sc_fifo:sdram_s1_agent_rdata_fifo|write                                                                                                                                                                                                                                                             ; LABCELL_X17_Y8_N27         ; 5       ; Clock enable, Write enable              ; no     ; --                   ; --               ; --                        ;
; Lab4_mm_interconnect_0:mm_interconnect_0|altera_avalon_sc_fifo:sdram_s1_agent_rsp_fifo|always0~0                                                                                                                                                                                                                                                           ; LABCELL_X22_Y6_N30         ; 9       ; Clock enable                            ; no     ; --                   ; --               ; --                        ;
; Lab4_mm_interconnect_0:mm_interconnect_0|altera_avalon_sc_fifo:sdram_s1_agent_rsp_fifo|always1~0                                                                                                                                                                                                                                                           ; LABCELL_X22_Y6_N27         ; 8       ; Clock enable                            ; no     ; --                   ; --               ; --                        ;
; Lab4_mm_interconnect_0:mm_interconnect_0|altera_avalon_sc_fifo:sdram_s1_agent_rsp_fifo|always2~0                                                                                                                                                                                                                                                           ; LABCELL_X22_Y6_N39         ; 8       ; Clock enable                            ; no     ; --                   ; --               ; --                        ;
; Lab4_mm_interconnect_0:mm_interconnect_0|altera_avalon_sc_fifo:sdram_s1_agent_rsp_fifo|always3~0                                                                                                                                                                                                                                                           ; LABCELL_X22_Y6_N6          ; 8       ; Clock enable                            ; no     ; --                   ; --               ; --                        ;
; Lab4_mm_interconnect_0:mm_interconnect_0|altera_avalon_sc_fifo:sdram_s1_agent_rsp_fifo|always4~0                                                                                                                                                                                                                                                           ; MLABCELL_X21_Y5_N39        ; 8       ; Clock enable                            ; no     ; --                   ; --               ; --                        ;
; Lab4_mm_interconnect_0:mm_interconnect_0|altera_avalon_sc_fifo:sdram_s1_agent_rsp_fifo|always5~0                                                                                                                                                                                                                                                           ; LABCELL_X22_Y6_N54         ; 8       ; Clock enable                            ; no     ; --                   ; --               ; --                        ;
; Lab4_mm_interconnect_0:mm_interconnect_0|altera_avalon_sc_fifo:sdram_s1_agent_rsp_fifo|always6~0                                                                                                                                                                                                                                                           ; MLABCELL_X21_Y5_N51        ; 8       ; Clock enable                            ; no     ; --                   ; --               ; --                        ;
; Lab4_mm_interconnect_0:mm_interconnect_0|altera_avalon_sc_fifo:sdram_s1_agent_rsp_fifo|mem[0][59]                                                                                                                                                                                                                                                          ; FF_X21_Y6_N2               ; 22      ; Sync. load                              ; no     ; --                   ; --               ; --                        ;
; Lab4_mm_interconnect_0:mm_interconnect_0|altera_avalon_sc_fifo:sdram_s1_agent_rsp_fifo|mem_used[1]                                                                                                                                                                                                                                                         ; FF_X22_Y6_N50              ; 12      ; Sync. load                              ; no     ; --                   ; --               ; --                        ;
; Lab4_mm_interconnect_0:mm_interconnect_0|altera_avalon_sc_fifo:sdram_s1_agent_rsp_fifo|mem_used[1]~3                                                                                                                                                                                                                                                       ; MLABCELL_X21_Y5_N6         ; 6       ; Clock enable                            ; no     ; --                   ; --               ; --                        ;
; Lab4_mm_interconnect_0:mm_interconnect_0|altera_avalon_sc_fifo:sdram_s1_agent_rsp_fifo|mem_used[2]                                                                                                                                                                                                                                                         ; FF_X22_Y6_N26              ; 11      ; Sync. load                              ; no     ; --                   ; --               ; --                        ;
; Lab4_mm_interconnect_0:mm_interconnect_0|altera_avalon_sc_fifo:sdram_s1_agent_rsp_fifo|mem_used[3]                                                                                                                                                                                                                                                         ; FF_X22_Y6_N53              ; 11      ; Sync. load                              ; no     ; --                   ; --               ; --                        ;
; Lab4_mm_interconnect_0:mm_interconnect_0|altera_avalon_sc_fifo:sdram_s1_agent_rsp_fifo|mem_used[4]                                                                                                                                                                                                                                                         ; FF_X22_Y6_N59              ; 11      ; Sync. load                              ; no     ; --                   ; --               ; --                        ;
; Lab4_mm_interconnect_0:mm_interconnect_0|altera_avalon_sc_fifo:sdram_s1_agent_rsp_fifo|mem_used[5]                                                                                                                                                                                                                                                         ; FF_X22_Y6_N11              ; 11      ; Sync. load                              ; no     ; --                   ; --               ; --                        ;
; Lab4_mm_interconnect_0:mm_interconnect_0|altera_avalon_sc_fifo:sdram_s1_agent_rsp_fifo|mem_used[6]                                                                                                                                                                                                                                                         ; FF_X22_Y6_N35              ; 11      ; Sync. load                              ; no     ; --                   ; --               ; --                        ;
; Lab4_mm_interconnect_0:mm_interconnect_0|altera_avalon_sc_fifo:sdram_s1_agent_rsp_fifo|read~0                                                                                                                                                                                                                                                              ; LABCELL_X18_Y8_N51         ; 12      ; Clock enable                            ; no     ; --                   ; --               ; --                        ;
; Lab4_mm_interconnect_0:mm_interconnect_0|altera_merlin_traffic_limiter:niosv_freertos_instruction_manager_rd_limiter|pending_response_count[3]~0                                                                                                                                                                                                           ; MLABCELL_X21_Y6_N54        ; 4       ; Clock enable                            ; no     ; --                   ; --               ; --                        ;
; Lab4_mm_interconnect_0:mm_interconnect_0|altera_merlin_traffic_limiter:niosv_freertos_instruction_manager_rd_limiter|save_dest_id~1                                                                                                                                                                                                                        ; LABCELL_X19_Y7_N54         ; 5       ; Clock enable                            ; no     ; --                   ; --               ; --                        ;
; Lab4_mm_interconnect_0:mm_interconnect_0|altera_merlin_width_adapter:sdram_s1_cmd_width_adapter|address_reg~0                                                                                                                                                                                                                                              ; LABCELL_X24_Y3_N57         ; 35      ; Clock enable                            ; no     ; --                   ; --               ; --                        ;
; Lab4_mm_interconnect_0:mm_interconnect_0|altera_merlin_width_adapter:sdram_s1_cmd_width_adapter|use_reg                                                                                                                                                                                                                                                    ; FF_X21_Y7_N8               ; 59      ; Clock enable                            ; no     ; --                   ; --               ; --                        ;
; Lab4_mm_interconnect_0:mm_interconnect_0|altera_merlin_width_adapter:sdram_s1_rsp_width_adapter|always10~1                                                                                                                                                                                                                                                 ; LABCELL_X18_Y8_N54         ; 18      ; Sync. clear                             ; no     ; --                   ; --               ; --                        ;
; Lab4_mm_interconnect_0:mm_interconnect_0|altera_merlin_width_adapter:sdram_s1_rsp_width_adapter|always9~0                                                                                                                                                                                                                                                  ; LABCELL_X18_Y10_N27        ; 16      ; Clock enable                            ; no     ; --                   ; --               ; --                        ;
; altera_internal_jtag~TCKUTAP                                                                                                                                                                                                                                                                                                                               ; JTAG_X0_Y2_N3              ; 416     ; Clock                                   ; no     ; --                   ; --               ; --                        ;
; altera_internal_jtag~TMSUTAP                                                                                                                                                                                                                                                                                                                               ; JTAG_X0_Y2_N3              ; 26      ; Sync. clear                             ; no     ; --                   ; --               ; --                        ;
; altera_reset_controller:rst_controller|altera_reset_synchronizer:alt_rst_sync_uq1|altera_reset_synchronizer_int_chain_out                                                                                                                                                                                                                                  ; FF_X12_Y9_N2               ; 1111    ; Async. clear, Async. load, Clock enable ; no     ; --                   ; --               ; --                        ;
; sld_hub:auto_hub|alt_sld_fab_with_jtag_input:\instrumentation_fabric_with_node_gen:fabric_gen_new_way:with_jtag_input_gen:instrumentation_fabric|alt_sld_fab:instrumentation_fabric|alt_sld_fab_alt_sld_fab:alt_sld_fab|alt_sld_fab_alt_sld_fab_sldfabric:sldfabric|sld_jtag_hub:\jtag_hub_gen:real_sld_jtag_hub|clr_reg                                   ; FF_X3_Y1_N50               ; 67      ; Async. clear                            ; no     ; --                   ; --               ; --                        ;
; sld_hub:auto_hub|alt_sld_fab_with_jtag_input:\instrumentation_fabric_with_node_gen:fabric_gen_new_way:with_jtag_input_gen:instrumentation_fabric|alt_sld_fab:instrumentation_fabric|alt_sld_fab_alt_sld_fab:alt_sld_fab|alt_sld_fab_alt_sld_fab_sldfabric:sldfabric|sld_jtag_hub:\jtag_hub_gen:real_sld_jtag_hub|design_hash_reg[3]~5                      ; LABCELL_X1_Y2_N21          ; 4       ; Clock enable                            ; no     ; --                   ; --               ; --                        ;
; sld_hub:auto_hub|alt_sld_fab_with_jtag_input:\instrumentation_fabric_with_node_gen:fabric_gen_new_way:with_jtag_input_gen:instrumentation_fabric|alt_sld_fab:instrumentation_fabric|alt_sld_fab_alt_sld_fab:alt_sld_fab|alt_sld_fab_alt_sld_fab_sldfabric:sldfabric|sld_jtag_hub:\jtag_hub_gen:real_sld_jtag_hub|hub_info_reg_ena~0                        ; LABCELL_X1_Y2_N45          ; 4       ; Clock enable                            ; no     ; --                   ; --               ; --                        ;
; sld_hub:auto_hub|alt_sld_fab_with_jtag_input:\instrumentation_fabric_with_node_gen:fabric_gen_new_way:with_jtag_input_gen:instrumentation_fabric|alt_sld_fab:instrumentation_fabric|alt_sld_fab_alt_sld_fab:alt_sld_fab|alt_sld_fab_alt_sld_fab_sldfabric:sldfabric|sld_jtag_hub:\jtag_hub_gen:real_sld_jtag_hub|identity_contrib_shift_reg[0]~0           ; MLABCELL_X3_Y1_N9          ; 4       ; Clock enable                            ; no     ; --                   ; --               ; --                        ;
; sld_hub:auto_hub|alt_sld_fab_with_jtag_input:\instrumentation_fabric_with_node_gen:fabric_gen_new_way:with_jtag_input_gen:instrumentation_fabric|alt_sld_fab:instrumentation_fabric|alt_sld_fab_alt_sld_fab:alt_sld_fab|alt_sld_fab_alt_sld_fab_sldfabric:sldfabric|sld_jtag_hub:\jtag_hub_gen:real_sld_jtag_hub|irf_reg[2][0]~4                           ; MLABCELL_X3_Y2_N48         ; 5       ; Clock enable                            ; no     ; --                   ; --               ; --                        ;
; sld_hub:auto_hub|alt_sld_fab_with_jtag_input:\instrumentation_fabric_with_node_gen:fabric_gen_new_way:with_jtag_input_gen:instrumentation_fabric|alt_sld_fab:instrumentation_fabric|alt_sld_fab_alt_sld_fab:alt_sld_fab|alt_sld_fab_alt_sld_fab_sldfabric:sldfabric|sld_jtag_hub:\jtag_hub_gen:real_sld_jtag_hub|irsr_reg[2]~2                             ; LABCELL_X4_Y2_N57          ; 5       ; Clock enable                            ; no     ; --                   ; --               ; --                        ;
; sld_hub:auto_hub|alt_sld_fab_with_jtag_input:\instrumentation_fabric_with_node_gen:fabric_gen_new_way:with_jtag_input_gen:instrumentation_fabric|alt_sld_fab:instrumentation_fabric|alt_sld_fab_alt_sld_fab:alt_sld_fab|alt_sld_fab_alt_sld_fab_sldfabric:sldfabric|sld_jtag_hub:\jtag_hub_gen:real_sld_jtag_hub|mixer_addr_reg_internal[2]~1              ; LABCELL_X2_Y2_N27          ; 5       ; Clock enable                            ; no     ; --                   ; --               ; --                        ;
; sld_hub:auto_hub|alt_sld_fab_with_jtag_input:\instrumentation_fabric_with_node_gen:fabric_gen_new_way:with_jtag_input_gen:instrumentation_fabric|alt_sld_fab:instrumentation_fabric|alt_sld_fab_alt_sld_fab:alt_sld_fab|alt_sld_fab_alt_sld_fab_sldfabric:sldfabric|sld_jtag_hub:\jtag_hub_gen:real_sld_jtag_hub|node_ena~2                                ; MLABCELL_X3_Y1_N30         ; 2       ; Clock enable                            ; no     ; --                   ; --               ; --                        ;
; sld_hub:auto_hub|alt_sld_fab_with_jtag_input:\instrumentation_fabric_with_node_gen:fabric_gen_new_way:with_jtag_input_gen:instrumentation_fabric|alt_sld_fab:instrumentation_fabric|alt_sld_fab_alt_sld_fab:alt_sld_fab|alt_sld_fab_alt_sld_fab_sldfabric:sldfabric|sld_jtag_hub:\jtag_hub_gen:real_sld_jtag_hub|shadow_irf_reg[2][0]~6                    ; MLABCELL_X6_Y2_N51         ; 5       ; Clock enable                            ; no     ; --                   ; --               ; --                        ;
; sld_hub:auto_hub|alt_sld_fab_with_jtag_input:\instrumentation_fabric_with_node_gen:fabric_gen_new_way:with_jtag_input_gen:instrumentation_fabric|alt_sld_fab:instrumentation_fabric|alt_sld_fab_alt_sld_fab:alt_sld_fab|alt_sld_fab_alt_sld_fab_sldfabric:sldfabric|sld_jtag_hub:\jtag_hub_gen:real_sld_jtag_hub|sld_rom_sr:hub_info_reg|WORD_SR[1]~2      ; LABCELL_X1_Y3_N9           ; 4       ; Clock enable                            ; no     ; --                   ; --               ; --                        ;
; sld_hub:auto_hub|alt_sld_fab_with_jtag_input:\instrumentation_fabric_with_node_gen:fabric_gen_new_way:with_jtag_input_gen:instrumentation_fabric|alt_sld_fab:instrumentation_fabric|alt_sld_fab_alt_sld_fab:alt_sld_fab|alt_sld_fab_alt_sld_fab_sldfabric:sldfabric|sld_jtag_hub:\jtag_hub_gen:real_sld_jtag_hub|sld_rom_sr:hub_info_reg|word_counter[0]~1 ; LABCELL_X1_Y3_N18          ; 6       ; Clock enable                            ; no     ; --                   ; --               ; --                        ;
; sld_hub:auto_hub|alt_sld_fab_with_jtag_input:\instrumentation_fabric_with_node_gen:fabric_gen_new_way:with_jtag_input_gen:instrumentation_fabric|alt_sld_fab:instrumentation_fabric|alt_sld_fab_alt_sld_fab:alt_sld_fab|alt_sld_fab_alt_sld_fab_sldfabric:sldfabric|sld_jtag_hub:\jtag_hub_gen:real_sld_jtag_hub|sld_shadow_jsm:shadow_jsm|state[0]        ; FF_X3_Y1_N59               ; 16      ; Async. clear                            ; no     ; --                   ; --               ; --                        ;
; sld_hub:auto_hub|alt_sld_fab_with_jtag_input:\instrumentation_fabric_with_node_gen:fabric_gen_new_way:with_jtag_input_gen:instrumentation_fabric|alt_sld_fab:instrumentation_fabric|alt_sld_fab_alt_sld_fab:alt_sld_fab|alt_sld_fab_alt_sld_fab_sldfabric:sldfabric|sld_jtag_hub:\jtag_hub_gen:real_sld_jtag_hub|sld_shadow_jsm:shadow_jsm|state[11]       ; FF_X3_Y1_N35               ; 13      ; Clock enable                            ; no     ; --                   ; --               ; --                        ;
; sld_hub:auto_hub|alt_sld_fab_with_jtag_input:\instrumentation_fabric_with_node_gen:fabric_gen_new_way:with_jtag_input_gen:instrumentation_fabric|alt_sld_fab:instrumentation_fabric|alt_sld_fab_alt_sld_fab:alt_sld_fab|alt_sld_fab_alt_sld_fab_sldfabric:sldfabric|sld_jtag_hub:\jtag_hub_gen:real_sld_jtag_hub|sld_shadow_jsm:shadow_jsm|state[3]        ; FF_X6_Y2_N29               ; 40      ; Sync. load                              ; no     ; --                   ; --               ; --                        ;
; sld_hub:auto_hub|alt_sld_fab_with_jtag_input:\instrumentation_fabric_with_node_gen:fabric_gen_new_way:with_jtag_input_gen:instrumentation_fabric|alt_sld_fab:instrumentation_fabric|alt_sld_fab_alt_sld_fab:alt_sld_fab|alt_sld_fab_alt_sld_fab_sldfabric:sldfabric|sld_jtag_hub:\jtag_hub_gen:real_sld_jtag_hub|sld_shadow_jsm:shadow_jsm|state[4]        ; FF_X2_Y2_N44               ; 83      ; Sync. clear                             ; no     ; --                   ; --               ; --                        ;
; sld_hub:auto_hub|alt_sld_fab_with_jtag_input:\instrumentation_fabric_with_node_gen:fabric_gen_new_way:with_jtag_input_gen:instrumentation_fabric|alt_sld_fab:instrumentation_fabric|alt_sld_fab_alt_sld_fab:alt_sld_fab|alt_sld_fab_alt_sld_fab_sldfabric:sldfabric|sld_jtag_hub:\jtag_hub_gen:real_sld_jtag_hub|virtual_ir_dr_scan_proc~0                 ; MLABCELL_X3_Y1_N21         ; 3       ; Clock enable                            ; no     ; --                   ; --               ; --                        ;
; sld_hub:auto_hub|alt_sld_fab_with_jtag_input:\instrumentation_fabric_with_node_gen:fabric_gen_new_way:with_jtag_input_gen:instrumentation_fabric|alt_sld_fab:instrumentation_fabric|alt_sld_fab_alt_sld_fab:alt_sld_fab|alt_sld_fab_alt_sld_fab_sldfabric:sldfabric|sld_jtag_hub:\jtag_hub_gen:real_sld_jtag_hub|virtual_ir_scan_reg                       ; FF_X3_Y1_N2                ; 59      ; Async. clear                            ; no     ; --                   ; --               ; --                        ;
; sld_hub:auto_hub|alt_sld_fab_with_jtag_input:\instrumentation_fabric_with_node_gen:fabric_gen_new_way:with_jtag_input_gen:instrumentation_fabric|alt_sld_fab:instrumentation_fabric|alt_sld_fab_alt_sld_fab:alt_sld_fab|sldfabric_ident_writedata[0]~0                                                                                                     ; LABCELL_X1_Y1_N51          ; 4       ; Clock enable                            ; no     ; --                   ; --               ; --                        ;
+------------------------------------------------------------------------------------------------------------------------------------------------------------------------------------------------------------------------------------------------------------------------------------------------------------------------------------------------------------+----------------------------+---------+-----------------------------------------+--------+----------------------+------------------+---------------------------+


+----------------------------------------------------------------------------------------------------------------------------------------------------------------------------------------------------+
; Global & Other Fast Signals                                                                                                                                                                        ;
+---------------------------------------------------------------------------------------+----------------------------+---------+----------------------+------------------+---------------------------+
; Name                                                                                  ; Location                   ; Fan-Out ; Global Resource Used ; Global Line Name ; Enable Signal Source Name ;
+---------------------------------------------------------------------------------------+----------------------------+---------+----------------------+------------------+---------------------------+
; Lab4_CLOCKS:clocks|Lab4_CLOCKS_sys_pll:sys_pll|altera_pll:altera_pll_i|outclk_wire[0] ; PLLOUTPUTCOUNTER_X0_Y19_N1 ; 3247    ; Global Clock         ; GCLK5            ; --                        ;
; Lab4_CLOCKS:clocks|Lab4_CLOCKS_sys_pll:sys_pll|altera_pll:altera_pll_i|outclk_wire[1] ; PLLOUTPUTCOUNTER_X0_Y21_N1 ; 1       ; Global Clock         ; GCLK6            ; --                        ;
+---------------------------------------------------------------------------------------+----------------------------+---------+----------------------+------------------+---------------------------+


+-------------------------------------------------------------------------------------------------------------------------------------+
; Non-Global High Fan-Out Signals                                                                                                     ;
+---------------------------------------------------------------------------------------------------------------------------+---------+
; Name                                                                                                                      ; Fan-Out ;
+---------------------------------------------------------------------------------------------------------------------------+---------+
; altera_reset_controller:rst_controller|altera_reset_synchronizer:alt_rst_sync_uq1|altera_reset_synchronizer_int_chain_out ; 1111    ;
+---------------------------------------------------------------------------------------------------------------------------+---------+


+--------------------------------------------------------------------------------------------------------------------------------------------------------------------------------------------------------------------------------------------------------------------------------------------------------------------------------------------------------------------------------------------------------------------------------------------------------------------------------------------------------------------------------------------------------------------------------------------------------------------------------------------------------------------------------------------------------------------------------------------------------------------------------------------------------------------------------------------------------------+
; Fitter RAM Summary                                                                                                                                                                                                                                                                                                                                                                                                                                                                                                                                                                                                                                                                                                                                                                                                                                           ;
+--------------------------------------------------------------------------------------------------------------------------------------------------------------------------------------------------------------------------------------+------------+------------------+--------------+--------------+--------------+--------------+--------------+------------------------+-------------------------+------------------------+-------------------------+------+-----------------------------+-----------------------------+-----------------------------+-----------------------------+---------------------+-------------+-------+-----------------+------------------------------------------------------------+----------------------+-----------------+-----------------+----------+------------------------+---------------------------------------------+
; Name                                                                                                                                                                                                                                 ; Type       ; Mode             ; Clock Mode   ; Port A Depth ; Port A Width ; Port B Depth ; Port B Width ; Port A Input Registers ; Port A Output Registers ; Port B Input Registers ; Port B Output Registers ; Size ; Implementation Port A Depth ; Implementation Port A Width ; Implementation Port B Depth ; Implementation Port B Width ; Implementation Bits ; M10K blocks ; MLABs ; MIF             ; Location                                                   ; Mixed Width RDW Mode ; Port A RDW Mode ; Port B RDW Mode ; ECC Mode ; ECC Pipeline Registers ; Fits in MLABs                               ;
+--------------------------------------------------------------------------------------------------------------------------------------------------------------------------------------------------------------------------------------+------------+------------------+--------------+--------------+--------------+--------------+--------------+------------------------+-------------------------+------------------------+-------------------------+------+-----------------------------+-----------------------------+-----------------------------+-----------------------------+---------------------+-------------+-------+-----------------+------------------------------------------------------------+----------------------+-----------------+-----------------+----------+------------------------+---------------------------------------------+
; Lab4_DEBUG:debug|Lab4_DEBUG_scfifo_r:the_Lab4_DEBUG_scfifo_r|scfifo:rfifo|scfifo_3291:auto_generated|a_dpfifo_5771:dpfifo|altsyncram_7pu1:FIFOram|ALTSYNCRAM                                                                         ; AUTO       ; Simple Dual Port ; Single Clock ; 64           ; 8            ; 64           ; 8            ; yes                    ; no                      ; yes                    ; no                      ; 512  ; 64                          ; 8                           ; 64                          ; 8                           ; 512                 ; 1           ; 0     ; None            ; M10K_X14_Y5_N0                                             ; Don't care           ; New data        ; New data        ; Off      ; No                     ; No - Latch Type Behaviour                   ;
; Lab4_DEBUG:debug|Lab4_DEBUG_scfifo_w:the_Lab4_DEBUG_scfifo_w|scfifo:wfifo|scfifo_3291:auto_generated|a_dpfifo_5771:dpfifo|altsyncram_7pu1:FIFOram|ALTSYNCRAM                                                                         ; AUTO       ; Simple Dual Port ; Single Clock ; 64           ; 8            ; 64           ; 8            ; yes                    ; no                      ; yes                    ; yes                     ; 512  ; 64                          ; 8                           ; 64                          ; 8                           ; 512                 ; 1           ; 0     ; None            ; M10K_X5_Y4_N0                                              ; Don't care           ; New data        ; New data        ; Off      ; No                     ; No - Latch Type Behaviour                   ;
; Lab4_NIOSV_FreeRTOS:niosv_freertos|niosv_dm_top:dbg_mod|niosv_debug_module:dm_inst|niosv_ram:dbg_rom_inst|altsyncram:ram_no_ecc.data_ram|altsyncram_pds1:auto_generated|ALTDPRAM_INSTANCE                                            ; MLAB       ; Simple Dual Port ; Single Clock ; 42           ; 32           ; 42           ; 32           ; yes                    ; no                      ; no                     ; no                      ; 1344 ; 42                          ; 32                          ; 42                          ; 32                          ; 1344                ; 0           ; 4     ; ./debug_rom.mif ; LAB_X6_Y10_N0, LAB_X8_Y10_N0, LAB_X6_Y11_N0, LAB_X8_Y11_N0 ;                      ;                 ;                 ;          ;                        ;                                             ;
; Lab4_NIOSV_FreeRTOS:niosv_freertos|niosv_dm_top:dbg_mod|niosv_debug_module:dm_inst|niosv_ram:niosv_dm_csr_mem_inst|altsyncram:ram_no_ecc.data_ram|altsyncram_q9s1:auto_generated|ALTDPRAM_INSTANCE                                   ; MLAB       ; Simple Dual Port ; Single Clock ; 10           ; 32           ; 10           ; 32           ; yes                    ; no                      ; no                     ; no                      ; 320  ; 10                          ; 32                          ; 10                          ; 32                          ; 320                 ; 0           ; 2     ; ./csr_mlab.mif  ; LAB_X8_Y7_N0, LAB_X8_Y8_N0                                 ;                      ;                 ;                 ;          ;                        ;                                             ;
; Lab4_NIOSV_FreeRTOS:niosv_freertos|niosv_m_top:hart|niosv_m_core:m_core.niosv_m_full_inst|niosv_reg_file:reg_file_inst|niosv_ram:non_ecc_regfile.reg_file_a|altsyncram:ram_no_ecc.data_ram|altsyncram_v8v1:auto_generated|ALTSYNCRAM ; M10K block ; Simple Dual Port ; Single Clock ; 32           ; 32           ; 32           ; 32           ; yes                    ; no                      ; yes                    ; no                      ; 1024 ; 32                          ; 32                          ; 32                          ; 32                          ; 1024                ; 1           ; 0     ; None            ; M10K_X26_Y11_N0                                            ; Old data             ; New data        ; New data        ; Off      ; No                     ; No - Block Type Set to Block RAM            ;
; Lab4_NIOSV_FreeRTOS:niosv_freertos|niosv_m_top:hart|niosv_m_core:m_core.niosv_m_full_inst|niosv_reg_file:reg_file_inst|niosv_ram:non_ecc_regfile.reg_file_b|altsyncram:ram_no_ecc.data_ram|altsyncram_v8v1:auto_generated|ALTSYNCRAM ; M10K block ; Simple Dual Port ; Single Clock ; 32           ; 32           ; 32           ; 32           ; yes                    ; no                      ; yes                    ; no                      ; 1024 ; 32                          ; 32                          ; 32                          ; 32                          ; 1024                ; 1           ; 0     ; None            ; M10K_X26_Y10_N0                                            ; Old data             ; New data        ; New data        ; Off      ; No                     ; No - Block Type Set to Block RAM            ;
; Lab4_mm_interconnect_0:mm_interconnect_0|altera_avalon_sc_fifo:sdram_s1_agent_rdata_fifo|altsyncram:mem_rtl_0|altsyncram_40n1:auto_generated|ALTSYNCRAM                                                                              ; AUTO       ; Simple Dual Port ; Single Clock ; 8            ; 16           ; 8            ; 16           ; yes                    ; no                      ; yes                    ; yes                     ; 128  ; 8                           ; 16                          ; 8                           ; 16                          ; 128                 ; 1           ; 0     ; None            ; M10K_X14_Y8_N0                                             ; Old data             ; New data        ; New data        ; Off      ; No                     ; No - Unsupported Mixed Feed Through Setting ;
+--------------------------------------------------------------------------------------------------------------------------------------------------------------------------------------------------------------------------------------+------------+------------------+--------------+--------------+--------------+--------------+--------------+------------------------+-------------------------+------------------------+-------------------------+------+-----------------------------+-----------------------------+-----------------------------+-----------------------------+---------------------+-------------+-------+-----------------+------------------------------------------------------------+----------------------+-----------------+-----------------+----------+------------------------+---------------------------------------------+
Note: Fitter may spread logical memories into multiple blocks to improve timing. The actual required RAM blocks can be found in the Fitter Resource Usage section.


+-----------------------------------------------------------------------+
; Routing Usage Summary                                                 ;
+---------------------------------------------+-------------------------+
; Routing Resource Type                       ; Usage                   ;
+---------------------------------------------+-------------------------+
; Block interconnects                         ; 9,535 / 289,320 ( 3 % ) ;
; C12 interconnects                           ; 36 / 13,420 ( < 1 % )   ;
; C2 interconnects                            ; 2,929 / 119,108 ( 2 % ) ;
; C4 interconnects                            ; 1,635 / 56,300 ( 3 % )  ;
; DQS bus muxes                               ; 0 / 25 ( 0 % )          ;
; DQS-18 I/O buses                            ; 0 / 25 ( 0 % )          ;
; DQS-9 I/O buses                             ; 0 / 25 ( 0 % )          ;
; Direct links                                ; 829 / 289,320 ( < 1 % ) ;
; Global clocks                               ; 2 / 16 ( 13 % )         ;
; HPS SDRAM PLL inputs                        ; 0 / 1 ( 0 % )           ;
; HPS SDRAM PLL outputs                       ; 0 / 1 ( 0 % )           ;
; HPS_INTERFACE_BOOT_FROM_FPGA_INPUTs         ; 0 / 9 ( 0 % )           ;
; HPS_INTERFACE_CLOCKS_RESETS_INPUTs          ; 0 / 7 ( 0 % )           ;
; HPS_INTERFACE_CLOCKS_RESETS_OUTPUTs         ; 0 / 6 ( 0 % )           ;
; HPS_INTERFACE_CROSS_TRIGGER_INPUTs          ; 0 / 18 ( 0 % )          ;
; HPS_INTERFACE_CROSS_TRIGGER_OUTPUTs         ; 0 / 24 ( 0 % )          ;
; HPS_INTERFACE_DBG_APB_INPUTs                ; 0 / 37 ( 0 % )          ;
; HPS_INTERFACE_DBG_APB_OUTPUTs               ; 0 / 55 ( 0 % )          ;
; HPS_INTERFACE_DMA_INPUTs                    ; 0 / 16 ( 0 % )          ;
; HPS_INTERFACE_DMA_OUTPUTs                   ; 0 / 8 ( 0 % )           ;
; HPS_INTERFACE_FPGA2HPS_INPUTs               ; 0 / 287 ( 0 % )         ;
; HPS_INTERFACE_FPGA2HPS_OUTPUTs              ; 0 / 154 ( 0 % )         ;
; HPS_INTERFACE_FPGA2SDRAM_INPUTs             ; 0 / 852 ( 0 % )         ;
; HPS_INTERFACE_FPGA2SDRAM_OUTPUTs            ; 0 / 408 ( 0 % )         ;
; HPS_INTERFACE_HPS2FPGA_INPUTs               ; 0 / 165 ( 0 % )         ;
; HPS_INTERFACE_HPS2FPGA_LIGHT_WEIGHT_INPUTs  ; 0 / 67 ( 0 % )          ;
; HPS_INTERFACE_HPS2FPGA_LIGHT_WEIGHT_OUTPUTs ; 0 / 156 ( 0 % )         ;
; HPS_INTERFACE_HPS2FPGA_OUTPUTs              ; 0 / 282 ( 0 % )         ;
; HPS_INTERFACE_INTERRUPTS_INPUTs             ; 0 / 64 ( 0 % )          ;
; HPS_INTERFACE_INTERRUPTS_OUTPUTs            ; 0 / 42 ( 0 % )          ;
; HPS_INTERFACE_JTAG_OUTPUTs                  ; 0 / 5 ( 0 % )           ;
; HPS_INTERFACE_LOAN_IO_INPUTs                ; 0 / 142 ( 0 % )         ;
; HPS_INTERFACE_LOAN_IO_OUTPUTs               ; 0 / 85 ( 0 % )          ;
; HPS_INTERFACE_MPU_EVENT_STANDBY_INPUTs      ; 0 / 1 ( 0 % )           ;
; HPS_INTERFACE_MPU_EVENT_STANDBY_OUTPUTs     ; 0 / 5 ( 0 % )           ;
; HPS_INTERFACE_MPU_GENERAL_PURPOSE_INPUTs    ; 0 / 32 ( 0 % )          ;
; HPS_INTERFACE_MPU_GENERAL_PURPOSE_OUTPUTs   ; 0 / 32 ( 0 % )          ;
; HPS_INTERFACE_PERIPHERAL_CAN_INPUTs         ; 0 / 2 ( 0 % )           ;
; HPS_INTERFACE_PERIPHERAL_CAN_OUTPUTs        ; 0 / 2 ( 0 % )           ;
; HPS_INTERFACE_PERIPHERAL_EMAC_INPUTs        ; 0 / 32 ( 0 % )          ;
; HPS_INTERFACE_PERIPHERAL_EMAC_OUTPUTs       ; 0 / 34 ( 0 % )          ;
; HPS_INTERFACE_PERIPHERAL_I2C_INPUTs         ; 0 / 8 ( 0 % )           ;
; HPS_INTERFACE_PERIPHERAL_I2C_OUTPUTs        ; 0 / 8 ( 0 % )           ;
; HPS_INTERFACE_PERIPHERAL_NAND_INPUTs        ; 0 / 12 ( 0 % )          ;
; HPS_INTERFACE_PERIPHERAL_NAND_OUTPUTs       ; 0 / 18 ( 0 % )          ;
; HPS_INTERFACE_PERIPHERAL_QSPI_INPUTs        ; 0 / 4 ( 0 % )           ;
; HPS_INTERFACE_PERIPHERAL_QSPI_OUTPUTs       ; 0 / 13 ( 0 % )          ;
; HPS_INTERFACE_PERIPHERAL_SDMMC_INPUTs       ; 0 / 13 ( 0 % )          ;
; HPS_INTERFACE_PERIPHERAL_SDMMC_OUTPUTs      ; 0 / 22 ( 0 % )          ;
; HPS_INTERFACE_PERIPHERAL_SPI_MASTER_INPUTs  ; 0 / 4 ( 0 % )           ;
; HPS_INTERFACE_PERIPHERAL_SPI_MASTER_OUTPUTs ; 0 / 14 ( 0 % )          ;
; HPS_INTERFACE_PERIPHERAL_SPI_SLAVE_INPUTs   ; 0 / 6 ( 0 % )           ;
; HPS_INTERFACE_PERIPHERAL_SPI_SLAVE_OUTPUTs  ; 0 / 4 ( 0 % )           ;
; HPS_INTERFACE_PERIPHERAL_UART_INPUTs        ; 0 / 10 ( 0 % )          ;
; HPS_INTERFACE_PERIPHERAL_UART_OUTPUTs       ; 0 / 10 ( 0 % )          ;
; HPS_INTERFACE_PERIPHERAL_USB_INPUTs         ; 0 / 22 ( 0 % )          ;
; HPS_INTERFACE_PERIPHERAL_USB_OUTPUTs        ; 0 / 34 ( 0 % )          ;
; HPS_INTERFACE_STM_EVENT_INPUTs              ; 0 / 28 ( 0 % )          ;
; HPS_INTERFACE_TEST_INPUTs                   ; 0 / 610 ( 0 % )         ;
; HPS_INTERFACE_TEST_OUTPUTs                  ; 0 / 513 ( 0 % )         ;
; HPS_INTERFACE_TPIU_TRACE_INPUTs             ; 0 / 2 ( 0 % )           ;
; HPS_INTERFACE_TPIU_TRACE_OUTPUTs            ; 0 / 33 ( 0 % )          ;
; Horizontal periphery clocks                 ; 0 / 72 ( 0 % )          ;
; Local interconnects                         ; 1,908 / 84,580 ( 2 % )  ;
; Quadrant clocks                             ; 0 / 66 ( 0 % )          ;
; R14 interconnects                           ; 219 / 12,676 ( 2 % )    ;
; R14/C12 interconnect drivers                ; 230 / 20,720 ( 1 % )    ;
; R3 interconnects                            ; 3,867 / 130,992 ( 3 % ) ;
; R6 interconnects                            ; 6,176 / 266,960 ( 2 % ) ;
; Spine clocks                                ; 4 / 360 ( 1 % )         ;
; Wire stub REs                               ; 0 / 15,858 ( 0 % )      ;
+---------------------------------------------+-------------------------+


+------------------------------------------+
; I/O Rules Summary                        ;
+----------------------------------+-------+
; I/O Rules Statistic              ; Total ;
+----------------------------------+-------+
; Total I/O Rules                  ; 28    ;
; Number of I/O Rules Passed       ; 7     ;
; Number of I/O Rules Failed       ; 0     ;
; Number of I/O Rules Unchecked    ; 0     ;
; Number of I/O Rules Inapplicable ; 21    ;
+----------------------------------+-------+


+--------------------------------------------------------------------------------------------------------------------------------------------------------------------------------------------------------------------------------------------------------------------+
; I/O Rules Details                                                                                                                                                                                                                                                  ;
+--------------+-----------+-----------------------------------+------------------------------------------------------------------------------------+----------+--------------------------------------------------------------------------+------+-------------------+
; Status       ; ID        ; Category                          ; Rule Description                                                                   ; Severity ; Information                                                              ; Area ; Extra Information ;
+--------------+-----------+-----------------------------------+------------------------------------------------------------------------------------+----------+--------------------------------------------------------------------------+------+-------------------+
; Pass         ; IO_000002 ; Capacity Checks                   ; Number of clocks in an I/O bank should not exceed the number of clocks available.  ; Critical ; 0 such failures found.                                                   ; I/O  ;                   ;
; Pass         ; IO_000001 ; Capacity Checks                   ; Number of pins in an I/O bank should not exceed the number of locations available. ; Critical ; 0 such failures found.                                                   ; I/O  ;                   ;
; Pass         ; IO_000003 ; Capacity Checks                   ; Number of pins in a Vrefgroup should not exceed the number of locations available. ; Critical ; 0 such failures found.                                                   ; I/O  ;                   ;
; Inapplicable ; IO_000004 ; Voltage Compatibility Checks      ; The I/O bank should support the requested VCCIO.                                   ; Critical ; No IOBANK_VCCIO assignments found.                                       ; I/O  ;                   ;
; Inapplicable ; IO_000005 ; Voltage Compatibility Checks      ; The I/O bank should not have competing VREF values.                                ; Critical ; No VREF I/O Standard assignments found.                                  ; I/O  ;                   ;
; Pass         ; IO_000006 ; Voltage Compatibility Checks      ; The I/O bank should not have competing VCCIO values.                               ; Critical ; 0 such failures found.                                                   ; I/O  ;                   ;
; Pass         ; IO_000007 ; Valid Location Checks             ; Checks for unavailable locations.                                                  ; Critical ; 0 such failures found.                                                   ; I/O  ;                   ;
; Inapplicable ; IO_000008 ; Valid Location Checks             ; Checks for reserved locations.                                                     ; Critical ; No reserved LogicLock region found.                                      ; I/O  ;                   ;
; Inapplicable ; IO_000047 ; I/O Properties Checks for One I/O ; On Chip Termination and Slew Rate should not be used at the same time.             ; Critical ; No Slew Rate assignments found.                                          ; I/O  ;                   ;
; Inapplicable ; IO_000046 ; I/O Properties Checks for One I/O ; The location should support the requested Slew Rate value.                         ; Critical ; No Slew Rate assignments found.                                          ; I/O  ;                   ;
; Inapplicable ; IO_000045 ; I/O Properties Checks for One I/O ; The I/O standard should support the requested Slew Rate value.                     ; Critical ; No Slew Rate assignments found.                                          ; I/O  ;                   ;
; Inapplicable ; IO_000027 ; I/O Properties Checks for One I/O ; Weak Pull Up and Bus Hold should not be used at the same time.                     ; Critical ; No Enable Bus-Hold Circuitry or Weak Pull-Up Resistor assignments found. ; I/O  ;                   ;
; Inapplicable ; IO_000026 ; I/O Properties Checks for One I/O ; On Chip Termination and Current Strength should not be used at the same time.      ; Critical ; No Current Strength or Termination assignments found.                    ; I/O  ;                   ;
; Inapplicable ; IO_000024 ; I/O Properties Checks for One I/O ; The I/O direction should support the On Chip Termination value.                    ; Critical ; No Termination assignments found.                                        ; I/O  ;                   ;
; Inapplicable ; IO_000023 ; I/O Properties Checks for One I/O ; The I/O standard should support the Open Drain value.                              ; Critical ; No open drain assignments found.                                         ; I/O  ;                   ;
; Inapplicable ; IO_000022 ; I/O Properties Checks for One I/O ; The I/O standard should support the requested Bus Hold value.                      ; Critical ; No Enable Bus-Hold Circuitry assignments found.                          ; I/O  ;                   ;
; Inapplicable ; IO_000021 ; I/O Properties Checks for One I/O ; The I/O standard should support the requested Weak Pull Up value.                  ; Critical ; No Weak Pull-Up Resistor assignments found.                              ; I/O  ;                   ;
; Inapplicable ; IO_000020 ; I/O Properties Checks for One I/O ; The I/O standard should support the requested PCI Clamp Diode.                     ; Critical ; No Clamping Diode assignments found.                                     ; I/O  ;                   ;
; Inapplicable ; IO_000019 ; I/O Properties Checks for One I/O ; The I/O standard should support the requested On Chip Termination value.           ; Critical ; No Termination assignments found.                                        ; I/O  ;                   ;
; Inapplicable ; IO_000018 ; I/O Properties Checks for One I/O ; The I/O standard should support the requested Current Strength.                    ; Critical ; No Current Strength assignments found.                                   ; I/O  ;                   ;
; Inapplicable ; IO_000015 ; I/O Properties Checks for One I/O ; The location should support the requested PCI Clamp Diode.                         ; Critical ; No Clamping Diode assignments found.                                     ; I/O  ;                   ;
; Inapplicable ; IO_000014 ; I/O Properties Checks for One I/O ; The location should support the requested Weak Pull Up value.                      ; Critical ; No Weak Pull-Up Resistor assignments found.                              ; I/O  ;                   ;
; Inapplicable ; IO_000013 ; I/O Properties Checks for One I/O ; The location should support the requested Bus Hold value.                          ; Critical ; No Enable Bus-Hold Circuitry assignments found.                          ; I/O  ;                   ;
; Inapplicable ; IO_000012 ; I/O Properties Checks for One I/O ; The location should support the requested On Chip Termination value.               ; Critical ; No Termination assignments found.                                        ; I/O  ;                   ;
; Inapplicable ; IO_000011 ; I/O Properties Checks for One I/O ; The location should support the requested Current Strength.                        ; Critical ; No Current Strength assignments found.                                   ; I/O  ;                   ;
; Pass         ; IO_000010 ; I/O Properties Checks for One I/O ; The location should support the requested I/O direction.                           ; Critical ; 0 such failures found.                                                   ; I/O  ;                   ;
; Pass         ; IO_000009 ; I/O Properties Checks for One I/O ; The location should support the requested I/O standard.                            ; Critical ; 0 such failures found.                                                   ; I/O  ;                   ;
; Inapplicable ; IO_000034 ; SI Related Distance Checks        ; Single-ended outputs should be 0 LAB row(s) away from a differential I/O.          ; High     ; No Differential I/O Standard assignments found.                          ; I/O  ;                   ;
+--------------+-----------+-----------------------------------+------------------------------------------------------------------------------------+----------+--------------------------------------------------------------------------+------+-------------------+


+------------------------------------------------------------------------------------------------------------------------------------------------------------------------------------------------------------------------------------------------------------------------------------------------------------------------------------------------------------------------------------------------------------------------------------------------+
; I/O Rules Matrix                                                                                                                                                                                                                                                                                                                                                                                                                               ;
+---------------------+--------------+--------------+--------------+--------------+--------------+-----------+--------------+--------------+--------------+--------------+--------------+--------------+--------------+--------------+--------------+--------------+--------------+--------------+--------------+--------------+--------------+--------------+--------------+--------------+--------------+-----------+-----------+--------------+
; Pin/Rules           ; IO_000002    ; IO_000001    ; IO_000003    ; IO_000004    ; IO_000005    ; IO_000006 ; IO_000007    ; IO_000008    ; IO_000047    ; IO_000046    ; IO_000045    ; IO_000027    ; IO_000026    ; IO_000024    ; IO_000023    ; IO_000022    ; IO_000021    ; IO_000020    ; IO_000019    ; IO_000018    ; IO_000015    ; IO_000014    ; IO_000013    ; IO_000012    ; IO_000011    ; IO_000010 ; IO_000009 ; IO_000034    ;
+---------------------+--------------+--------------+--------------+--------------+--------------+-----------+--------------+--------------+--------------+--------------+--------------+--------------+--------------+--------------+--------------+--------------+--------------+--------------+--------------+--------------+--------------+--------------+--------------+--------------+--------------+-----------+-----------+--------------+
; Total Pass          ; 37           ; 54           ; 54           ; 0            ; 0            ; 58        ; 54           ; 0            ; 0            ; 0            ; 0            ; 0            ; 0            ; 0            ; 0            ; 0            ; 0            ; 0            ; 0            ; 0            ; 0            ; 0            ; 0            ; 0            ; 0            ; 58        ; 58        ; 0            ;
; Total Unchecked     ; 0            ; 0            ; 0            ; 0            ; 0            ; 0         ; 0            ; 0            ; 0            ; 0            ; 0            ; 0            ; 0            ; 0            ; 0            ; 0            ; 0            ; 0            ; 0            ; 0            ; 0            ; 0            ; 0            ; 0            ; 0            ; 0         ; 0         ; 0            ;
; Total Inapplicable  ; 21           ; 4            ; 4            ; 58           ; 58           ; 0         ; 4            ; 58           ; 58           ; 58           ; 58           ; 58           ; 58           ; 58           ; 58           ; 58           ; 58           ; 58           ; 58           ; 58           ; 58           ; 58           ; 58           ; 58           ; 58           ; 0         ; 0         ; 58           ;
; Total Fail          ; 0            ; 0            ; 0            ; 0            ; 0            ; 0         ; 0            ; 0            ; 0            ; 0            ; 0            ; 0            ; 0            ; 0            ; 0            ; 0            ; 0            ; 0            ; 0            ; 0            ; 0            ; 0            ; 0            ; 0            ; 0            ; 0         ; 0         ; 0            ;
; leds_export[0]      ; Inapplicable ; Pass         ; Pass         ; Inapplicable ; Inapplicable ; Pass      ; Pass         ; Inapplicable ; Inapplicable ; Inapplicable ; Inapplicable ; Inapplicable ; Inapplicable ; Inapplicable ; Inapplicable ; Inapplicable ; Inapplicable ; Inapplicable ; Inapplicable ; Inapplicable ; Inapplicable ; Inapplicable ; Inapplicable ; Inapplicable ; Inapplicable ; Pass      ; Pass      ; Inapplicable ;
; leds_export[1]      ; Inapplicable ; Pass         ; Pass         ; Inapplicable ; Inapplicable ; Pass      ; Pass         ; Inapplicable ; Inapplicable ; Inapplicable ; Inapplicable ; Inapplicable ; Inapplicable ; Inapplicable ; Inapplicable ; Inapplicable ; Inapplicable ; Inapplicable ; Inapplicable ; Inapplicable ; Inapplicable ; Inapplicable ; Inapplicable ; Inapplicable ; Inapplicable ; Pass      ; Pass      ; Inapplicable ;
; leds_export[2]      ; Inapplicable ; Pass         ; Pass         ; Inapplicable ; Inapplicable ; Pass      ; Pass         ; Inapplicable ; Inapplicable ; Inapplicable ; Inapplicable ; Inapplicable ; Inapplicable ; Inapplicable ; Inapplicable ; Inapplicable ; Inapplicable ; Inapplicable ; Inapplicable ; Inapplicable ; Inapplicable ; Inapplicable ; Inapplicable ; Inapplicable ; Inapplicable ; Pass      ; Pass      ; Inapplicable ;
; leds_export[3]      ; Inapplicable ; Pass         ; Pass         ; Inapplicable ; Inapplicable ; Pass      ; Pass         ; Inapplicable ; Inapplicable ; Inapplicable ; Inapplicable ; Inapplicable ; Inapplicable ; Inapplicable ; Inapplicable ; Inapplicable ; Inapplicable ; Inapplicable ; Inapplicable ; Inapplicable ; Inapplicable ; Inapplicable ; Inapplicable ; Inapplicable ; Inapplicable ; Pass      ; Pass      ; Inapplicable ;
; leds_export[4]      ; Inapplicable ; Pass         ; Pass         ; Inapplicable ; Inapplicable ; Pass      ; Pass         ; Inapplicable ; Inapplicable ; Inapplicable ; Inapplicable ; Inapplicable ; Inapplicable ; Inapplicable ; Inapplicable ; Inapplicable ; Inapplicable ; Inapplicable ; Inapplicable ; Inapplicable ; Inapplicable ; Inapplicable ; Inapplicable ; Inapplicable ; Inapplicable ; Pass      ; Pass      ; Inapplicable ;
; leds_export[5]      ; Inapplicable ; Pass         ; Pass         ; Inapplicable ; Inapplicable ; Pass      ; Pass         ; Inapplicable ; Inapplicable ; Inapplicable ; Inapplicable ; Inapplicable ; Inapplicable ; Inapplicable ; Inapplicable ; Inapplicable ; Inapplicable ; Inapplicable ; Inapplicable ; Inapplicable ; Inapplicable ; Inapplicable ; Inapplicable ; Inapplicable ; Inapplicable ; Pass      ; Pass      ; Inapplicable ;
; leds_export[6]      ; Inapplicable ; Pass         ; Pass         ; Inapplicable ; Inapplicable ; Pass      ; Pass         ; Inapplicable ; Inapplicable ; Inapplicable ; Inapplicable ; Inapplicable ; Inapplicable ; Inapplicable ; Inapplicable ; Inapplicable ; Inapplicable ; Inapplicable ; Inapplicable ; Inapplicable ; Inapplicable ; Inapplicable ; Inapplicable ; Inapplicable ; Inapplicable ; Pass      ; Pass      ; Inapplicable ;
; leds_export[7]      ; Inapplicable ; Pass         ; Pass         ; Inapplicable ; Inapplicable ; Pass      ; Pass         ; Inapplicable ; Inapplicable ; Inapplicable ; Inapplicable ; Inapplicable ; Inapplicable ; Inapplicable ; Inapplicable ; Inapplicable ; Inapplicable ; Inapplicable ; Inapplicable ; Inapplicable ; Inapplicable ; Inapplicable ; Inapplicable ; Inapplicable ; Inapplicable ; Pass      ; Pass      ; Inapplicable ;
; leds_export[8]      ; Inapplicable ; Pass         ; Pass         ; Inapplicable ; Inapplicable ; Pass      ; Pass         ; Inapplicable ; Inapplicable ; Inapplicable ; Inapplicable ; Inapplicable ; Inapplicable ; Inapplicable ; Inapplicable ; Inapplicable ; Inapplicable ; Inapplicable ; Inapplicable ; Inapplicable ; Inapplicable ; Inapplicable ; Inapplicable ; Inapplicable ; Inapplicable ; Pass      ; Pass      ; Inapplicable ;
; leds_export[9]      ; Inapplicable ; Pass         ; Pass         ; Inapplicable ; Inapplicable ; Pass      ; Pass         ; Inapplicable ; Inapplicable ; Inapplicable ; Inapplicable ; Inapplicable ; Inapplicable ; Inapplicable ; Inapplicable ; Inapplicable ; Inapplicable ; Inapplicable ; Inapplicable ; Inapplicable ; Inapplicable ; Inapplicable ; Inapplicable ; Inapplicable ; Inapplicable ; Pass      ; Pass      ; Inapplicable ;
; sdram_clk_clk       ; Inapplicable ; Pass         ; Pass         ; Inapplicable ; Inapplicable ; Pass      ; Pass         ; Inapplicable ; Inapplicable ; Inapplicable ; Inapplicable ; Inapplicable ; Inapplicable ; Inapplicable ; Inapplicable ; Inapplicable ; Inapplicable ; Inapplicable ; Inapplicable ; Inapplicable ; Inapplicable ; Inapplicable ; Inapplicable ; Inapplicable ; Inapplicable ; Pass      ; Pass      ; Inapplicable ;
; sdram_wire_addr[0]  ; Pass         ; Pass         ; Pass         ; Inapplicable ; Inapplicable ; Pass      ; Pass         ; Inapplicable ; Inapplicable ; Inapplicable ; Inapplicable ; Inapplicable ; Inapplicable ; Inapplicable ; Inapplicable ; Inapplicable ; Inapplicable ; Inapplicable ; Inapplicable ; Inapplicable ; Inapplicable ; Inapplicable ; Inapplicable ; Inapplicable ; Inapplicable ; Pass      ; Pass      ; Inapplicable ;
; sdram_wire_addr[1]  ; Pass         ; Pass         ; Pass         ; Inapplicable ; Inapplicable ; Pass      ; Pass         ; Inapplicable ; Inapplicable ; Inapplicable ; Inapplicable ; Inapplicable ; Inapplicable ; Inapplicable ; Inapplicable ; Inapplicable ; Inapplicable ; Inapplicable ; Inapplicable ; Inapplicable ; Inapplicable ; Inapplicable ; Inapplicable ; Inapplicable ; Inapplicable ; Pass      ; Pass      ; Inapplicable ;
; sdram_wire_addr[2]  ; Pass         ; Pass         ; Pass         ; Inapplicable ; Inapplicable ; Pass      ; Pass         ; Inapplicable ; Inapplicable ; Inapplicable ; Inapplicable ; Inapplicable ; Inapplicable ; Inapplicable ; Inapplicable ; Inapplicable ; Inapplicable ; Inapplicable ; Inapplicable ; Inapplicable ; Inapplicable ; Inapplicable ; Inapplicable ; Inapplicable ; Inapplicable ; Pass      ; Pass      ; Inapplicable ;
; sdram_wire_addr[3]  ; Pass         ; Pass         ; Pass         ; Inapplicable ; Inapplicable ; Pass      ; Pass         ; Inapplicable ; Inapplicable ; Inapplicable ; Inapplicable ; Inapplicable ; Inapplicable ; Inapplicable ; Inapplicable ; Inapplicable ; Inapplicable ; Inapplicable ; Inapplicable ; Inapplicable ; Inapplicable ; Inapplicable ; Inapplicable ; Inapplicable ; Inapplicable ; Pass      ; Pass      ; Inapplicable ;
; sdram_wire_addr[4]  ; Pass         ; Pass         ; Pass         ; Inapplicable ; Inapplicable ; Pass      ; Pass         ; Inapplicable ; Inapplicable ; Inapplicable ; Inapplicable ; Inapplicable ; Inapplicable ; Inapplicable ; Inapplicable ; Inapplicable ; Inapplicable ; Inapplicable ; Inapplicable ; Inapplicable ; Inapplicable ; Inapplicable ; Inapplicable ; Inapplicable ; Inapplicable ; Pass      ; Pass      ; Inapplicable ;
; sdram_wire_addr[5]  ; Pass         ; Pass         ; Pass         ; Inapplicable ; Inapplicable ; Pass      ; Pass         ; Inapplicable ; Inapplicable ; Inapplicable ; Inapplicable ; Inapplicable ; Inapplicable ; Inapplicable ; Inapplicable ; Inapplicable ; Inapplicable ; Inapplicable ; Inapplicable ; Inapplicable ; Inapplicable ; Inapplicable ; Inapplicable ; Inapplicable ; Inapplicable ; Pass      ; Pass      ; Inapplicable ;
; sdram_wire_addr[6]  ; Pass         ; Pass         ; Pass         ; Inapplicable ; Inapplicable ; Pass      ; Pass         ; Inapplicable ; Inapplicable ; Inapplicable ; Inapplicable ; Inapplicable ; Inapplicable ; Inapplicable ; Inapplicable ; Inapplicable ; Inapplicable ; Inapplicable ; Inapplicable ; Inapplicable ; Inapplicable ; Inapplicable ; Inapplicable ; Inapplicable ; Inapplicable ; Pass      ; Pass      ; Inapplicable ;
; sdram_wire_addr[7]  ; Pass         ; Pass         ; Pass         ; Inapplicable ; Inapplicable ; Pass      ; Pass         ; Inapplicable ; Inapplicable ; Inapplicable ; Inapplicable ; Inapplicable ; Inapplicable ; Inapplicable ; Inapplicable ; Inapplicable ; Inapplicable ; Inapplicable ; Inapplicable ; Inapplicable ; Inapplicable ; Inapplicable ; Inapplicable ; Inapplicable ; Inapplicable ; Pass      ; Pass      ; Inapplicable ;
; sdram_wire_addr[8]  ; Pass         ; Pass         ; Pass         ; Inapplicable ; Inapplicable ; Pass      ; Pass         ; Inapplicable ; Inapplicable ; Inapplicable ; Inapplicable ; Inapplicable ; Inapplicable ; Inapplicable ; Inapplicable ; Inapplicable ; Inapplicable ; Inapplicable ; Inapplicable ; Inapplicable ; Inapplicable ; Inapplicable ; Inapplicable ; Inapplicable ; Inapplicable ; Pass      ; Pass      ; Inapplicable ;
; sdram_wire_addr[9]  ; Pass         ; Pass         ; Pass         ; Inapplicable ; Inapplicable ; Pass      ; Pass         ; Inapplicable ; Inapplicable ; Inapplicable ; Inapplicable ; Inapplicable ; Inapplicable ; Inapplicable ; Inapplicable ; Inapplicable ; Inapplicable ; Inapplicable ; Inapplicable ; Inapplicable ; Inapplicable ; Inapplicable ; Inapplicable ; Inapplicable ; Inapplicable ; Pass      ; Pass      ; Inapplicable ;
; sdram_wire_addr[10] ; Pass         ; Pass         ; Pass         ; Inapplicable ; Inapplicable ; Pass      ; Pass         ; Inapplicable ; Inapplicable ; Inapplicable ; Inapplicable ; Inapplicable ; Inapplicable ; Inapplicable ; Inapplicable ; Inapplicable ; Inapplicable ; Inapplicable ; Inapplicable ; Inapplicable ; Inapplicable ; Inapplicable ; Inapplicable ; Inapplicable ; Inapplicable ; Pass      ; Pass      ; Inapplicable ;
; sdram_wire_addr[11] ; Pass         ; Pass         ; Pass         ; Inapplicable ; Inapplicable ; Pass      ; Pass         ; Inapplicable ; Inapplicable ; Inapplicable ; Inapplicable ; Inapplicable ; Inapplicable ; Inapplicable ; Inapplicable ; Inapplicable ; Inapplicable ; Inapplicable ; Inapplicable ; Inapplicable ; Inapplicable ; Inapplicable ; Inapplicable ; Inapplicable ; Inapplicable ; Pass      ; Pass      ; Inapplicable ;
; sdram_wire_addr[12] ; Pass         ; Pass         ; Pass         ; Inapplicable ; Inapplicable ; Pass      ; Pass         ; Inapplicable ; Inapplicable ; Inapplicable ; Inapplicable ; Inapplicable ; Inapplicable ; Inapplicable ; Inapplicable ; Inapplicable ; Inapplicable ; Inapplicable ; Inapplicable ; Inapplicable ; Inapplicable ; Inapplicable ; Inapplicable ; Inapplicable ; Inapplicable ; Pass      ; Pass      ; Inapplicable ;
; sdram_wire_ba[0]    ; Pass         ; Pass         ; Pass         ; Inapplicable ; Inapplicable ; Pass      ; Pass         ; Inapplicable ; Inapplicable ; Inapplicable ; Inapplicable ; Inapplicable ; Inapplicable ; Inapplicable ; Inapplicable ; Inapplicable ; Inapplicable ; Inapplicable ; Inapplicable ; Inapplicable ; Inapplicable ; Inapplicable ; Inapplicable ; Inapplicable ; Inapplicable ; Pass      ; Pass      ; Inapplicable ;
; sdram_wire_ba[1]    ; Pass         ; Pass         ; Pass         ; Inapplicable ; Inapplicable ; Pass      ; Pass         ; Inapplicable ; Inapplicable ; Inapplicable ; Inapplicable ; Inapplicable ; Inapplicable ; Inapplicable ; Inapplicable ; Inapplicable ; Inapplicable ; Inapplicable ; Inapplicable ; Inapplicable ; Inapplicable ; Inapplicable ; Inapplicable ; Inapplicable ; Inapplicable ; Pass      ; Pass      ; Inapplicable ;
; sdram_wire_cas_n    ; Pass         ; Pass         ; Pass         ; Inapplicable ; Inapplicable ; Pass      ; Pass         ; Inapplicable ; Inapplicable ; Inapplicable ; Inapplicable ; Inapplicable ; Inapplicable ; Inapplicable ; Inapplicable ; Inapplicable ; Inapplicable ; Inapplicable ; Inapplicable ; Inapplicable ; Inapplicable ; Inapplicable ; Inapplicable ; Inapplicable ; Inapplicable ; Pass      ; Pass      ; Inapplicable ;
; sdram_wire_cke      ; Inapplicable ; Pass         ; Pass         ; Inapplicable ; Inapplicable ; Pass      ; Pass         ; Inapplicable ; Inapplicable ; Inapplicable ; Inapplicable ; Inapplicable ; Inapplicable ; Inapplicable ; Inapplicable ; Inapplicable ; Inapplicable ; Inapplicable ; Inapplicable ; Inapplicable ; Inapplicable ; Inapplicable ; Inapplicable ; Inapplicable ; Inapplicable ; Pass      ; Pass      ; Inapplicable ;
; sdram_wire_cs_n     ; Pass         ; Pass         ; Pass         ; Inapplicable ; Inapplicable ; Pass      ; Pass         ; Inapplicable ; Inapplicable ; Inapplicable ; Inapplicable ; Inapplicable ; Inapplicable ; Inapplicable ; Inapplicable ; Inapplicable ; Inapplicable ; Inapplicable ; Inapplicable ; Inapplicable ; Inapplicable ; Inapplicable ; Inapplicable ; Inapplicable ; Inapplicable ; Pass      ; Pass      ; Inapplicable ;
; sdram_wire_dqm[0]   ; Pass         ; Pass         ; Pass         ; Inapplicable ; Inapplicable ; Pass      ; Pass         ; Inapplicable ; Inapplicable ; Inapplicable ; Inapplicable ; Inapplicable ; Inapplicable ; Inapplicable ; Inapplicable ; Inapplicable ; Inapplicable ; Inapplicable ; Inapplicable ; Inapplicable ; Inapplicable ; Inapplicable ; Inapplicable ; Inapplicable ; Inapplicable ; Pass      ; Pass      ; Inapplicable ;
; sdram_wire_dqm[1]   ; Pass         ; Pass         ; Pass         ; Inapplicable ; Inapplicable ; Pass      ; Pass         ; Inapplicable ; Inapplicable ; Inapplicable ; Inapplicable ; Inapplicable ; Inapplicable ; Inapplicable ; Inapplicable ; Inapplicable ; Inapplicable ; Inapplicable ; Inapplicable ; Inapplicable ; Inapplicable ; Inapplicable ; Inapplicable ; Inapplicable ; Inapplicable ; Pass      ; Pass      ; Inapplicable ;
; sdram_wire_ras_n    ; Pass         ; Pass         ; Pass         ; Inapplicable ; Inapplicable ; Pass      ; Pass         ; Inapplicable ; Inapplicable ; Inapplicable ; Inapplicable ; Inapplicable ; Inapplicable ; Inapplicable ; Inapplicable ; Inapplicable ; Inapplicable ; Inapplicable ; Inapplicable ; Inapplicable ; Inapplicable ; Inapplicable ; Inapplicable ; Inapplicable ; Inapplicable ; Pass      ; Pass      ; Inapplicable ;
; sdram_wire_we_n     ; Pass         ; Pass         ; Pass         ; Inapplicable ; Inapplicable ; Pass      ; Pass         ; Inapplicable ; Inapplicable ; Inapplicable ; Inapplicable ; Inapplicable ; Inapplicable ; Inapplicable ; Inapplicable ; Inapplicable ; Inapplicable ; Inapplicable ; Inapplicable ; Inapplicable ; Inapplicable ; Inapplicable ; Inapplicable ; Inapplicable ; Inapplicable ; Pass      ; Pass      ; Inapplicable ;
; sdram_wire_dq[0]    ; Pass         ; Pass         ; Pass         ; Inapplicable ; Inapplicable ; Pass      ; Pass         ; Inapplicable ; Inapplicable ; Inapplicable ; Inapplicable ; Inapplicable ; Inapplicable ; Inapplicable ; Inapplicable ; Inapplicable ; Inapplicable ; Inapplicable ; Inapplicable ; Inapplicable ; Inapplicable ; Inapplicable ; Inapplicable ; Inapplicable ; Inapplicable ; Pass      ; Pass      ; Inapplicable ;
; sdram_wire_dq[1]    ; Pass         ; Pass         ; Pass         ; Inapplicable ; Inapplicable ; Pass      ; Pass         ; Inapplicable ; Inapplicable ; Inapplicable ; Inapplicable ; Inapplicable ; Inapplicable ; Inapplicable ; Inapplicable ; Inapplicable ; Inapplicable ; Inapplicable ; Inapplicable ; Inapplicable ; Inapplicable ; Inapplicable ; Inapplicable ; Inapplicable ; Inapplicable ; Pass      ; Pass      ; Inapplicable ;
; sdram_wire_dq[2]    ; Pass         ; Pass         ; Pass         ; Inapplicable ; Inapplicable ; Pass      ; Pass         ; Inapplicable ; Inapplicable ; Inapplicable ; Inapplicable ; Inapplicable ; Inapplicable ; Inapplicable ; Inapplicable ; Inapplicable ; Inapplicable ; Inapplicable ; Inapplicable ; Inapplicable ; Inapplicable ; Inapplicable ; Inapplicable ; Inapplicable ; Inapplicable ; Pass      ; Pass      ; Inapplicable ;
; sdram_wire_dq[3]    ; Pass         ; Pass         ; Pass         ; Inapplicable ; Inapplicable ; Pass      ; Pass         ; Inapplicable ; Inapplicable ; Inapplicable ; Inapplicable ; Inapplicable ; Inapplicable ; Inapplicable ; Inapplicable ; Inapplicable ; Inapplicable ; Inapplicable ; Inapplicable ; Inapplicable ; Inapplicable ; Inapplicable ; Inapplicable ; Inapplicable ; Inapplicable ; Pass      ; Pass      ; Inapplicable ;
; sdram_wire_dq[4]    ; Pass         ; Pass         ; Pass         ; Inapplicable ; Inapplicable ; Pass      ; Pass         ; Inapplicable ; Inapplicable ; Inapplicable ; Inapplicable ; Inapplicable ; Inapplicable ; Inapplicable ; Inapplicable ; Inapplicable ; Inapplicable ; Inapplicable ; Inapplicable ; Inapplicable ; Inapplicable ; Inapplicable ; Inapplicable ; Inapplicable ; Inapplicable ; Pass      ; Pass      ; Inapplicable ;
; sdram_wire_dq[5]    ; Pass         ; Pass         ; Pass         ; Inapplicable ; Inapplicable ; Pass      ; Pass         ; Inapplicable ; Inapplicable ; Inapplicable ; Inapplicable ; Inapplicable ; Inapplicable ; Inapplicable ; Inapplicable ; Inapplicable ; Inapplicable ; Inapplicable ; Inapplicable ; Inapplicable ; Inapplicable ; Inapplicable ; Inapplicable ; Inapplicable ; Inapplicable ; Pass      ; Pass      ; Inapplicable ;
; sdram_wire_dq[6]    ; Pass         ; Pass         ; Pass         ; Inapplicable ; Inapplicable ; Pass      ; Pass         ; Inapplicable ; Inapplicable ; Inapplicable ; Inapplicable ; Inapplicable ; Inapplicable ; Inapplicable ; Inapplicable ; Inapplicable ; Inapplicable ; Inapplicable ; Inapplicable ; Inapplicable ; Inapplicable ; Inapplicable ; Inapplicable ; Inapplicable ; Inapplicable ; Pass      ; Pass      ; Inapplicable ;
; sdram_wire_dq[7]    ; Pass         ; Pass         ; Pass         ; Inapplicable ; Inapplicable ; Pass      ; Pass         ; Inapplicable ; Inapplicable ; Inapplicable ; Inapplicable ; Inapplicable ; Inapplicable ; Inapplicable ; Inapplicable ; Inapplicable ; Inapplicable ; Inapplicable ; Inapplicable ; Inapplicable ; Inapplicable ; Inapplicable ; Inapplicable ; Inapplicable ; Inapplicable ; Pass      ; Pass      ; Inapplicable ;
; sdram_wire_dq[8]    ; Pass         ; Pass         ; Pass         ; Inapplicable ; Inapplicable ; Pass      ; Pass         ; Inapplicable ; Inapplicable ; Inapplicable ; Inapplicable ; Inapplicable ; Inapplicable ; Inapplicable ; Inapplicable ; Inapplicable ; Inapplicable ; Inapplicable ; Inapplicable ; Inapplicable ; Inapplicable ; Inapplicable ; Inapplicable ; Inapplicable ; Inapplicable ; Pass      ; Pass      ; Inapplicable ;
; sdram_wire_dq[9]    ; Pass         ; Pass         ; Pass         ; Inapplicable ; Inapplicable ; Pass      ; Pass         ; Inapplicable ; Inapplicable ; Inapplicable ; Inapplicable ; Inapplicable ; Inapplicable ; Inapplicable ; Inapplicable ; Inapplicable ; Inapplicable ; Inapplicable ; Inapplicable ; Inapplicable ; Inapplicable ; Inapplicable ; Inapplicable ; Inapplicable ; Inapplicable ; Pass      ; Pass      ; Inapplicable ;
; sdram_wire_dq[10]   ; Pass         ; Pass         ; Pass         ; Inapplicable ; Inapplicable ; Pass      ; Pass         ; Inapplicable ; Inapplicable ; Inapplicable ; Inapplicable ; Inapplicable ; Inapplicable ; Inapplicable ; Inapplicable ; Inapplicable ; Inapplicable ; Inapplicable ; Inapplicable ; Inapplicable ; Inapplicable ; Inapplicable ; Inapplicable ; Inapplicable ; Inapplicable ; Pass      ; Pass      ; Inapplicable ;
; sdram_wire_dq[11]   ; Pass         ; Pass         ; Pass         ; Inapplicable ; Inapplicable ; Pass      ; Pass         ; Inapplicable ; Inapplicable ; Inapplicable ; Inapplicable ; Inapplicable ; Inapplicable ; Inapplicable ; Inapplicable ; Inapplicable ; Inapplicable ; Inapplicable ; Inapplicable ; Inapplicable ; Inapplicable ; Inapplicable ; Inapplicable ; Inapplicable ; Inapplicable ; Pass      ; Pass      ; Inapplicable ;
; sdram_wire_dq[12]   ; Pass         ; Pass         ; Pass         ; Inapplicable ; Inapplicable ; Pass      ; Pass         ; Inapplicable ; Inapplicable ; Inapplicable ; Inapplicable ; Inapplicable ; Inapplicable ; Inapplicable ; Inapplicable ; Inapplicable ; Inapplicable ; Inapplicable ; Inapplicable ; Inapplicable ; Inapplicable ; Inapplicable ; Inapplicable ; Inapplicable ; Inapplicable ; Pass      ; Pass      ; Inapplicable ;
; sdram_wire_dq[13]   ; Pass         ; Pass         ; Pass         ; Inapplicable ; Inapplicable ; Pass      ; Pass         ; Inapplicable ; Inapplicable ; Inapplicable ; Inapplicable ; Inapplicable ; Inapplicable ; Inapplicable ; Inapplicable ; Inapplicable ; Inapplicable ; Inapplicable ; Inapplicable ; Inapplicable ; Inapplicable ; Inapplicable ; Inapplicable ; Inapplicable ; Inapplicable ; Pass      ; Pass      ; Inapplicable ;
; sdram_wire_dq[14]   ; Pass         ; Pass         ; Pass         ; Inapplicable ; Inapplicable ; Pass      ; Pass         ; Inapplicable ; Inapplicable ; Inapplicable ; Inapplicable ; Inapplicable ; Inapplicable ; Inapplicable ; Inapplicable ; Inapplicable ; Inapplicable ; Inapplicable ; Inapplicable ; Inapplicable ; Inapplicable ; Inapplicable ; Inapplicable ; Inapplicable ; Inapplicable ; Pass      ; Pass      ; Inapplicable ;
; sdram_wire_dq[15]   ; Pass         ; Pass         ; Pass         ; Inapplicable ; Inapplicable ; Pass      ; Pass         ; Inapplicable ; Inapplicable ; Inapplicable ; Inapplicable ; Inapplicable ; Inapplicable ; Inapplicable ; Inapplicable ; Inapplicable ; Inapplicable ; Inapplicable ; Inapplicable ; Inapplicable ; Inapplicable ; Inapplicable ; Inapplicable ; Inapplicable ; Inapplicable ; Pass      ; Pass      ; Inapplicable ;
; clk_clk             ; Inapplicable ; Pass         ; Pass         ; Inapplicable ; Inapplicable ; Pass      ; Pass         ; Inapplicable ; Inapplicable ; Inapplicable ; Inapplicable ; Inapplicable ; Inapplicable ; Inapplicable ; Inapplicable ; Inapplicable ; Inapplicable ; Inapplicable ; Inapplicable ; Inapplicable ; Inapplicable ; Inapplicable ; Inapplicable ; Inapplicable ; Inapplicable ; Pass      ; Pass      ; Inapplicable ;
; buttons_export[0]   ; Inapplicable ; Pass         ; Pass         ; Inapplicable ; Inapplicable ; Pass      ; Pass         ; Inapplicable ; Inapplicable ; Inapplicable ; Inapplicable ; Inapplicable ; Inapplicable ; Inapplicable ; Inapplicable ; Inapplicable ; Inapplicable ; Inapplicable ; Inapplicable ; Inapplicable ; Inapplicable ; Inapplicable ; Inapplicable ; Inapplicable ; Inapplicable ; Pass      ; Pass      ; Inapplicable ;
; buttons_export[1]   ; Inapplicable ; Pass         ; Pass         ; Inapplicable ; Inapplicable ; Pass      ; Pass         ; Inapplicable ; Inapplicable ; Inapplicable ; Inapplicable ; Inapplicable ; Inapplicable ; Inapplicable ; Inapplicable ; Inapplicable ; Inapplicable ; Inapplicable ; Inapplicable ; Inapplicable ; Inapplicable ; Inapplicable ; Inapplicable ; Inapplicable ; Inapplicable ; Pass      ; Pass      ; Inapplicable ;
; buttons_export[2]   ; Inapplicable ; Pass         ; Pass         ; Inapplicable ; Inapplicable ; Pass      ; Pass         ; Inapplicable ; Inapplicable ; Inapplicable ; Inapplicable ; Inapplicable ; Inapplicable ; Inapplicable ; Inapplicable ; Inapplicable ; Inapplicable ; Inapplicable ; Inapplicable ; Inapplicable ; Inapplicable ; Inapplicable ; Inapplicable ; Inapplicable ; Inapplicable ; Pass      ; Pass      ; Inapplicable ;
; buttons_export[3]   ; Inapplicable ; Pass         ; Pass         ; Inapplicable ; Inapplicable ; Pass      ; Pass         ; Inapplicable ; Inapplicable ; Inapplicable ; Inapplicable ; Inapplicable ; Inapplicable ; Inapplicable ; Inapplicable ; Inapplicable ; Inapplicable ; Inapplicable ; Inapplicable ; Inapplicable ; Inapplicable ; Inapplicable ; Inapplicable ; Inapplicable ; Inapplicable ; Pass      ; Pass      ; Inapplicable ;
; altera_reserved_tms ; Inapplicable ; Inapplicable ; Inapplicable ; Inapplicable ; Inapplicable ; Pass      ; Inapplicable ; Inapplicable ; Inapplicable ; Inapplicable ; Inapplicable ; Inapplicable ; Inapplicable ; Inapplicable ; Inapplicable ; Inapplicable ; Inapplicable ; Inapplicable ; Inapplicable ; Inapplicable ; Inapplicable ; Inapplicable ; Inapplicable ; Inapplicable ; Inapplicable ; Pass      ; Pass      ; Inapplicable ;
; altera_reserved_tck ; Inapplicable ; Inapplicable ; Inapplicable ; Inapplicable ; Inapplicable ; Pass      ; Inapplicable ; Inapplicable ; Inapplicable ; Inapplicable ; Inapplicable ; Inapplicable ; Inapplicable ; Inapplicable ; Inapplicable ; Inapplicable ; Inapplicable ; Inapplicable ; Inapplicable ; Inapplicable ; Inapplicable ; Inapplicable ; Inapplicable ; Inapplicable ; Inapplicable ; Pass      ; Pass      ; Inapplicable ;
; altera_reserved_tdi ; Inapplicable ; Inapplicable ; Inapplicable ; Inapplicable ; Inapplicable ; Pass      ; Inapplicable ; Inapplicable ; Inapplicable ; Inapplicable ; Inapplicable ; Inapplicable ; Inapplicable ; Inapplicable ; Inapplicable ; Inapplicable ; Inapplicable ; Inapplicable ; Inapplicable ; Inapplicable ; Inapplicable ; Inapplicable ; Inapplicable ; Inapplicable ; Inapplicable ; Pass      ; Pass      ; Inapplicable ;
; altera_reserved_tdo ; Inapplicable ; Inapplicable ; Inapplicable ; Inapplicable ; Inapplicable ; Pass      ; Inapplicable ; Inapplicable ; Inapplicable ; Inapplicable ; Inapplicable ; Inapplicable ; Inapplicable ; Inapplicable ; Inapplicable ; Inapplicable ; Inapplicable ; Inapplicable ; Inapplicable ; Inapplicable ; Inapplicable ; Inapplicable ; Inapplicable ; Inapplicable ; Inapplicable ; Pass      ; Pass      ; Inapplicable ;
+---------------------+--------------+--------------+--------------+--------------+--------------+-----------+--------------+--------------+--------------+--------------+--------------+--------------+--------------+--------------+--------------+--------------+--------------+--------------+--------------+--------------+--------------+--------------+--------------+--------------+--------------+-----------+-----------+--------------+


+------------------------------------------------------------------------------------------------+
; Fitter Device Options                                                                          ;
+------------------------------------------------------------------+-----------------------------+
; Option                                                           ; Setting                     ;
+------------------------------------------------------------------+-----------------------------+
; Enable user-supplied start-up clock (CLKUSR)                     ; Off                         ;
; Enable device-wide reset (DEV_CLRn)                              ; Off                         ;
; Enable device-wide output enable (DEV_OE)                        ; Off                         ;
; Enable INIT_DONE output                                          ; Off                         ;
; Configuration scheme                                             ; Passive Serial              ;
; Enable Error Detection CRC_ERROR pin                             ; Off                         ;
; Enable CvP_CONFDONE pin                                          ; Off                         ;
; Enable open drain on CRC_ERROR pin                               ; On                          ;
; Enable open drain on CvP_CONFDONE pin                            ; On                          ;
; Enable open drain on INIT_DONE pin                               ; On                          ;
; Enable open drain on Partial Reconfiguration pins                ; Off                         ;
; Enable open drain on nCEO pin                                    ; On                          ;
; Enable Partial Reconfiguration pins                              ; Off                         ;
; Enable input tri-state on active configuration pins in user mode ; Off                         ;
; Enable internal scrubbing                                        ; Off                         ;
; Active Serial clock source                                       ; 100 MHz Internal Oscillator ;
; Device initialization clock source                               ; Internal Oscillator         ;
; Configuration via Protocol                                       ; Off                         ;
; Configuration Voltage Level                                      ; Auto                        ;
; Force Configuration Voltage Level                                ; Off                         ;
; Enable nCEO output                                               ; Off                         ;
; Data[15..8]                                                      ; Unreserved                  ;
; Data[7..5]                                                       ; Unreserved                  ;
; Base pin-out file on sameframe device                            ; Off                         ;
+------------------------------------------------------------------+-----------------------------+


+------------------------------------+
; Operating Settings and Conditions  ;
+---------------------------+--------+
; Setting                   ; Value  ;
+---------------------------+--------+
; Nominal Core Voltage      ; 1.10 V ;
; Low Junction Temperature  ; 0 °C   ;
; High Junction Temperature ; 85 °C  ;
+---------------------------+--------+


+--------------------------------------------------------------------+
; Estimated Delay Added for Hold Timing Summary                      ;
+-------------------------+----------------------+-------------------+
; Source Clock(s)         ; Destination Clock(s) ; Delay Added in ns ;
+-------------------------+----------------------+-------------------+
; altera_reserved_tck     ; altera_reserved_tck  ; 427.4             ;
; altera_reserved_tck,I/O ; altera_reserved_tck  ; 19.7              ;
+-------------------------+----------------------+-------------------+
Note: For more information on problematic transfers, consider running the Fitter again with the Optimize hold timing option (Settings Menu) turned off.
This will disable optimization of problematic paths and expose them for further analysis using the Timing Analyzer.


+-----------------------------------------------------------------------------------------------------------------------------------------------------------------------------------------------------------------------------------------------------------------------------------------------------------------------------------------------------------------------------------------------------------------------------------------------------------------------------------------------------------------------------------------------------------------------------------------------------------------------------------------------------------------------------------------------------------------------------------------+
; Estimated Delay Added for Hold Timing Details                                                                                                                                                                                                                                                                                                                                                                                                                                                                                                                                                                                                                                                                                           ;
+----------------------------------------------------------------------------------------------------------------------------------------------------------------------------------------------------------------------------------------------------------------------------------------------------------------------------------------------------------+----------------------------------------------------------------------------------------------------------------------------------------------------------------------------------------------------------------------------------------------------------------------------------------------------------------------------------------------------------+-------------------+
; Source Register                                                                                                                                                                                                                                                                                                                                          ; Destination Register                                                                                                                                                                                                                                                                                                                                     ; Delay Added in ns ;
+----------------------------------------------------------------------------------------------------------------------------------------------------------------------------------------------------------------------------------------------------------------------------------------------------------------------------------------------------------+----------------------------------------------------------------------------------------------------------------------------------------------------------------------------------------------------------------------------------------------------------------------------------------------------------------------------------------------------------+-------------------+
; sld_hub:auto_hub|alt_sld_fab_with_jtag_input:\instrumentation_fabric_with_node_gen:fabric_gen_new_way:with_jtag_input_gen:instrumentation_fabric|alt_sld_fab:instrumentation_fabric|alt_sld_fab_alt_sld_fab:alt_sld_fab|alt_sld_fab_alt_sld_fab_sldfabric:sldfabric|sld_jtag_hub:\jtag_hub_gen:real_sld_jtag_hub|sld_shadow_jsm:shadow_jsm|state[8]      ; sld_hub:auto_hub|alt_sld_fab_with_jtag_input:\instrumentation_fabric_with_node_gen:fabric_gen_new_way:with_jtag_input_gen:instrumentation_fabric|alt_sld_fab:instrumentation_fabric|alt_sld_fab_alt_sld_fab:alt_sld_fab|alt_sld_fab_alt_sld_fab_sldfabric:sldfabric|sld_jtag_hub:\jtag_hub_gen:real_sld_jtag_hub|sld_rom_sr:hub_info_reg|word_counter[0] ; 1.343             ;
; sld_hub:auto_hub|alt_sld_fab_with_jtag_input:\instrumentation_fabric_with_node_gen:fabric_gen_new_way:with_jtag_input_gen:instrumentation_fabric|alt_sld_fab:instrumentation_fabric|alt_sld_fab_alt_sld_fab:alt_sld_fab|alt_sld_fab_alt_sld_fab_sldfabric:sldfabric|sld_jtag_hub:\jtag_hub_gen:real_sld_jtag_hub|irf_reg[2][3]                           ; Lab4_NIOSV_FreeRTOS:niosv_freertos|niosv_dm_top:dbg_mod|niosv_dm_jtag2mm:dtm_inst|cmd_address[7]                                                                                                                                                                                                                                                         ; 1.122             ;
; sld_hub:auto_hub|alt_sld_fab_with_jtag_input:\instrumentation_fabric_with_node_gen:fabric_gen_new_way:with_jtag_input_gen:instrumentation_fabric|alt_sld_fab:instrumentation_fabric|alt_sld_fab_alt_sld_fab:alt_sld_fab|alt_sld_fab_alt_sld_fab_sldfabric:sldfabric|sld_jtag_hub:\jtag_hub_gen:real_sld_jtag_hub|irf_reg[2][2]                           ; Lab4_NIOSV_FreeRTOS:niosv_freertos|niosv_dm_top:dbg_mod|niosv_dm_jtag2mm:dtm_inst|cmd_address[7]                                                                                                                                                                                                                                                         ; 1.118             ;
; sld_hub:auto_hub|alt_sld_fab_with_jtag_input:\instrumentation_fabric_with_node_gen:fabric_gen_new_way:with_jtag_input_gen:instrumentation_fabric|alt_sld_fab:instrumentation_fabric|alt_sld_fab_alt_sld_fab:alt_sld_fab|alt_sld_fab_alt_sld_fab_sldfabric:sldfabric|sld_jtag_hub:\jtag_hub_gen:real_sld_jtag_hub|irf_reg[2][1]                           ; Lab4_NIOSV_FreeRTOS:niosv_freertos|niosv_dm_top:dbg_mod|niosv_dm_jtag2mm:dtm_inst|cmd_address[7]                                                                                                                                                                                                                                                         ; 1.097             ;
; sld_hub:auto_hub|alt_sld_fab_with_jtag_input:\instrumentation_fabric_with_node_gen:fabric_gen_new_way:with_jtag_input_gen:instrumentation_fabric|alt_sld_fab:instrumentation_fabric|alt_sld_fab_alt_sld_fab:alt_sld_fab|alt_sld_fab_alt_sld_fab_sldfabric:sldfabric|sld_jtag_hub:\jtag_hub_gen:real_sld_jtag_hub|irf_reg[2][0]                           ; Lab4_NIOSV_FreeRTOS:niosv_freertos|niosv_dm_top:dbg_mod|niosv_dm_jtag2mm:dtm_inst|cmd_address[7]                                                                                                                                                                                                                                                         ; 1.085             ;
; sld_hub:auto_hub|alt_sld_fab_with_jtag_input:\instrumentation_fabric_with_node_gen:fabric_gen_new_way:with_jtag_input_gen:instrumentation_fabric|alt_sld_fab:instrumentation_fabric|alt_sld_fab_alt_sld_fab:alt_sld_fab|alt_sld_fab_alt_sld_fab_sldfabric:sldfabric|sld_jtag_hub:\jtag_hub_gen:real_sld_jtag_hub|sld_shadow_jsm:shadow_jsm|state[4]      ; Lab4_NIOSV_FreeRTOS:niosv_freertos|niosv_dm_top:dbg_mod|niosv_dm_jtag2mm:dtm_inst|cmd_address[7]                                                                                                                                                                                                                                                         ; 1.063             ;
; sld_hub:auto_hub|alt_sld_fab_with_jtag_input:\instrumentation_fabric_with_node_gen:fabric_gen_new_way:with_jtag_input_gen:instrumentation_fabric|alt_sld_fab:instrumentation_fabric|alt_sld_fab_alt_sld_fab:alt_sld_fab|alt_sld_fab_alt_sld_fab_sldfabric:sldfabric|sld_jtag_hub:\jtag_hub_gen:real_sld_jtag_hub|irsr_reg[6]                             ; sld_hub:auto_hub|alt_sld_fab_with_jtag_input:\instrumentation_fabric_with_node_gen:fabric_gen_new_way:with_jtag_input_gen:instrumentation_fabric|alt_sld_fab:instrumentation_fabric|alt_sld_fab_alt_sld_fab:alt_sld_fab|splitter_nodes_receive_0[3]                                                                                                      ; 1.060             ;
; Lab4_NIOSV_FreeRTOS:niosv_freertos|niosv_dm_top:dbg_mod|niosv_dm_jtag2mm:dtm_inst|shifted_dtmcs[16]                                                                                                                                                                                                                                                      ; Lab4_NIOSV_FreeRTOS:niosv_freertos|niosv_dm_top:dbg_mod|niosv_dm_jtag2mm:dtm_inst|dmi_status[0]                                                                                                                                                                                                                                                          ; 1.055             ;
; sld_hub:auto_hub|alt_sld_fab_with_jtag_input:\instrumentation_fabric_with_node_gen:fabric_gen_new_way:with_jtag_input_gen:instrumentation_fabric|alt_sld_fab:instrumentation_fabric|alt_sld_fab_alt_sld_fab:alt_sld_fab|alt_sld_fab_alt_sld_fab_sldfabric:sldfabric|sld_jtag_hub:\jtag_hub_gen:real_sld_jtag_hub|irf_reg[2][4]                           ; Lab4_NIOSV_FreeRTOS:niosv_freertos|niosv_dm_top:dbg_mod|niosv_dm_jtag2mm:dtm_inst|dmi_status[0]                                                                                                                                                                                                                                                          ; 1.055             ;
; Lab4_NIOSV_FreeRTOS:niosv_freertos|niosv_dm_top:dbg_mod|niosv_dm_jtag2mm:dtm_inst|dmi_status[0]                                                                                                                                                                                                                                                          ; Lab4_NIOSV_FreeRTOS:niosv_freertos|niosv_dm_top:dbg_mod|niosv_dm_jtag2mm:dtm_inst|dmi_status[0]                                                                                                                                                                                                                                                          ; 1.055             ;
; sld_hub:auto_hub|alt_sld_fab_with_jtag_input:\instrumentation_fabric_with_node_gen:fabric_gen_new_way:with_jtag_input_gen:instrumentation_fabric|alt_sld_fab:instrumentation_fabric|alt_sld_fab_alt_sld_fab:alt_sld_fab|alt_sld_fab_alt_sld_fab_sldfabric:sldfabric|sld_jtag_hub:\jtag_hub_gen:real_sld_jtag_hub|virtual_ir_scan_reg                     ; Lab4_NIOSV_FreeRTOS:niosv_freertos|niosv_dm_top:dbg_mod|niosv_dm_jtag2mm:dtm_inst|dmi_status[0]                                                                                                                                                                                                                                                          ; 1.055             ;
; sld_hub:auto_hub|alt_sld_fab_with_jtag_input:\instrumentation_fabric_with_node_gen:fabric_gen_new_way:with_jtag_input_gen:instrumentation_fabric|alt_sld_fab:instrumentation_fabric|alt_sld_fab_alt_sld_fab:alt_sld_fab|alt_sld_fab_alt_sld_fab_sldfabric:sldfabric|sld_jtag_hub:\jtag_hub_gen:real_sld_jtag_hub|sld_shadow_jsm:shadow_jsm|state[3]      ; Lab4_NIOSV_FreeRTOS:niosv_freertos|niosv_dm_top:dbg_mod|niosv_dm_jtag2mm:dtm_inst|dmi_status[0]                                                                                                                                                                                                                                                          ; 1.055             ;
; sld_hub:auto_hub|alt_sld_fab_with_jtag_input:\instrumentation_fabric_with_node_gen:fabric_gen_new_way:with_jtag_input_gen:instrumentation_fabric|alt_sld_fab:instrumentation_fabric|alt_sld_fab_alt_sld_fab:alt_sld_fab|splitter_nodes_receive_1[3]                                                                                                      ; Lab4_NIOSV_FreeRTOS:niosv_freertos|niosv_dm_top:dbg_mod|niosv_dm_jtag2mm:dtm_inst|dmi_status[0]                                                                                                                                                                                                                                                          ; 1.055             ;
; sld_hub:auto_hub|alt_sld_fab_with_jtag_input:\instrumentation_fabric_with_node_gen:fabric_gen_new_way:with_jtag_input_gen:instrumentation_fabric|alt_sld_fab:instrumentation_fabric|alt_sld_fab_alt_sld_fab:alt_sld_fab|alt_sld_fab_alt_sld_fab_sldfabric:sldfabric|sld_jtag_hub:\jtag_hub_gen:real_sld_jtag_hub|shadow_irf_reg[2][0]                    ; sld_hub:auto_hub|alt_sld_fab_with_jtag_input:\instrumentation_fabric_with_node_gen:fabric_gen_new_way:with_jtag_input_gen:instrumentation_fabric|alt_sld_fab:instrumentation_fabric|alt_sld_fab_alt_sld_fab:alt_sld_fab|alt_sld_fab_alt_sld_fab_sldfabric:sldfabric|sld_jtag_hub:\jtag_hub_gen:real_sld_jtag_hub|irf_reg[2][0]                           ; 1.048             ;
; sld_hub:auto_hub|alt_sld_fab_with_jtag_input:\instrumentation_fabric_with_node_gen:fabric_gen_new_way:with_jtag_input_gen:instrumentation_fabric|alt_sld_fab:instrumentation_fabric|alt_sld_fab_alt_sld_fab:alt_sld_fab|alt_sld_fab_alt_sld_fab_sldfabric:sldfabric|sld_jtag_hub:\jtag_hub_gen:real_sld_jtag_hub|shadow_irf_reg[2][2]                    ; sld_hub:auto_hub|alt_sld_fab_with_jtag_input:\instrumentation_fabric_with_node_gen:fabric_gen_new_way:with_jtag_input_gen:instrumentation_fabric|alt_sld_fab:instrumentation_fabric|alt_sld_fab_alt_sld_fab:alt_sld_fab|alt_sld_fab_alt_sld_fab_sldfabric:sldfabric|sld_jtag_hub:\jtag_hub_gen:real_sld_jtag_hub|irf_reg[2][2]                           ; 1.048             ;
; sld_hub:auto_hub|alt_sld_fab_with_jtag_input:\instrumentation_fabric_with_node_gen:fabric_gen_new_way:with_jtag_input_gen:instrumentation_fabric|alt_sld_fab:instrumentation_fabric|alt_sld_fab_alt_sld_fab:alt_sld_fab|alt_sld_fab_alt_sld_fab_sldfabric:sldfabric|sld_jtag_hub:\jtag_hub_gen:real_sld_jtag_hub|sld_rom_sr:hub_info_reg|word_counter[1] ; sld_hub:auto_hub|alt_sld_fab_with_jtag_input:\instrumentation_fabric_with_node_gen:fabric_gen_new_way:with_jtag_input_gen:instrumentation_fabric|alt_sld_fab:instrumentation_fabric|alt_sld_fab_alt_sld_fab:alt_sld_fab|alt_sld_fab_alt_sld_fab_sldfabric:sldfabric|sld_jtag_hub:\jtag_hub_gen:real_sld_jtag_hub|sld_rom_sr:hub_info_reg|WORD_SR[1]      ; 1.045             ;
; sld_hub:auto_hub|alt_sld_fab_with_jtag_input:\instrumentation_fabric_with_node_gen:fabric_gen_new_way:with_jtag_input_gen:instrumentation_fabric|alt_sld_fab:instrumentation_fabric|alt_sld_fab_alt_sld_fab:alt_sld_fab|alt_sld_fab_alt_sld_fab_sldfabric:sldfabric|sld_jtag_hub:\jtag_hub_gen:real_sld_jtag_hub|shadow_irf_reg[2][1]                    ; sld_hub:auto_hub|alt_sld_fab_with_jtag_input:\instrumentation_fabric_with_node_gen:fabric_gen_new_way:with_jtag_input_gen:instrumentation_fabric|alt_sld_fab:instrumentation_fabric|alt_sld_fab_alt_sld_fab:alt_sld_fab|alt_sld_fab_alt_sld_fab_sldfabric:sldfabric|sld_jtag_hub:\jtag_hub_gen:real_sld_jtag_hub|irf_reg[2][1]                           ; 1.033             ;
; Lab4_NIOSV_FreeRTOS:niosv_freertos|niosv_dm_top:dbg_mod|niosv_dm_jtag2mm:dtm_inst|shifted_dmi[0]                                                                                                                                                                                                                                                         ; Lab4_NIOSV_FreeRTOS:niosv_freertos|niosv_dm_top:dbg_mod|niosv_dm_jtag2mm:dtm_inst|cmd_address[7]                                                                                                                                                                                                                                                         ; 1.032             ;
; Lab4_NIOSV_FreeRTOS:niosv_freertos|niosv_dm_top:dbg_mod|niosv_dm_jtag2mm:dtm_inst|shifted_dmi[1]                                                                                                                                                                                                                                                         ; Lab4_NIOSV_FreeRTOS:niosv_freertos|niosv_dm_top:dbg_mod|niosv_dm_jtag2mm:dtm_inst|cmd_address[7]                                                                                                                                                                                                                                                         ; 1.032             ;
; Lab4_NIOSV_FreeRTOS:niosv_freertos|niosv_dm_top:dbg_mod|niosv_dm_jtag2mm:dtm_inst|write_rsp                                                                                                                                                                                                                                                              ; Lab4_NIOSV_FreeRTOS:niosv_freertos|niosv_dm_top:dbg_mod|niosv_dm_jtag2mm:dtm_inst|cmd_address[7]                                                                                                                                                                                                                                                         ; 1.032             ;
; Lab4_NIOSV_FreeRTOS:niosv_freertos|niosv_dm_top:dbg_mod|niosv_dm_jtag2mm:dtm_inst|read_rsp_pndg                                                                                                                                                                                                                                                          ; Lab4_NIOSV_FreeRTOS:niosv_freertos|niosv_dm_top:dbg_mod|niosv_dm_jtag2mm:dtm_inst|cmd_address[7]                                                                                                                                                                                                                                                         ; 1.032             ;
; Lab4_NIOSV_FreeRTOS:niosv_freertos|niosv_dm_top:dbg_mod|niosv_dm_jtag2mm:dtm_inst|cmd_read                                                                                                                                                                                                                                                               ; Lab4_NIOSV_FreeRTOS:niosv_freertos|niosv_dm_top:dbg_mod|niosv_dm_jtag2mm:dtm_inst|cmd_address[7]                                                                                                                                                                                                                                                         ; 1.032             ;
; Lab4_NIOSV_FreeRTOS:niosv_freertos|niosv_dm_top:dbg_mod|niosv_dm_jtag2mm:dtm_inst|shifted_dmi[2]                                                                                                                                                                                                                                                         ; Lab4_NIOSV_FreeRTOS:niosv_freertos|niosv_dm_top:dbg_mod|niosv_dm_jtag2mm:dtm_inst|cmd_address[7]                                                                                                                                                                                                                                                         ; 1.032             ;
; Lab4_NIOSV_FreeRTOS:niosv_freertos|niosv_dm_top:dbg_mod|niosv_dm_jtag2mm:dtm_inst|cmd_write                                                                                                                                                                                                                                                              ; Lab4_NIOSV_FreeRTOS:niosv_freertos|niosv_dm_top:dbg_mod|niosv_dm_jtag2mm:dtm_inst|cmd_address[7]                                                                                                                                                                                                                                                         ; 1.032             ;
; sld_hub:auto_hub|alt_sld_fab_with_jtag_input:\instrumentation_fabric_with_node_gen:fabric_gen_new_way:with_jtag_input_gen:instrumentation_fabric|alt_sld_fab:instrumentation_fabric|alt_sld_fab_alt_sld_fab:alt_sld_fab|alt_sld_fab_alt_sld_fab_sldfabric:sldfabric|sld_jtag_hub:\jtag_hub_gen:real_sld_jtag_hub|sld_rom_sr:hub_info_reg|word_counter[0] ; sld_hub:auto_hub|alt_sld_fab_with_jtag_input:\instrumentation_fabric_with_node_gen:fabric_gen_new_way:with_jtag_input_gen:instrumentation_fabric|alt_sld_fab:instrumentation_fabric|alt_sld_fab_alt_sld_fab:alt_sld_fab|alt_sld_fab_alt_sld_fab_sldfabric:sldfabric|sld_jtag_hub:\jtag_hub_gen:real_sld_jtag_hub|sld_rom_sr:hub_info_reg|WORD_SR[2]      ; 1.014             ;
; sld_hub:auto_hub|alt_sld_fab_with_jtag_input:\instrumentation_fabric_with_node_gen:fabric_gen_new_way:with_jtag_input_gen:instrumentation_fabric|alt_sld_fab:instrumentation_fabric|alt_sld_fab_alt_sld_fab:alt_sld_fab|alt_sld_fab_alt_sld_fab_sldfabric:sldfabric|sld_jtag_hub:\jtag_hub_gen:real_sld_jtag_hub|irsr_reg[4]                             ; sld_hub:auto_hub|alt_sld_fab_with_jtag_input:\instrumentation_fabric_with_node_gen:fabric_gen_new_way:with_jtag_input_gen:instrumentation_fabric|alt_sld_fab:instrumentation_fabric|alt_sld_fab_alt_sld_fab:alt_sld_fab|alt_sld_fab_alt_sld_fab_sldfabric:sldfabric|sld_jtag_hub:\jtag_hub_gen:real_sld_jtag_hub|irsr_reg[0]                             ; 1.011             ;
; sld_hub:auto_hub|alt_sld_fab_with_jtag_input:\instrumentation_fabric_with_node_gen:fabric_gen_new_way:with_jtag_input_gen:instrumentation_fabric|alt_sld_fab:instrumentation_fabric|alt_sld_fab_alt_sld_fab:alt_sld_fab|alt_sld_fab_alt_sld_fab_sldfabric:sldfabric|sld_jtag_hub:\jtag_hub_gen:real_sld_jtag_hub|hub_mode_reg[0]                         ; sld_hub:auto_hub|alt_sld_fab_with_jtag_input:\instrumentation_fabric_with_node_gen:fabric_gen_new_way:with_jtag_input_gen:instrumentation_fabric|alt_sld_fab:instrumentation_fabric|alt_sld_fab_alt_sld_fab:alt_sld_fab|alt_sld_fab_alt_sld_fab_sldfabric:sldfabric|sld_jtag_hub:\jtag_hub_gen:real_sld_jtag_hub|irsr_reg[3]                             ; 0.999             ;
; sld_hub:auto_hub|alt_sld_fab_with_jtag_input:\instrumentation_fabric_with_node_gen:fabric_gen_new_way:with_jtag_input_gen:instrumentation_fabric|alt_sld_fab:instrumentation_fabric|alt_sld_fab_alt_sld_fab:alt_sld_fab|alt_sld_fab_alt_sld_fab_sldfabric:sldfabric|sld_jtag_hub:\jtag_hub_gen:real_sld_jtag_hub|sld_shadow_jsm:shadow_jsm|state[15]     ; sld_hub:auto_hub|alt_sld_fab_with_jtag_input:\instrumentation_fabric_with_node_gen:fabric_gen_new_way:with_jtag_input_gen:instrumentation_fabric|alt_sld_fab:instrumentation_fabric|alt_sld_fab_alt_sld_fab:alt_sld_fab|alt_sld_fab_alt_sld_fab_sldfabric:sldfabric|sld_jtag_hub:\jtag_hub_gen:real_sld_jtag_hub|sld_shadow_jsm:shadow_jsm|state[2]      ; 0.998             ;
; sld_hub:auto_hub|alt_sld_fab_with_jtag_input:\instrumentation_fabric_with_node_gen:fabric_gen_new_way:with_jtag_input_gen:instrumentation_fabric|alt_sld_fab:instrumentation_fabric|alt_sld_fab_alt_sld_fab:alt_sld_fab|alt_sld_fab_alt_sld_fab_sldfabric:sldfabric|sld_jtag_hub:\jtag_hub_gen:real_sld_jtag_hub|shadow_irf_reg[2][4]                    ; sld_hub:auto_hub|alt_sld_fab_with_jtag_input:\instrumentation_fabric_with_node_gen:fabric_gen_new_way:with_jtag_input_gen:instrumentation_fabric|alt_sld_fab:instrumentation_fabric|alt_sld_fab_alt_sld_fab:alt_sld_fab|alt_sld_fab_alt_sld_fab_sldfabric:sldfabric|sld_jtag_hub:\jtag_hub_gen:real_sld_jtag_hub|irf_reg[2][4]                           ; 0.990             ;
; sld_hub:auto_hub|alt_sld_fab_with_jtag_input:\instrumentation_fabric_with_node_gen:fabric_gen_new_way:with_jtag_input_gen:instrumentation_fabric|alt_sld_fab:instrumentation_fabric|alt_sld_fab_alt_sld_fab:alt_sld_fab|alt_sld_fab_alt_sld_fab_sldfabric:sldfabric|sld_jtag_hub:\jtag_hub_gen:real_sld_jtag_hub|jtag_ir_reg[1]                          ; sld_hub:auto_hub|alt_sld_fab_with_jtag_input:\instrumentation_fabric_with_node_gen:fabric_gen_new_way:with_jtag_input_gen:instrumentation_fabric|alt_sld_fab:instrumentation_fabric|alt_sld_fab_alt_sld_fab:alt_sld_fab|alt_sld_fab_alt_sld_fab_sldfabric:sldfabric|sld_jtag_hub:\jtag_hub_gen:real_sld_jtag_hub|jtag_ir_reg[0]                          ; 0.985             ;
; sld_hub:auto_hub|alt_sld_fab_with_jtag_input:\instrumentation_fabric_with_node_gen:fabric_gen_new_way:with_jtag_input_gen:instrumentation_fabric|alt_sld_fab:instrumentation_fabric|alt_sld_fab_alt_sld_fab:alt_sld_fab|alt_sld_fab_alt_sld_fab_sldfabric:sldfabric|sld_jtag_hub:\jtag_hub_gen:real_sld_jtag_hub|jtag_ir_reg[3]                          ; sld_hub:auto_hub|alt_sld_fab_with_jtag_input:\instrumentation_fabric_with_node_gen:fabric_gen_new_way:with_jtag_input_gen:instrumentation_fabric|alt_sld_fab:instrumentation_fabric|alt_sld_fab_alt_sld_fab:alt_sld_fab|alt_sld_fab_alt_sld_fab_sldfabric:sldfabric|sld_jtag_hub:\jtag_hub_gen:real_sld_jtag_hub|jtag_ir_reg[2]                          ; 0.975             ;
; sld_hub:auto_hub|alt_sld_fab_with_jtag_input:\instrumentation_fabric_with_node_gen:fabric_gen_new_way:with_jtag_input_gen:instrumentation_fabric|alt_sld_fab:instrumentation_fabric|alt_sld_fab_alt_sld_fab:alt_sld_fab|alt_sld_fab_alt_sld_fab_sldfabric:sldfabric|sld_jtag_hub:\jtag_hub_gen:real_sld_jtag_hub|shadow_irf_reg[2][3]                    ; sld_hub:auto_hub|alt_sld_fab_with_jtag_input:\instrumentation_fabric_with_node_gen:fabric_gen_new_way:with_jtag_input_gen:instrumentation_fabric|alt_sld_fab:instrumentation_fabric|alt_sld_fab_alt_sld_fab:alt_sld_fab|alt_sld_fab_alt_sld_fab_sldfabric:sldfabric|sld_jtag_hub:\jtag_hub_gen:real_sld_jtag_hub|irf_reg[2][3]                           ; 0.974             ;
; Lab4_NIOSV_FreeRTOS:niosv_freertos|niosv_dm_top:dbg_mod|niosv_dm_jtag2mm:dtm_inst|altera_avalon_st_handshake_clock_crosser:rsp_clk_xer|altera_avalon_st_clock_crosser:clock_xer|out_data_toggle_flopped                                                                                                                                                  ; Lab4_NIOSV_FreeRTOS:niosv_freertos|niosv_dm_top:dbg_mod|niosv_dm_jtag2mm:dtm_inst|altera_avalon_st_handshake_clock_crosser:rsp_clk_xer|altera_avalon_st_clock_crosser:clock_xer|altera_avalon_st_pipeline_base:output_stage|full1                                                                                                                        ; 0.965             ;
; Lab4_DEBUG:debug|alt_jtag_atlantic:Lab4_DEBUG_alt_jtag_atlantic|td_shift[1]                                                                                                                                                                                                                                                                              ; Lab4_DEBUG:debug|alt_jtag_atlantic:Lab4_DEBUG_alt_jtag_atlantic|td_shift[0]                                                                                                                                                                                                                                                                              ; 0.963             ;
; sld_hub:auto_hub|alt_sld_fab_with_jtag_input:\instrumentation_fabric_with_node_gen:fabric_gen_new_way:with_jtag_input_gen:instrumentation_fabric|alt_sld_fab:instrumentation_fabric|alt_sld_fab_alt_sld_fab:alt_sld_fab|alt_sld_fab_alt_sld_fab_sldfabric:sldfabric|sld_jtag_hub:\jtag_hub_gen:real_sld_jtag_hub|sld_rom_sr:hub_info_reg|word_counter[2] ; sld_hub:auto_hub|alt_sld_fab_with_jtag_input:\instrumentation_fabric_with_node_gen:fabric_gen_new_way:with_jtag_input_gen:instrumentation_fabric|alt_sld_fab:instrumentation_fabric|alt_sld_fab_alt_sld_fab:alt_sld_fab|alt_sld_fab_alt_sld_fab_sldfabric:sldfabric|sld_jtag_hub:\jtag_hub_gen:real_sld_jtag_hub|sld_rom_sr:hub_info_reg|WORD_SR[1]      ; 0.956             ;
; sld_hub:auto_hub|alt_sld_fab_with_jtag_input:\instrumentation_fabric_with_node_gen:fabric_gen_new_way:with_jtag_input_gen:instrumentation_fabric|alt_sld_fab:instrumentation_fabric|alt_sld_fab_alt_sld_fab:alt_sld_fab|alt_sld_fab_alt_sld_fab_sldfabric:sldfabric|sld_jtag_hub:\jtag_hub_gen:real_sld_jtag_hub|irf_reg[1][0]                           ; sld_hub:auto_hub|alt_sld_fab_with_jtag_input:\instrumentation_fabric_with_node_gen:fabric_gen_new_way:with_jtag_input_gen:instrumentation_fabric|alt_sld_fab:instrumentation_fabric|alt_sld_fab_alt_sld_fab:alt_sld_fab|alt_sld_fab_alt_sld_fab_sldfabric:sldfabric|sld_jtag_hub:\jtag_hub_gen:real_sld_jtag_hub|irsr_reg[0]                             ; 0.951             ;
; sld_hub:auto_hub|alt_sld_fab_with_jtag_input:\instrumentation_fabric_with_node_gen:fabric_gen_new_way:with_jtag_input_gen:instrumentation_fabric|alt_sld_fab:instrumentation_fabric|alt_sld_fab_alt_sld_fab:alt_sld_fab|alt_sld_fab_alt_sld_fab_sldfabric:sldfabric|sld_jtag_hub:\jtag_hub_gen:real_sld_jtag_hub|sld_shadow_jsm:shadow_jsm|state[1]      ; sld_hub:auto_hub|alt_sld_fab_with_jtag_input:\instrumentation_fabric_with_node_gen:fabric_gen_new_way:with_jtag_input_gen:instrumentation_fabric|alt_sld_fab:instrumentation_fabric|alt_sld_fab_alt_sld_fab:alt_sld_fab|alt_sld_fab_alt_sld_fab_sldfabric:sldfabric|sld_jtag_hub:\jtag_hub_gen:real_sld_jtag_hub|sld_shadow_jsm:shadow_jsm|state[2]      ; 0.944             ;
; Lab4_NIOSV_FreeRTOS:niosv_freertos|niosv_dm_top:dbg_mod|niosv_dm_jtag2mm:dtm_inst|altera_avalon_st_handshake_clock_crosser:rsp_clk_xer|altera_avalon_st_clock_crosser:clock_xer|altera_std_synchronizer_nocut:in_to_out_synchronizer|dreg[0]                                                                                                             ; Lab4_NIOSV_FreeRTOS:niosv_freertos|niosv_dm_top:dbg_mod|niosv_dm_jtag2mm:dtm_inst|altera_avalon_st_handshake_clock_crosser:rsp_clk_xer|altera_avalon_st_clock_crosser:clock_xer|altera_avalon_st_pipeline_base:output_stage|full1                                                                                                                        ; 0.938             ;
; Lab4_DEBUG:debug|alt_jtag_atlantic:Lab4_DEBUG_alt_jtag_atlantic|count[9]                                                                                                                                                                                                                                                                                 ; Lab4_DEBUG:debug|alt_jtag_atlantic:Lab4_DEBUG_alt_jtag_atlantic|td_shift[3]                                                                                                                                                                                                                                                                              ; 0.935             ;
; Lab4_NIOSV_FreeRTOS:niosv_freertos|niosv_dm_top:dbg_mod|niosv_dm_jtag2mm:dtm_inst|altera_avalon_st_handshake_clock_crosser:rsp_clk_xer|altera_avalon_st_clock_crosser:clock_xer|altera_avalon_st_pipeline_base:output_stage|data1[15]                                                                                                                    ; Lab4_NIOSV_FreeRTOS:niosv_freertos|niosv_dm_top:dbg_mod|niosv_dm_jtag2mm:dtm_inst|updated_dmi[17]                                                                                                                                                                                                                                                        ; 0.934             ;
; Lab4_DEBUG:debug|alt_jtag_atlantic:Lab4_DEBUG_alt_jtag_atlantic|td_shift[9]                                                                                                                                                                                                                                                                              ; Lab4_DEBUG:debug|alt_jtag_atlantic:Lab4_DEBUG_alt_jtag_atlantic|td_shift[8]                                                                                                                                                                                                                                                                              ; 0.920             ;
; altera_reserved_tms                                                                                                                                                                                                                                                                                                                                      ; sld_hub:auto_hub|alt_sld_fab_with_jtag_input:\instrumentation_fabric_with_node_gen:fabric_gen_new_way:with_jtag_input_gen:instrumentation_fabric|alt_sld_fab:instrumentation_fabric|alt_sld_fab_alt_sld_fab:alt_sld_fab|alt_sld_fab_alt_sld_fab_sldfabric:sldfabric|sld_jtag_hub:\jtag_hub_gen:real_sld_jtag_hub|shadow_irf_reg[1][0]                    ; 0.918             ;
; altera_internal_jtag~FF_17                                                                                                                                                                                                                                                                                                                               ; sld_hub:auto_hub|alt_sld_fab_with_jtag_input:\instrumentation_fabric_with_node_gen:fabric_gen_new_way:with_jtag_input_gen:instrumentation_fabric|alt_sld_fab:instrumentation_fabric|alt_sld_fab_alt_sld_fab:alt_sld_fab|alt_sld_fab_alt_sld_fab_sldfabric:sldfabric|sld_jtag_hub:\jtag_hub_gen:real_sld_jtag_hub|shadow_irf_reg[1][0]                    ; 0.918             ;
; altera_internal_jtag~FF_36                                                                                                                                                                                                                                                                                                                               ; sld_hub:auto_hub|alt_sld_fab_with_jtag_input:\instrumentation_fabric_with_node_gen:fabric_gen_new_way:with_jtag_input_gen:instrumentation_fabric|alt_sld_fab:instrumentation_fabric|alt_sld_fab_alt_sld_fab:alt_sld_fab|alt_sld_fab_alt_sld_fab_sldfabric:sldfabric|sld_jtag_hub:\jtag_hub_gen:real_sld_jtag_hub|shadow_irf_reg[1][0]                    ; 0.918             ;
; sld_hub:auto_hub|alt_sld_fab_with_jtag_input:\instrumentation_fabric_with_node_gen:fabric_gen_new_way:with_jtag_input_gen:instrumentation_fabric|alt_sld_fab:instrumentation_fabric|alt_sld_fab_alt_sld_fab:alt_sld_fab|alt_sld_fab_alt_sld_fab_sldfabric:sldfabric|sld_jtag_hub:\jtag_hub_gen:real_sld_jtag_hub|hub_minor_ver_reg[1]                    ; sld_hub:auto_hub|alt_sld_fab_with_jtag_input:\instrumentation_fabric_with_node_gen:fabric_gen_new_way:with_jtag_input_gen:instrumentation_fabric|alt_sld_fab:instrumentation_fabric|alt_sld_fab_alt_sld_fab:alt_sld_fab|alt_sld_fab_alt_sld_fab_sldfabric:sldfabric|sld_jtag_hub:\jtag_hub_gen:real_sld_jtag_hub|hub_minor_ver_reg[0]                    ; 0.917             ;
; sld_hub:auto_hub|alt_sld_fab_with_jtag_input:\instrumentation_fabric_with_node_gen:fabric_gen_new_way:with_jtag_input_gen:instrumentation_fabric|alt_sld_fab:instrumentation_fabric|alt_sld_fab_alt_sld_fab:alt_sld_fab|alt_sld_fab_alt_sld_fab_sldfabric:sldfabric|sld_jtag_hub:\jtag_hub_gen:real_sld_jtag_hub|design_hash_reg[2]                      ; sld_hub:auto_hub|alt_sld_fab_with_jtag_input:\instrumentation_fabric_with_node_gen:fabric_gen_new_way:with_jtag_input_gen:instrumentation_fabric|alt_sld_fab:instrumentation_fabric|alt_sld_fab_alt_sld_fab:alt_sld_fab|alt_sld_fab_alt_sld_fab_sldfabric:sldfabric|sld_jtag_hub:\jtag_hub_gen:real_sld_jtag_hub|design_hash_reg[1]                      ; 0.908             ;
; sld_hub:auto_hub|alt_sld_fab_with_jtag_input:\instrumentation_fabric_with_node_gen:fabric_gen_new_way:with_jtag_input_gen:instrumentation_fabric|alt_sld_fab:instrumentation_fabric|alt_sld_fab_alt_sld_fab:alt_sld_fab|alt_sld_fab_alt_sld_fab_sldfabric:sldfabric|sld_jtag_hub:\jtag_hub_gen:real_sld_jtag_hub|hub_minor_ver_reg[3]                    ; sld_hub:auto_hub|alt_sld_fab_with_jtag_input:\instrumentation_fabric_with_node_gen:fabric_gen_new_way:with_jtag_input_gen:instrumentation_fabric|alt_sld_fab:instrumentation_fabric|alt_sld_fab_alt_sld_fab:alt_sld_fab|alt_sld_fab_alt_sld_fab_sldfabric:sldfabric|sld_jtag_hub:\jtag_hub_gen:real_sld_jtag_hub|hub_minor_ver_reg[2]                    ; 0.902             ;
; sld_hub:auto_hub|alt_sld_fab_with_jtag_input:\instrumentation_fabric_with_node_gen:fabric_gen_new_way:with_jtag_input_gen:instrumentation_fabric|alt_sld_fab:instrumentation_fabric|alt_sld_fab_alt_sld_fab:alt_sld_fab|alt_sld_fab_alt_sld_fab_sldfabric:sldfabric|sld_jtag_hub:\jtag_hub_gen:real_sld_jtag_hub|hub_minor_ver_reg[2]                    ; sld_hub:auto_hub|alt_sld_fab_with_jtag_input:\instrumentation_fabric_with_node_gen:fabric_gen_new_way:with_jtag_input_gen:instrumentation_fabric|alt_sld_fab:instrumentation_fabric|alt_sld_fab_alt_sld_fab:alt_sld_fab|alt_sld_fab_alt_sld_fab_sldfabric:sldfabric|sld_jtag_hub:\jtag_hub_gen:real_sld_jtag_hub|hub_minor_ver_reg[1]                    ; 0.902             ;
; sld_hub:auto_hub|alt_sld_fab_with_jtag_input:\instrumentation_fabric_with_node_gen:fabric_gen_new_way:with_jtag_input_gen:instrumentation_fabric|alt_sld_fab:instrumentation_fabric|alt_sld_fab_alt_sld_fab:alt_sld_fab|alt_sld_fab_alt_sld_fab_sldfabric:sldfabric|sld_jtag_hub:\jtag_hub_gen:real_sld_jtag_hub|sld_shadow_jsm:shadow_jsm|state[11]     ; sld_hub:auto_hub|alt_sld_fab_with_jtag_input:\instrumentation_fabric_with_node_gen:fabric_gen_new_way:with_jtag_input_gen:instrumentation_fabric|alt_sld_fab:instrumentation_fabric|alt_sld_fab_alt_sld_fab:alt_sld_fab|alt_sld_fab_alt_sld_fab_sldfabric:sldfabric|sld_jtag_hub:\jtag_hub_gen:real_sld_jtag_hub|sld_shadow_jsm:shadow_jsm|state[12]     ; 0.901             ;
; sld_hub:auto_hub|alt_sld_fab_with_jtag_input:\instrumentation_fabric_with_node_gen:fabric_gen_new_way:with_jtag_input_gen:instrumentation_fabric|alt_sld_fab:instrumentation_fabric|alt_sld_fab_alt_sld_fab:alt_sld_fab|alt_sld_fab_alt_sld_fab_sldfabric:sldfabric|sld_jtag_hub:\jtag_hub_gen:real_sld_jtag_hub|sld_shadow_jsm:shadow_jsm|state[10]     ; sld_hub:auto_hub|alt_sld_fab_with_jtag_input:\instrumentation_fabric_with_node_gen:fabric_gen_new_way:with_jtag_input_gen:instrumentation_fabric|alt_sld_fab:instrumentation_fabric|alt_sld_fab_alt_sld_fab:alt_sld_fab|alt_sld_fab_alt_sld_fab_sldfabric:sldfabric|sld_jtag_hub:\jtag_hub_gen:real_sld_jtag_hub|sld_shadow_jsm:shadow_jsm|state[12]     ; 0.898             ;
; sld_hub:auto_hub|alt_sld_fab_with_jtag_input:\instrumentation_fabric_with_node_gen:fabric_gen_new_way:with_jtag_input_gen:instrumentation_fabric|alt_sld_fab:instrumentation_fabric|alt_sld_fab_alt_sld_fab:alt_sld_fab|alt_sld_fab_alt_sld_fab_sldfabric:sldfabric|sld_jtag_hub:\jtag_hub_gen:real_sld_jtag_hub|sld_shadow_jsm:shadow_jsm|state[6]      ; sld_hub:auto_hub|alt_sld_fab_with_jtag_input:\instrumentation_fabric_with_node_gen:fabric_gen_new_way:with_jtag_input_gen:instrumentation_fabric|alt_sld_fab:instrumentation_fabric|alt_sld_fab_alt_sld_fab:alt_sld_fab|alt_sld_fab_alt_sld_fab_sldfabric:sldfabric|sld_jtag_hub:\jtag_hub_gen:real_sld_jtag_hub|sld_shadow_jsm:shadow_jsm|state[7]      ; 0.898             ;
; Lab4_NIOSV_FreeRTOS:niosv_freertos|niosv_dm_top:dbg_mod|niosv_dm_jtag2mm:dtm_inst|shifted_dtmcs[9]                                                                                                                                                                                                                                                       ; Lab4_NIOSV_FreeRTOS:niosv_freertos|niosv_dm_top:dbg_mod|niosv_dm_jtag2mm:dtm_inst|shifted_dtmcs[8]                                                                                                                                                                                                                                                       ; 0.891             ;
; Lab4_NIOSV_FreeRTOS:niosv_freertos|niosv_dm_top:dbg_mod|niosv_dm_jtag2mm:dtm_inst|shifted_dtmcs[7]                                                                                                                                                                                                                                                       ; Lab4_NIOSV_FreeRTOS:niosv_freertos|niosv_dm_top:dbg_mod|niosv_dm_jtag2mm:dtm_inst|shifted_dtmcs[6]                                                                                                                                                                                                                                                       ; 0.891             ;
; Lab4_NIOSV_FreeRTOS:niosv_freertos|niosv_dm_top:dbg_mod|niosv_dm_jtag2mm:dtm_inst|shifted_dtmcs[5]                                                                                                                                                                                                                                                       ; Lab4_NIOSV_FreeRTOS:niosv_freertos|niosv_dm_top:dbg_mod|niosv_dm_jtag2mm:dtm_inst|shifted_dtmcs[4]                                                                                                                                                                                                                                                       ; 0.891             ;
; Lab4_NIOSV_FreeRTOS:niosv_freertos|niosv_dm_top:dbg_mod|niosv_dm_jtag2mm:dtm_inst|shifted_dtmcs[4]                                                                                                                                                                                                                                                       ; Lab4_NIOSV_FreeRTOS:niosv_freertos|niosv_dm_top:dbg_mod|niosv_dm_jtag2mm:dtm_inst|shifted_dtmcs[3]                                                                                                                                                                                                                                                       ; 0.891             ;
; Lab4_NIOSV_FreeRTOS:niosv_freertos|niosv_dm_top:dbg_mod|niosv_dm_jtag2mm:dtm_inst|shifted_dtmcs[2]                                                                                                                                                                                                                                                       ; Lab4_NIOSV_FreeRTOS:niosv_freertos|niosv_dm_top:dbg_mod|niosv_dm_jtag2mm:dtm_inst|shifted_dtmcs[1]                                                                                                                                                                                                                                                       ; 0.891             ;
; sld_hub:auto_hub|alt_sld_fab_with_jtag_input:\instrumentation_fabric_with_node_gen:fabric_gen_new_way:with_jtag_input_gen:instrumentation_fabric|alt_sld_fab:instrumentation_fabric|alt_sld_fab_alt_sld_fab:alt_sld_fab|alt_sld_fab_alt_sld_fab_sldfabric:sldfabric|sld_jtag_hub:\jtag_hub_gen:real_sld_jtag_hub|sld_rom_sr:hub_info_reg|WORD_SR[1]      ; sld_hub:auto_hub|alt_sld_fab_with_jtag_input:\instrumentation_fabric_with_node_gen:fabric_gen_new_way:with_jtag_input_gen:instrumentation_fabric|alt_sld_fab:instrumentation_fabric|alt_sld_fab_alt_sld_fab:alt_sld_fab|alt_sld_fab_alt_sld_fab_sldfabric:sldfabric|sld_jtag_hub:\jtag_hub_gen:real_sld_jtag_hub|sld_rom_sr:hub_info_reg|WORD_SR[0]      ; 0.890             ;
; Lab4_NIOSV_FreeRTOS:niosv_freertos|niosv_dm_top:dbg_mod|niosv_dm_jtag2mm:dtm_inst|shifted_dmi[34]                                                                                                                                                                                                                                                        ; Lab4_NIOSV_FreeRTOS:niosv_freertos|niosv_dm_top:dbg_mod|niosv_dm_jtag2mm:dtm_inst|updated_dmi[34]                                                                                                                                                                                                                                                        ; 0.888             ;
; Lab4_NIOSV_FreeRTOS:niosv_freertos|niosv_dm_top:dbg_mod|niosv_dm_jtag2mm:dtm_inst|shifted_dmi[36]                                                                                                                                                                                                                                                        ; Lab4_NIOSV_FreeRTOS:niosv_freertos|niosv_dm_top:dbg_mod|niosv_dm_jtag2mm:dtm_inst|updated_dmi[36]                                                                                                                                                                                                                                                        ; 0.888             ;
; Lab4_NIOSV_FreeRTOS:niosv_freertos|niosv_dm_top:dbg_mod|niosv_dm_jtag2mm:dtm_inst|shifted_dmi[38]                                                                                                                                                                                                                                                        ; Lab4_NIOSV_FreeRTOS:niosv_freertos|niosv_dm_top:dbg_mod|niosv_dm_jtag2mm:dtm_inst|updated_dmi[38]                                                                                                                                                                                                                                                        ; 0.888             ;
; Lab4_NIOSV_FreeRTOS:niosv_freertos|niosv_dm_top:dbg_mod|niosv_dm_jtag2mm:dtm_inst|shifted_dmi[42]                                                                                                                                                                                                                                                        ; Lab4_NIOSV_FreeRTOS:niosv_freertos|niosv_dm_top:dbg_mod|niosv_dm_jtag2mm:dtm_inst|updated_dmi[42]                                                                                                                                                                                                                                                        ; 0.888             ;
; Lab4_NIOSV_FreeRTOS:niosv_freertos|niosv_dm_top:dbg_mod|niosv_dm_jtag2mm:dtm_inst|shifted_dtmcs[15]                                                                                                                                                                                                                                                      ; Lab4_NIOSV_FreeRTOS:niosv_freertos|niosv_dm_top:dbg_mod|niosv_dm_jtag2mm:dtm_inst|shifted_dtmcs[14]                                                                                                                                                                                                                                                      ; 0.887             ;
; Lab4_NIOSV_FreeRTOS:niosv_freertos|niosv_dm_top:dbg_mod|niosv_dm_jtag2mm:dtm_inst|shifted_dtmcs[31]                                                                                                                                                                                                                                                      ; Lab4_NIOSV_FreeRTOS:niosv_freertos|niosv_dm_top:dbg_mod|niosv_dm_jtag2mm:dtm_inst|shifted_dtmcs[30]                                                                                                                                                                                                                                                      ; 0.887             ;
; Lab4_NIOSV_FreeRTOS:niosv_freertos|niosv_dm_top:dbg_mod|niosv_dm_jtag2mm:dtm_inst|shifted_dtmcs[29]                                                                                                                                                                                                                                                      ; Lab4_NIOSV_FreeRTOS:niosv_freertos|niosv_dm_top:dbg_mod|niosv_dm_jtag2mm:dtm_inst|shifted_dtmcs[28]                                                                                                                                                                                                                                                      ; 0.887             ;
; Lab4_NIOSV_FreeRTOS:niosv_freertos|niosv_dm_top:dbg_mod|niosv_dm_jtag2mm:dtm_inst|shifted_dtmcs[27]                                                                                                                                                                                                                                                      ; Lab4_NIOSV_FreeRTOS:niosv_freertos|niosv_dm_top:dbg_mod|niosv_dm_jtag2mm:dtm_inst|shifted_dtmcs[26]                                                                                                                                                                                                                                                      ; 0.887             ;
; Lab4_NIOSV_FreeRTOS:niosv_freertos|niosv_dm_top:dbg_mod|niosv_dm_jtag2mm:dtm_inst|shifted_dtmcs[25]                                                                                                                                                                                                                                                      ; Lab4_NIOSV_FreeRTOS:niosv_freertos|niosv_dm_top:dbg_mod|niosv_dm_jtag2mm:dtm_inst|shifted_dtmcs[24]                                                                                                                                                                                                                                                      ; 0.887             ;
; Lab4_NIOSV_FreeRTOS:niosv_freertos|niosv_dm_top:dbg_mod|niosv_dm_jtag2mm:dtm_inst|shifted_dtmcs[23]                                                                                                                                                                                                                                                      ; Lab4_NIOSV_FreeRTOS:niosv_freertos|niosv_dm_top:dbg_mod|niosv_dm_jtag2mm:dtm_inst|shifted_dtmcs[22]                                                                                                                                                                                                                                                      ; 0.887             ;
; Lab4_NIOSV_FreeRTOS:niosv_freertos|niosv_dm_top:dbg_mod|niosv_dm_jtag2mm:dtm_inst|shifted_dtmcs[22]                                                                                                                                                                                                                                                      ; Lab4_NIOSV_FreeRTOS:niosv_freertos|niosv_dm_top:dbg_mod|niosv_dm_jtag2mm:dtm_inst|shifted_dtmcs[21]                                                                                                                                                                                                                                                      ; 0.887             ;
; Lab4_NIOSV_FreeRTOS:niosv_freertos|niosv_dm_top:dbg_mod|niosv_dm_jtag2mm:dtm_inst|shifted_dtmcs[21]                                                                                                                                                                                                                                                      ; Lab4_NIOSV_FreeRTOS:niosv_freertos|niosv_dm_top:dbg_mod|niosv_dm_jtag2mm:dtm_inst|shifted_dtmcs[20]                                                                                                                                                                                                                                                      ; 0.887             ;
; Lab4_NIOSV_FreeRTOS:niosv_freertos|niosv_dm_top:dbg_mod|niosv_dm_jtag2mm:dtm_inst|shifted_dtmcs[19]                                                                                                                                                                                                                                                      ; Lab4_NIOSV_FreeRTOS:niosv_freertos|niosv_dm_top:dbg_mod|niosv_dm_jtag2mm:dtm_inst|shifted_dtmcs[18]                                                                                                                                                                                                                                                      ; 0.887             ;
; Lab4_NIOSV_FreeRTOS:niosv_freertos|niosv_dm_top:dbg_mod|niosv_dm_jtag2mm:dtm_inst|shifted_dtmcs[17]                                                                                                                                                                                                                                                      ; Lab4_NIOSV_FreeRTOS:niosv_freertos|niosv_dm_top:dbg_mod|niosv_dm_jtag2mm:dtm_inst|shifted_dtmcs[16]                                                                                                                                                                                                                                                      ; 0.887             ;
; sld_hub:auto_hub|alt_sld_fab_with_jtag_input:\instrumentation_fabric_with_node_gen:fabric_gen_new_way:with_jtag_input_gen:instrumentation_fabric|alt_sld_fab:instrumentation_fabric|alt_sld_fab_alt_sld_fab:alt_sld_fab|alt_sld_fab_alt_sld_fab_sldfabric:sldfabric|sld_jtag_hub:\jtag_hub_gen:real_sld_jtag_hub|sld_shadow_jsm:shadow_jsm|state[9]      ; sld_hub:auto_hub|alt_sld_fab_with_jtag_input:\instrumentation_fabric_with_node_gen:fabric_gen_new_way:with_jtag_input_gen:instrumentation_fabric|alt_sld_fab:instrumentation_fabric|alt_sld_fab_alt_sld_fab:alt_sld_fab|alt_sld_fab_alt_sld_fab_sldfabric:sldfabric|sld_jtag_hub:\jtag_hub_gen:real_sld_jtag_hub|sld_shadow_jsm:shadow_jsm|state[10]     ; 0.884             ;
; Lab4_NIOSV_FreeRTOS:niosv_freertos|niosv_dm_top:dbg_mod|niosv_dm_jtag2mm:dtm_inst|shifted_dmi[9]                                                                                                                                                                                                                                                         ; Lab4_NIOSV_FreeRTOS:niosv_freertos|niosv_dm_top:dbg_mod|niosv_dm_jtag2mm:dtm_inst|cmd_data[7]                                                                                                                                                                                                                                                            ; 0.881             ;
; Lab4_DEBUG:debug|alt_jtag_atlantic:Lab4_DEBUG_alt_jtag_atlantic|user_saw_rvalid                                                                                                                                                                                                                                                                          ; Lab4_DEBUG:debug|alt_jtag_atlantic:Lab4_DEBUG_alt_jtag_atlantic|td_shift[0]                                                                                                                                                                                                                                                                              ; 0.880             ;
; Lab4_DEBUG:debug|alt_jtag_atlantic:Lab4_DEBUG_alt_jtag_atlantic|td_shift[10]                                                                                                                                                                                                                                                                             ; Lab4_DEBUG:debug|alt_jtag_atlantic:Lab4_DEBUG_alt_jtag_atlantic|td_shift[9]                                                                                                                                                                                                                                                                              ; 0.880             ;
; Lab4_DEBUG:debug|alt_jtag_atlantic:Lab4_DEBUG_alt_jtag_atlantic|state                                                                                                                                                                                                                                                                                    ; Lab4_DEBUG:debug|alt_jtag_atlantic:Lab4_DEBUG_alt_jtag_atlantic|td_shift[0]                                                                                                                                                                                                                                                                              ; 0.880             ;
; Lab4_DEBUG:debug|alt_jtag_atlantic:Lab4_DEBUG_alt_jtag_atlantic|count[1]                                                                                                                                                                                                                                                                                 ; Lab4_DEBUG:debug|alt_jtag_atlantic:Lab4_DEBUG_alt_jtag_atlantic|td_shift[0]                                                                                                                                                                                                                                                                              ; 0.880             ;
; altera_reserved_tdi                                                                                                                                                                                                                                                                                                                                      ; Lab4_DEBUG:debug|alt_jtag_atlantic:Lab4_DEBUG_alt_jtag_atlantic|td_shift[0]                                                                                                                                                                                                                                                                              ; 0.880             ;
; altera_internal_jtag~FF_20                                                                                                                                                                                                                                                                                                                               ; Lab4_DEBUG:debug|alt_jtag_atlantic:Lab4_DEBUG_alt_jtag_atlantic|td_shift[0]                                                                                                                                                                                                                                                                              ; 0.880             ;
; altera_internal_jtag~FF_39                                                                                                                                                                                                                                                                                                                               ; Lab4_DEBUG:debug|alt_jtag_atlantic:Lab4_DEBUG_alt_jtag_atlantic|td_shift[0]                                                                                                                                                                                                                                                                              ; 0.880             ;
; Lab4_DEBUG:debug|alt_jtag_atlantic:Lab4_DEBUG_alt_jtag_atlantic|td_shift[4]                                                                                                                                                                                                                                                                              ; Lab4_DEBUG:debug|alt_jtag_atlantic:Lab4_DEBUG_alt_jtag_atlantic|td_shift[3]                                                                                                                                                                                                                                                                              ; 0.879             ;
; Lab4_NIOSV_FreeRTOS:niosv_freertos|niosv_dm_top:dbg_mod|niosv_dm_jtag2mm:dtm_inst|shifted_dtmcs[13]                                                                                                                                                                                                                                                      ; Lab4_NIOSV_FreeRTOS:niosv_freertos|niosv_dm_top:dbg_mod|niosv_dm_jtag2mm:dtm_inst|shifted_dtmcs[12]                                                                                                                                                                                                                                                      ; 0.876             ;
; Lab4_NIOSV_FreeRTOS:niosv_freertos|niosv_dm_top:dbg_mod|niosv_dm_jtag2mm:dtm_inst|shifted_dtmcs[10]                                                                                                                                                                                                                                                      ; Lab4_NIOSV_FreeRTOS:niosv_freertos|niosv_dm_top:dbg_mod|niosv_dm_jtag2mm:dtm_inst|shifted_dtmcs[9]                                                                                                                                                                                                                                                       ; 0.876             ;
; Lab4_NIOSV_FreeRTOS:niosv_freertos|niosv_dm_top:dbg_mod|niosv_dm_jtag2mm:dtm_inst|shifted_dtmcs[8]                                                                                                                                                                                                                                                       ; Lab4_NIOSV_FreeRTOS:niosv_freertos|niosv_dm_top:dbg_mod|niosv_dm_jtag2mm:dtm_inst|shifted_dtmcs[7]                                                                                                                                                                                                                                                       ; 0.876             ;
; Lab4_NIOSV_FreeRTOS:niosv_freertos|niosv_dm_top:dbg_mod|niosv_dm_jtag2mm:dtm_inst|shifted_dtmcs[6]                                                                                                                                                                                                                                                       ; Lab4_NIOSV_FreeRTOS:niosv_freertos|niosv_dm_top:dbg_mod|niosv_dm_jtag2mm:dtm_inst|shifted_dtmcs[5]                                                                                                                                                                                                                                                       ; 0.876             ;
; Lab4_NIOSV_FreeRTOS:niosv_freertos|niosv_dm_top:dbg_mod|niosv_dm_jtag2mm:dtm_inst|shifted_dtmcs[3]                                                                                                                                                                                                                                                       ; Lab4_NIOSV_FreeRTOS:niosv_freertos|niosv_dm_top:dbg_mod|niosv_dm_jtag2mm:dtm_inst|shifted_dtmcs[2]                                                                                                                                                                                                                                                       ; 0.876             ;
; Lab4_NIOSV_FreeRTOS:niosv_freertos|niosv_dm_top:dbg_mod|niosv_dm_jtag2mm:dtm_inst|shifted_dtmcs[1]                                                                                                                                                                                                                                                       ; Lab4_NIOSV_FreeRTOS:niosv_freertos|niosv_dm_top:dbg_mod|niosv_dm_jtag2mm:dtm_inst|shifted_dtmcs[0]                                                                                                                                                                                                                                                       ; 0.876             ;
; Lab4_NIOSV_FreeRTOS:niosv_freertos|niosv_dm_top:dbg_mod|niosv_dm_jtag2mm:dtm_inst|shifted_dmi[35]                                                                                                                                                                                                                                                        ; Lab4_NIOSV_FreeRTOS:niosv_freertos|niosv_dm_top:dbg_mod|niosv_dm_jtag2mm:dtm_inst|updated_dmi[35]                                                                                                                                                                                                                                                        ; 0.874             ;
; Lab4_NIOSV_FreeRTOS:niosv_freertos|niosv_dm_top:dbg_mod|niosv_dm_jtag2mm:dtm_inst|shifted_dmi[37]                                                                                                                                                                                                                                                        ; Lab4_NIOSV_FreeRTOS:niosv_freertos|niosv_dm_top:dbg_mod|niosv_dm_jtag2mm:dtm_inst|updated_dmi[37]                                                                                                                                                                                                                                                        ; 0.874             ;
; Lab4_NIOSV_FreeRTOS:niosv_freertos|niosv_dm_top:dbg_mod|niosv_dm_jtag2mm:dtm_inst|shifted_dmi[39]                                                                                                                                                                                                                                                        ; Lab4_NIOSV_FreeRTOS:niosv_freertos|niosv_dm_top:dbg_mod|niosv_dm_jtag2mm:dtm_inst|updated_dmi[39]                                                                                                                                                                                                                                                        ; 0.874             ;
; Lab4_NIOSV_FreeRTOS:niosv_freertos|niosv_dm_top:dbg_mod|niosv_dm_jtag2mm:dtm_inst|shifted_dmi[41]                                                                                                                                                                                                                                                        ; Lab4_NIOSV_FreeRTOS:niosv_freertos|niosv_dm_top:dbg_mod|niosv_dm_jtag2mm:dtm_inst|updated_dmi[41]                                                                                                                                                                                                                                                        ; 0.874             ;
; Lab4_NIOSV_FreeRTOS:niosv_freertos|niosv_dm_top:dbg_mod|niosv_dm_jtag2mm:dtm_inst|shifted_dmi[8]                                                                                                                                                                                                                                                         ; Lab4_NIOSV_FreeRTOS:niosv_freertos|niosv_dm_top:dbg_mod|niosv_dm_jtag2mm:dtm_inst|cmd_data[6]                                                                                                                                                                                                                                                            ; 0.873             ;
; Lab4_NIOSV_FreeRTOS:niosv_freertos|niosv_dm_top:dbg_mod|niosv_dm_jtag2mm:dtm_inst|shifted_dmi[3]                                                                                                                                                                                                                                                         ; Lab4_NIOSV_FreeRTOS:niosv_freertos|niosv_dm_top:dbg_mod|niosv_dm_jtag2mm:dtm_inst|cmd_data[1]                                                                                                                                                                                                                                                            ; 0.873             ;
; Lab4_NIOSV_FreeRTOS:niosv_freertos|niosv_dm_top:dbg_mod|niosv_dm_jtag2mm:dtm_inst|shifted_dtmcs[30]                                                                                                                                                                                                                                                      ; Lab4_NIOSV_FreeRTOS:niosv_freertos|niosv_dm_top:dbg_mod|niosv_dm_jtag2mm:dtm_inst|shifted_dtmcs[29]                                                                                                                                                                                                                                                      ; 0.872             ;
; Lab4_NIOSV_FreeRTOS:niosv_freertos|niosv_dm_top:dbg_mod|niosv_dm_jtag2mm:dtm_inst|shifted_dtmcs[28]                                                                                                                                                                                                                                                      ; Lab4_NIOSV_FreeRTOS:niosv_freertos|niosv_dm_top:dbg_mod|niosv_dm_jtag2mm:dtm_inst|shifted_dtmcs[27]                                                                                                                                                                                                                                                      ; 0.872             ;
; Lab4_NIOSV_FreeRTOS:niosv_freertos|niosv_dm_top:dbg_mod|niosv_dm_jtag2mm:dtm_inst|shifted_dtmcs[26]                                                                                                                                                                                                                                                      ; Lab4_NIOSV_FreeRTOS:niosv_freertos|niosv_dm_top:dbg_mod|niosv_dm_jtag2mm:dtm_inst|shifted_dtmcs[25]                                                                                                                                                                                                                                                      ; 0.872             ;
; Lab4_NIOSV_FreeRTOS:niosv_freertos|niosv_dm_top:dbg_mod|niosv_dm_jtag2mm:dtm_inst|shifted_dtmcs[24]                                                                                                                                                                                                                                                      ; Lab4_NIOSV_FreeRTOS:niosv_freertos|niosv_dm_top:dbg_mod|niosv_dm_jtag2mm:dtm_inst|shifted_dtmcs[23]                                                                                                                                                                                                                                                      ; 0.872             ;
; Lab4_NIOSV_FreeRTOS:niosv_freertos|niosv_dm_top:dbg_mod|niosv_dm_jtag2mm:dtm_inst|shifted_dtmcs[20]                                                                                                                                                                                                                                                      ; Lab4_NIOSV_FreeRTOS:niosv_freertos|niosv_dm_top:dbg_mod|niosv_dm_jtag2mm:dtm_inst|shifted_dtmcs[19]                                                                                                                                                                                                                                                      ; 0.872             ;
; Lab4_NIOSV_FreeRTOS:niosv_freertos|niosv_dm_top:dbg_mod|niosv_dm_jtag2mm:dtm_inst|shifted_dtmcs[18]                                                                                                                                                                                                                                                      ; Lab4_NIOSV_FreeRTOS:niosv_freertos|niosv_dm_top:dbg_mod|niosv_dm_jtag2mm:dtm_inst|shifted_dtmcs[17]                                                                                                                                                                                                                                                      ; 0.872             ;
; Lab4_NIOSV_FreeRTOS:niosv_freertos|niosv_dm_top:dbg_mod|niosv_dm_jtag2mm:dtm_inst|shifted_dmi[5]                                                                                                                                                                                                                                                         ; Lab4_NIOSV_FreeRTOS:niosv_freertos|niosv_dm_top:dbg_mod|niosv_dm_jtag2mm:dtm_inst|cmd_data[3]                                                                                                                                                                                                                                                            ; 0.867             ;
+----------------------------------------------------------------------------------------------------------------------------------------------------------------------------------------------------------------------------------------------------------------------------------------------------------------------------------------------------------+----------------------------------------------------------------------------------------------------------------------------------------------------------------------------------------------------------------------------------------------------------------------------------------------------------------------------------------------------------+-------------------+
Note: This table only shows the top 100 path(s) that have the largest delay added for hold.


+-----------------+
; Fitter Messages ;
+-----------------+
Warning (18236): Number of processors has not been specified which may cause overloading on shared machines.  Set the global assignment NUM_PARALLEL_PROCESSORS in your QSF to an appropriate value for best performance.
Info (20030): Parallel compilation is enabled and will use 4 of the 4 processors detected
Info (119006): Selected device 5CSXFC6D6F31C6 for design "Lab4"
Info (21077): Low junction temperature is 0 degrees C
Info (21077): High junction temperature is 85 degrees C
Warning (21300): LOCKED port on the PLL is not properly connected on instance "Lab4_CLOCKS:clocks|Lab4_CLOCKS_sys_pll:sys_pll|altera_pll:altera_pll_i|general[0].gpll". The LOCKED port on the PLL should be connected when the FBOUTCLK port is connected. Although it is unnecessary to connect the LOCKED signal, any logic driven off of an output clock of the PLL will not know when the PLL is locked and ready.
Info (171003): Fitter is performing an Auto Fit compilation, which may decrease Fitter effort to reduce compilation time
Warning (15714): Some pins have incomplete I/O assignments. Refer to the I/O Assignment Warnings report for details
Info (176045): Design uses memory blocks. Violating setup or hold times of memory block address registers for either read or write operations could cause memory contents to be corrupted. Make sure that all memory block address registers meet the setup and hold time requirements.
Info (184020): Starting Fitter periphery placement operations
Info (11178): Promoted 2 clocks (2 global)
    Info (11162): Lab4_CLOCKS:clocks|Lab4_CLOCKS_sys_pll:sys_pll|altera_pll:altera_pll_i|outclk_wire[0]~CLKENA0 with 3189 fanout uses global clock CLKCTRL_G5
    Info (11162): Lab4_CLOCKS:clocks|Lab4_CLOCKS_sys_pll:sys_pll|altera_pll:altera_pll_i|outclk_wire[1]~CLKENA0 with 1 fanout uses global clock CLKCTRL_G6
Info (184021): Fitter periphery placement operations ending: elapsed time is 00:00:00
Info (332164): Evaluating HDL-embedded SDC commands
    Info (332165): Entity alt_jtag_atlantic
        Info (332166): set_false_path -from [get_registers {*|alt_jtag_atlantic:*|jupdate}] -to [get_registers {*|alt_jtag_atlantic:*|jupdate1*}] 
        Info (332166): set_false_path -from [get_registers {*|alt_jtag_atlantic:*|rdata[*]}] -to [get_registers {*|alt_jtag_atlantic*|td_shift[*]}]
        Info (332166): set_false_path -from [get_registers {*|alt_jtag_atlantic:*|rdata[*]}] -to [get_registers {*|alt_jtag_atlantic*|td_shift[*]}]
        Info (332166): set_false_path -from [get_registers {*|alt_jtag_atlantic:*|rdata[*]}] -to [get_registers {*|alt_jtag_atlantic*|td_shift[*]}]
        Info (332166): set_false_path -from [get_registers {*|alt_jtag_atlantic:*|rdata[*]}] -to [get_registers {*|alt_jtag_atlantic*|td_shift[*]}]
        Info (332166): set_false_path -from [get_registers {*|alt_jtag_atlantic:*|rdata[*]}] -to [get_registers {*|alt_jtag_atlantic*|td_shift[*]}]
        Info (332166): set_false_path -from [get_registers {*|alt_jtag_atlantic:*|rdata[*]}] -to [get_registers {*|alt_jtag_atlantic*|td_shift[*]}]
        Info (332166): set_false_path -from [get_registers {*|alt_jtag_atlantic:*|rdata[*]}] -to [get_registers {*|alt_jtag_atlantic*|td_shift[*]}]
        Info (332166): set_false_path -from [get_registers {*|alt_jtag_atlantic:*|rdata[*]}] -to [get_registers {*|alt_jtag_atlantic*|td_shift[*]}]
        Info (332166): set_false_path -from [get_registers {*|alt_jtag_atlantic:*|read}] -to [get_registers {*|alt_jtag_atlantic:*|read1*}] 
        Info (332166): set_false_path -from [get_registers {*|alt_jtag_atlantic:*|read_req}]
        Info (332166): set_false_path -from [get_registers {*|alt_jtag_atlantic:*|rvalid}] -to [get_registers {*|alt_jtag_atlantic*|td_shift[*]}]
        Info (332166): set_false_path -from [get_registers {*|t_dav}] -to [get_registers {*|alt_jtag_atlantic:*|tck_t_dav}]
        Info (332166): set_false_path -from [get_registers {*|alt_jtag_atlantic:*|user_saw_rvalid}] -to [get_registers {*|alt_jtag_atlantic:*|rvalid0*}]
        Info (332166): set_false_path -from [get_registers {*|alt_jtag_atlantic:*|wdata[*]}] -to [get_registers {*}]
        Info (332166): set_false_path -from [get_registers {*|alt_jtag_atlantic:*|wdata[*]}] -to [get_registers {*}]
        Info (332166): set_false_path -from [get_registers {*|alt_jtag_atlantic:*|wdata[*]}] -to [get_registers {*}]
        Info (332166): set_false_path -from [get_registers {*|alt_jtag_atlantic:*|wdata[*]}] -to [get_registers {*}]
        Info (332166): set_false_path -from [get_registers {*|alt_jtag_atlantic:*|wdata[*]}] -to [get_registers {*}]
        Info (332166): set_false_path -from [get_registers {*|alt_jtag_atlantic:*|wdata[*]}] -to [get_registers {*}]
        Info (332166): set_false_path -from [get_registers {*|alt_jtag_atlantic:*|wdata[*]}] -to [get_registers {*}]
        Info (332166): set_false_path -from [get_registers {*|alt_jtag_atlantic:*|wdata[*]}] -to [get_registers {*}]
        Info (332166): set_false_path -from [get_registers {*|alt_jtag_atlantic:*|write}] -to [get_registers {*|alt_jtag_atlantic:*|write1*}] 
        Info (332166): set_false_path -from [get_registers {*|alt_jtag_atlantic:*|write_stalled}] -to [get_registers {*|alt_jtag_atlantic:*|t_ena*}]
        Info (332166): set_false_path -from [get_registers {*|alt_jtag_atlantic:*|write_stalled}] -to [get_registers {*|alt_jtag_atlantic:*|t_pause*}]
        Info (332166): set_false_path -from [get_registers {*|alt_jtag_atlantic:*|write_valid}]
    Info (332165): Entity sld_hub
        Info (332166): create_clock -name altera_reserved_tck [get_ports {altera_reserved_tck}] -period 30MHz   
        Info (332166): if { [string equal quartus_fit $::TimeQuestInfo(nameofexecutable)] } { set_max_delay -to [get_ports { altera_reserved_tdo } ] 0 }
        Info (332166): set_clock_groups -asynchronous -group {altera_reserved_tck}
Info (332104): Reading SDC File: 'Lab4/synthesis/submodules/altera_reset_controller.sdc'
Info (332104): Reading SDC File: 'Lab4/synthesis/submodules/altera_avalon_st_handshake_clock_crosser.sdc'
Warning (332060): Node: clk_clk was determined to be a clock but was found without an associated clock assignment.
    Info (13166): Register Lab4_SDRAM:sdram|m_addr[0] is being clocked by clk_clk
Info (332143): No user constrained clock uncertainty found in the design. Calling "derive_clock_uncertainty"
Info (332123): Deriving Clock Uncertainty. Please refer to report_sdc in the Timing Analyzer to see clock uncertainties.
Warning (332056): PLL cross checking found inconsistent PLL clock settings:
    Warning (332056): Node: clocks|sys_pll|altera_pll_i|general[0].gpll~FRACTIONAL_PLL|vcoph[0] was found missing 1 generated clock that corresponds to a base clock with a period of: 20.000
Info (332129): Detected timing requirements -- optimizing circuit to achieve only the specified requirements
Info (332111): Found 1 clocks
    Info (332111):   Period   Clock Name
    Info (332111): ======== ============
    Info (332111):   33.333 altera_reserved_tck
Info (176233): Starting register packing
Warning (176250): Ignoring invalid fast I/O register assignments. See the Ignored Assignments panel in the Fitter Compilation Report for more information.
Warning (176251): Ignoring some wildcard destinations of fast I/O register assignments
    Info (176252): Wildcard assignment "Fast Output Enable Register=ON" to "oe" matches multiple destination nodes -- some destinations are not valid targets for this assignment
    Info (176252): Wildcard assignment "Fast Output Register=ON" to "m_data[9]" matches multiple destination nodes -- some destinations are not valid targets for this assignment
    Info (176252): Wildcard assignment "Fast Output Register=ON" to "m_data[8]" matches multiple destination nodes -- some destinations are not valid targets for this assignment
    Info (176252): Wildcard assignment "Fast Output Register=ON" to "m_data[7]" matches multiple destination nodes -- some destinations are not valid targets for this assignment
    Info (176252): Wildcard assignment "Fast Output Register=ON" to "m_data[6]" matches multiple destination nodes -- some destinations are not valid targets for this assignment
    Info (176252): Wildcard assignment "Fast Output Register=ON" to "m_data[5]" matches multiple destination nodes -- some destinations are not valid targets for this assignment
    Info (176252): Wildcard assignment "Fast Output Register=ON" to "m_data[4]" matches multiple destination nodes -- some destinations are not valid targets for this assignment
    Info (176252): Wildcard assignment "Fast Output Register=ON" to "m_data[3]" matches multiple destination nodes -- some destinations are not valid targets for this assignment
    Info (176252): Wildcard assignment "Fast Output Register=ON" to "m_data[2]" matches multiple destination nodes -- some destinations are not valid targets for this assignment
    Info (176252): Wildcard assignment "Fast Output Register=ON" to "m_data[1]" matches multiple destination nodes -- some destinations are not valid targets for this assignment
    Info (176252): Wildcard assignment "Fast Output Register=ON" to "m_data[15]" matches multiple destination nodes -- some destinations are not valid targets for this assignment
    Info (176252): Wildcard assignment "Fast Output Register=ON" to "m_data[14]" matches multiple destination nodes -- some destinations are not valid targets for this assignment
    Info (176252): Wildcard assignment "Fast Output Register=ON" to "m_data[13]" matches multiple destination nodes -- some destinations are not valid targets for this assignment
    Info (176252): Wildcard assignment "Fast Output Register=ON" to "m_data[12]" matches multiple destination nodes -- some destinations are not valid targets for this assignment
    Info (176252): Wildcard assignment "Fast Output Register=ON" to "m_data[11]" matches multiple destination nodes -- some destinations are not valid targets for this assignment
    Info (176252): Wildcard assignment "Fast Output Register=ON" to "m_data[10]" matches multiple destination nodes -- some destinations are not valid targets for this assignment
    Info (176252): Wildcard assignment "Fast Output Register=ON" to "m_data[0]" matches multiple destination nodes -- some destinations are not valid targets for this assignment
    Info (176252): Wildcard assignment "Fast Output Register=ON" to "m_cmd[2]" matches multiple destination nodes -- some destinations are not valid targets for this assignment
    Info (176252): Wildcard assignment "Fast Output Register=ON" to "m_cmd[1]" matches multiple destination nodes -- some destinations are not valid targets for this assignment
    Info (176252): Wildcard assignment "Fast Output Register=ON" to "m_cmd[0]" matches multiple destination nodes -- some destinations are not valid targets for this assignment
Info (176235): Finished register packing
    Extra Info (176218): Packed 24 registers into blocks of type Block RAM
    Extra Info (176218): Packed 16 registers into blocks of type I/O input buffer
    Extra Info (176218): Packed 53 registers into blocks of type I/O output buffer
    Extra Info (176220): Created 34 register duplicates
Info (11798): Fitter preparation operations ending: elapsed time is 00:00:17
Info (170189): Fitter placement preparation operations beginning
Info (14951): The Fitter is using Advanced Physical Optimization.
Info (170190): Fitter placement preparation operations ending: elapsed time is 00:00:13
Info (170191): Fitter placement operations beginning
Info (170137): Fitter placement was successful
Info (170192): Fitter placement operations ending: elapsed time is 00:00:05
Info (170193): Fitter routing operations beginning
Info (170195): Router estimated average interconnect usage is 2% of the available device resources
    Info (170196): Router estimated peak interconnect usage is 20% of the available device resources in the region that extends from location X0_Y0 to location X10_Y10
Info (170199): The Fitter performed an Auto Fit compilation.  Optimizations were skipped to reduce compilation time.
    Info (170201): Optimizations that may affect the design's routability were skipped
Info (170194): Fitter routing operations ending: elapsed time is 00:00:11
Info (11888): Total time spent on timing analysis during the Fitter is 3.76 seconds.
Info (334003): Started post-fitting delay annotation
Info (334004): Delay annotation completed successfully
Info (334003): Started post-fitting delay annotation
Info (334004): Delay annotation completed successfully
Info (11801): Fitter post-fit operations ending: elapsed time is 00:00:17
Warning (171167): Found invalid Fitter assignments. See the Ignored Assignments panel in the Fitter Compilation Report for more information.
Info (144001): Generated suppressed messages file /home/cari/cst455_soc/Lab4/output_files/Lab4.fit.smsg
Info: Quartus Prime Fitter was successful. 0 errors, 9 warnings
    Info: Peak virtual memory: 2724 megabytes
    Info: Processing ended: Tue Nov 26 18:45:07 2024
    Info: Elapsed time: 00:01:36
    Info: Total CPU time (on all processors): 00:03:35


+----------------------------+
; Fitter Suppressed Messages ;
+----------------------------+
The suppressed messages can be found in /home/cari/cst455_soc/Lab4/output_files/Lab4.fit.smsg.


