Analysis & Elaboration report for Lab3
Wed Nov  6 19:35:40 2024
Quartus Prime Version 23.1std.0 Build 991 11/28/2023 SC Standard Edition


---------------------
; Table of Contents ;
---------------------
  1. Legal Notice
  2. Analysis & Elaboration Summary
  3. Parallel Compilation
  4. Analysis & Elaboration IP Cores Summary
  5. Source assignments for Lab3_DEBUG:debug|Lab3_DEBUG_scfifo_w:the_Lab3_DEBUG_scfifo_w|scfifo:wfifo|scfifo_3291:auto_generated|a_dpfifo_5771:dpfifo|altsyncram_7pu1:FIFOram
  6. Source assignments for Lab3_DEBUG:debug|Lab3_DEBUG_scfifo_r:the_Lab3_DEBUG_scfifo_r|scfifo:rfifo|scfifo_3291:auto_generated|a_dpfifo_5771:dpfifo|altsyncram_7pu1:FIFOram
  7. Source assignments for Lab3_Lab3:lab3|altera_reset_controller:rst_controller_001|altera_reset_synchronizer:alt_rst_sync_uq1
  8. Source assignments for Lab3_Lab3:lab3|altera_reset_controller:rst_controller_001|altera_reset_synchronizer:alt_rst_req_sync_uq1
  9. Source assignments for Lab3_SRAM:sram|altsyncram:the_altsyncram|altsyncram_ptl1:auto_generated
 10. Source assignments for Lab3_mm_interconnect_0:mm_interconnect_0|Lab3_mm_interconnect_0_cmd_demux:cmd_demux
 11. Source assignments for Lab3_mm_interconnect_0:mm_interconnect_0|Lab3_mm_interconnect_0_cmd_demux:cmd_demux_001
 12. Source assignments for Lab3_mm_interconnect_0:mm_interconnect_0|Lab3_mm_interconnect_0_cmd_demux_002:cmd_demux_002
 13. Source assignments for Lab3_mm_interconnect_0:mm_interconnect_0|Lab3_mm_interconnect_0_cmd_demux_002:cmd_demux_003
 14. Source assignments for Lab3_mm_interconnect_0:mm_interconnect_0|Lab3_mm_interconnect_0_rsp_demux:rsp_demux
 15. Source assignments for Lab3_mm_interconnect_0:mm_interconnect_0|Lab3_mm_interconnect_0_rsp_demux_001:rsp_demux_001
 16. Source assignments for Lab3_mm_interconnect_0:mm_interconnect_0|Lab3_mm_interconnect_0_rsp_demux_001:rsp_demux_002
 17. Source assignments for Lab3_mm_interconnect_0:mm_interconnect_0|Lab3_mm_interconnect_0_rsp_demux:rsp_demux_003
 18. Source assignments for Lab3_mm_interconnect_0:mm_interconnect_0|Lab3_mm_interconnect_0_rsp_demux:rsp_demux_004
 19. Source assignments for Lab3_mm_interconnect_0:mm_interconnect_0|Lab3_mm_interconnect_0_rsp_demux:rsp_demux_005
 20. Source assignments for Lab3_mm_interconnect_0:mm_interconnect_0|Lab3_mm_interconnect_0_rsp_demux:rsp_demux_006
 21. Source assignments for Lab3_mm_interconnect_0:mm_interconnect_0|Lab3_mm_interconnect_0_rsp_demux:rsp_demux_007
 22. Source assignments for Lab3_mm_interconnect_0:mm_interconnect_0|Lab3_mm_interconnect_0_rsp_demux:rsp_demux_008
 23. Source assignments for Lab3_mm_interconnect_0:mm_interconnect_0|Lab3_mm_interconnect_0_rsp_demux:rsp_demux_009
 24. Source assignments for Lab3_mm_interconnect_0:mm_interconnect_0|Lab3_mm_interconnect_0_rsp_demux:rsp_demux_010
 25. Source assignments for altera_reset_controller:rst_controller
 26. Source assignments for altera_reset_controller:rst_controller|altera_reset_synchronizer:alt_rst_sync_uq1
 27. Source assignments for altera_reset_controller:rst_controller|altera_reset_synchronizer:alt_rst_req_sync_uq1
 28. Source assignments for altera_reset_controller:rst_controller_001|altera_reset_synchronizer:alt_rst_sync_uq1
 29. Source assignments for altera_reset_controller:rst_controller_001|altera_reset_synchronizer:alt_rst_req_sync_uq1
 30. Parameter Settings for User Entity Instance: Lab3_DEBUG:debug|Lab3_DEBUG_scfifo_w:the_Lab3_DEBUG_scfifo_w|scfifo:wfifo
 31. Parameter Settings for User Entity Instance: Lab3_DEBUG:debug|Lab3_DEBUG_scfifo_r:the_Lab3_DEBUG_scfifo_r|scfifo:rfifo
 32. Parameter Settings for User Entity Instance: Lab3_Lab3:lab3|altera_reset_controller:rst_controller
 33. Parameter Settings for User Entity Instance: Lab3_Lab3:lab3|altera_reset_controller:rst_controller_001
 34. Parameter Settings for User Entity Instance: Lab3_Lab3:lab3|altera_reset_controller:rst_controller_001|altera_reset_synchronizer:alt_rst_sync_uq1
 35. Parameter Settings for User Entity Instance: Lab3_Lab3:lab3|altera_reset_controller:rst_controller_001|altera_reset_synchronizer:alt_rst_req_sync_uq1
 36. Parameter Settings for User Entity Instance: Lab3_SRAM:sram
 37. Parameter Settings for User Entity Instance: Lab3_SRAM:sram|altsyncram:the_altsyncram
 38. Parameter Settings for User Entity Instance: Lab3_mm_interconnect_0:mm_interconnect_0|altera_merlin_slave_translator:debug_avalon_jtag_slave_translator
 39. Parameter Settings for User Entity Instance: Lab3_mm_interconnect_0:mm_interconnect_0|altera_merlin_slave_translator:lab3_dm_agent_translator
 40. Parameter Settings for User Entity Instance: Lab3_mm_interconnect_0:mm_interconnect_0|altera_merlin_slave_translator:sram_s1_translator
 41. Parameter Settings for User Entity Instance: Lab3_mm_interconnect_0:mm_interconnect_0|altera_merlin_slave_translator:hex0_s1_translator
 42. Parameter Settings for User Entity Instance: Lab3_mm_interconnect_0:mm_interconnect_0|altera_merlin_slave_translator:hex1_s1_translator
 43. Parameter Settings for User Entity Instance: Lab3_mm_interconnect_0:mm_interconnect_0|altera_merlin_slave_translator:hex2_s1_translator
 44. Parameter Settings for User Entity Instance: Lab3_mm_interconnect_0:mm_interconnect_0|altera_merlin_slave_translator:hex3_s1_translator
 45. Parameter Settings for User Entity Instance: Lab3_mm_interconnect_0:mm_interconnect_0|altera_merlin_slave_translator:hex4_s1_translator
 46. Parameter Settings for User Entity Instance: Lab3_mm_interconnect_0:mm_interconnect_0|altera_merlin_slave_translator:hex5_s1_translator
 47. Parameter Settings for User Entity Instance: Lab3_mm_interconnect_0:mm_interconnect_0|altera_merlin_slave_translator:switches_s1_translator
 48. Parameter Settings for User Entity Instance: Lab3_mm_interconnect_0:mm_interconnect_0|altera_merlin_slave_translator:lab3_timer_sw_agent_translator
 49. Parameter Settings for User Entity Instance: Lab3_mm_interconnect_0:mm_interconnect_0|altera_merlin_axi_master_ni:lab3_data_manager_agent
 50. Parameter Settings for User Entity Instance: Lab3_mm_interconnect_0:mm_interconnect_0|altera_merlin_axi_master_ni:lab3_instruction_manager_agent
 51. Parameter Settings for User Entity Instance: Lab3_mm_interconnect_0:mm_interconnect_0|altera_merlin_slave_agent:debug_avalon_jtag_slave_agent
 52. Parameter Settings for User Entity Instance: Lab3_mm_interconnect_0:mm_interconnect_0|altera_merlin_slave_agent:debug_avalon_jtag_slave_agent|altera_merlin_burst_uncompressor:uncompressor
 53. Parameter Settings for User Entity Instance: Lab3_mm_interconnect_0:mm_interconnect_0|altera_avalon_sc_fifo:debug_avalon_jtag_slave_agent_rsp_fifo
 54. Parameter Settings for User Entity Instance: Lab3_mm_interconnect_0:mm_interconnect_0|altera_avalon_sc_fifo:debug_avalon_jtag_slave_agent_rdata_fifo
 55. Parameter Settings for User Entity Instance: Lab3_mm_interconnect_0:mm_interconnect_0|altera_merlin_slave_agent:lab3_dm_agent_agent
 56. Parameter Settings for User Entity Instance: Lab3_mm_interconnect_0:mm_interconnect_0|altera_merlin_slave_agent:lab3_dm_agent_agent|altera_merlin_burst_uncompressor:uncompressor
 57. Parameter Settings for User Entity Instance: Lab3_mm_interconnect_0:mm_interconnect_0|altera_avalon_sc_fifo:lab3_dm_agent_agent_rsp_fifo
 58. Parameter Settings for User Entity Instance: Lab3_mm_interconnect_0:mm_interconnect_0|altera_avalon_sc_fifo:lab3_dm_agent_agent_rdata_fifo
 59. Parameter Settings for User Entity Instance: Lab3_mm_interconnect_0:mm_interconnect_0|altera_merlin_slave_agent:sram_s1_agent
 60. Parameter Settings for User Entity Instance: Lab3_mm_interconnect_0:mm_interconnect_0|altera_merlin_slave_agent:sram_s1_agent|altera_merlin_burst_uncompressor:uncompressor
 61. Parameter Settings for User Entity Instance: Lab3_mm_interconnect_0:mm_interconnect_0|altera_avalon_sc_fifo:sram_s1_agent_rsp_fifo
 62. Parameter Settings for User Entity Instance: Lab3_mm_interconnect_0:mm_interconnect_0|altera_avalon_sc_fifo:sram_s1_agent_rdata_fifo
 63. Parameter Settings for User Entity Instance: Lab3_mm_interconnect_0:mm_interconnect_0|altera_merlin_slave_agent:hex0_s1_agent
 64. Parameter Settings for User Entity Instance: Lab3_mm_interconnect_0:mm_interconnect_0|altera_merlin_slave_agent:hex0_s1_agent|altera_merlin_burst_uncompressor:uncompressor
 65. Parameter Settings for User Entity Instance: Lab3_mm_interconnect_0:mm_interconnect_0|altera_avalon_sc_fifo:hex0_s1_agent_rsp_fifo
 66. Parameter Settings for User Entity Instance: Lab3_mm_interconnect_0:mm_interconnect_0|altera_avalon_sc_fifo:hex0_s1_agent_rdata_fifo
 67. Parameter Settings for User Entity Instance: Lab3_mm_interconnect_0:mm_interconnect_0|altera_merlin_slave_agent:hex1_s1_agent
 68. Parameter Settings for User Entity Instance: Lab3_mm_interconnect_0:mm_interconnect_0|altera_merlin_slave_agent:hex1_s1_agent|altera_merlin_burst_uncompressor:uncompressor
 69. Parameter Settings for User Entity Instance: Lab3_mm_interconnect_0:mm_interconnect_0|altera_avalon_sc_fifo:hex1_s1_agent_rsp_fifo
 70. Parameter Settings for User Entity Instance: Lab3_mm_interconnect_0:mm_interconnect_0|altera_avalon_sc_fifo:hex1_s1_agent_rdata_fifo
 71. Parameter Settings for User Entity Instance: Lab3_mm_interconnect_0:mm_interconnect_0|altera_merlin_slave_agent:hex2_s1_agent
 72. Parameter Settings for User Entity Instance: Lab3_mm_interconnect_0:mm_interconnect_0|altera_merlin_slave_agent:hex2_s1_agent|altera_merlin_burst_uncompressor:uncompressor
 73. Parameter Settings for User Entity Instance: Lab3_mm_interconnect_0:mm_interconnect_0|altera_avalon_sc_fifo:hex2_s1_agent_rsp_fifo
 74. Parameter Settings for User Entity Instance: Lab3_mm_interconnect_0:mm_interconnect_0|altera_avalon_sc_fifo:hex2_s1_agent_rdata_fifo
 75. Parameter Settings for User Entity Instance: Lab3_mm_interconnect_0:mm_interconnect_0|altera_merlin_slave_agent:hex3_s1_agent
 76. Parameter Settings for User Entity Instance: Lab3_mm_interconnect_0:mm_interconnect_0|altera_merlin_slave_agent:hex3_s1_agent|altera_merlin_burst_uncompressor:uncompressor
 77. Parameter Settings for User Entity Instance: Lab3_mm_interconnect_0:mm_interconnect_0|altera_avalon_sc_fifo:hex3_s1_agent_rsp_fifo
 78. Parameter Settings for User Entity Instance: Lab3_mm_interconnect_0:mm_interconnect_0|altera_avalon_sc_fifo:hex3_s1_agent_rdata_fifo
 79. Parameter Settings for User Entity Instance: Lab3_mm_interconnect_0:mm_interconnect_0|altera_merlin_slave_agent:hex4_s1_agent
 80. Parameter Settings for User Entity Instance: Lab3_mm_interconnect_0:mm_interconnect_0|altera_merlin_slave_agent:hex4_s1_agent|altera_merlin_burst_uncompressor:uncompressor
 81. Parameter Settings for User Entity Instance: Lab3_mm_interconnect_0:mm_interconnect_0|altera_avalon_sc_fifo:hex4_s1_agent_rsp_fifo
 82. Parameter Settings for User Entity Instance: Lab3_mm_interconnect_0:mm_interconnect_0|altera_avalon_sc_fifo:hex4_s1_agent_rdata_fifo
 83. Parameter Settings for User Entity Instance: Lab3_mm_interconnect_0:mm_interconnect_0|altera_merlin_slave_agent:hex5_s1_agent
 84. Parameter Settings for User Entity Instance: Lab3_mm_interconnect_0:mm_interconnect_0|altera_merlin_slave_agent:hex5_s1_agent|altera_merlin_burst_uncompressor:uncompressor
 85. Parameter Settings for User Entity Instance: Lab3_mm_interconnect_0:mm_interconnect_0|altera_avalon_sc_fifo:hex5_s1_agent_rsp_fifo
 86. Parameter Settings for User Entity Instance: Lab3_mm_interconnect_0:mm_interconnect_0|altera_avalon_sc_fifo:hex5_s1_agent_rdata_fifo
 87. Parameter Settings for User Entity Instance: Lab3_mm_interconnect_0:mm_interconnect_0|altera_merlin_slave_agent:switches_s1_agent
 88. Parameter Settings for User Entity Instance: Lab3_mm_interconnect_0:mm_interconnect_0|altera_merlin_slave_agent:switches_s1_agent|altera_merlin_burst_uncompressor:uncompressor
 89. Parameter Settings for User Entity Instance: Lab3_mm_interconnect_0:mm_interconnect_0|altera_avalon_sc_fifo:switches_s1_agent_rsp_fifo
 90. Parameter Settings for User Entity Instance: Lab3_mm_interconnect_0:mm_interconnect_0|altera_avalon_sc_fifo:switches_s1_agent_rdata_fifo
 91. Parameter Settings for User Entity Instance: Lab3_mm_interconnect_0:mm_interconnect_0|altera_merlin_slave_agent:lab3_timer_sw_agent_agent
 92. Parameter Settings for User Entity Instance: Lab3_mm_interconnect_0:mm_interconnect_0|altera_merlin_slave_agent:lab3_timer_sw_agent_agent|altera_merlin_burst_uncompressor:uncompressor
 93. Parameter Settings for User Entity Instance: Lab3_mm_interconnect_0:mm_interconnect_0|altera_avalon_sc_fifo:lab3_timer_sw_agent_agent_rsp_fifo
 94. Parameter Settings for User Entity Instance: Lab3_mm_interconnect_0:mm_interconnect_0|altera_avalon_sc_fifo:lab3_timer_sw_agent_agent_rdata_fifo
 95. Parameter Settings for User Entity Instance: Lab3_mm_interconnect_0:mm_interconnect_0|Lab3_mm_interconnect_0_router:router|Lab3_mm_interconnect_0_router_default_decode:the_default_decode
 96. Parameter Settings for User Entity Instance: Lab3_mm_interconnect_0:mm_interconnect_0|Lab3_mm_interconnect_0_router:router_001|Lab3_mm_interconnect_0_router_default_decode:the_default_decode
 97. Parameter Settings for User Entity Instance: Lab3_mm_interconnect_0:mm_interconnect_0|Lab3_mm_interconnect_0_router_002:router_002|Lab3_mm_interconnect_0_router_002_default_decode:the_default_decode
 98. Parameter Settings for User Entity Instance: Lab3_mm_interconnect_0:mm_interconnect_0|Lab3_mm_interconnect_0_router_002:router_003|Lab3_mm_interconnect_0_router_002_default_decode:the_default_decode
 99. Parameter Settings for User Entity Instance: Lab3_mm_interconnect_0:mm_interconnect_0|Lab3_mm_interconnect_0_router_004:router_004|Lab3_mm_interconnect_0_router_004_default_decode:the_default_decode
100. Parameter Settings for User Entity Instance: Lab3_mm_interconnect_0:mm_interconnect_0|Lab3_mm_interconnect_0_router_005:router_005|Lab3_mm_interconnect_0_router_005_default_decode:the_default_decode
101. Parameter Settings for User Entity Instance: Lab3_mm_interconnect_0:mm_interconnect_0|Lab3_mm_interconnect_0_router_005:router_006|Lab3_mm_interconnect_0_router_005_default_decode:the_default_decode
102. Parameter Settings for User Entity Instance: Lab3_mm_interconnect_0:mm_interconnect_0|Lab3_mm_interconnect_0_router_004:router_007|Lab3_mm_interconnect_0_router_004_default_decode:the_default_decode
103. Parameter Settings for User Entity Instance: Lab3_mm_interconnect_0:mm_interconnect_0|Lab3_mm_interconnect_0_router_004:router_008|Lab3_mm_interconnect_0_router_004_default_decode:the_default_decode
104. Parameter Settings for User Entity Instance: Lab3_mm_interconnect_0:mm_interconnect_0|Lab3_mm_interconnect_0_router_004:router_009|Lab3_mm_interconnect_0_router_004_default_decode:the_default_decode
105. Parameter Settings for User Entity Instance: Lab3_mm_interconnect_0:mm_interconnect_0|Lab3_mm_interconnect_0_router_004:router_010|Lab3_mm_interconnect_0_router_004_default_decode:the_default_decode
106. Parameter Settings for User Entity Instance: Lab3_mm_interconnect_0:mm_interconnect_0|Lab3_mm_interconnect_0_router_004:router_011|Lab3_mm_interconnect_0_router_004_default_decode:the_default_decode
107. Parameter Settings for User Entity Instance: Lab3_mm_interconnect_0:mm_interconnect_0|Lab3_mm_interconnect_0_router_004:router_012|Lab3_mm_interconnect_0_router_004_default_decode:the_default_decode
108. Parameter Settings for User Entity Instance: Lab3_mm_interconnect_0:mm_interconnect_0|Lab3_mm_interconnect_0_router_004:router_013|Lab3_mm_interconnect_0_router_004_default_decode:the_default_decode
109. Parameter Settings for User Entity Instance: Lab3_mm_interconnect_0:mm_interconnect_0|Lab3_mm_interconnect_0_router_004:router_014|Lab3_mm_interconnect_0_router_004_default_decode:the_default_decode
110. Parameter Settings for User Entity Instance: Lab3_mm_interconnect_0:mm_interconnect_0|altera_merlin_traffic_limiter:lab3_instruction_manager_wr_limiter
111. Parameter Settings for User Entity Instance: Lab3_mm_interconnect_0:mm_interconnect_0|altera_merlin_traffic_limiter:lab3_instruction_manager_rd_limiter
112. Parameter Settings for User Entity Instance: Lab3_mm_interconnect_0:mm_interconnect_0|Lab3_mm_interconnect_0_cmd_mux:cmd_mux|altera_merlin_arbitrator:arb
113. Parameter Settings for User Entity Instance: Lab3_mm_interconnect_0:mm_interconnect_0|Lab3_mm_interconnect_0_cmd_mux:cmd_mux|altera_merlin_arbitrator:arb|altera_merlin_arb_adder:adder
114. Parameter Settings for User Entity Instance: Lab3_mm_interconnect_0:mm_interconnect_0|Lab3_mm_interconnect_0_cmd_mux_001:cmd_mux_001|altera_merlin_arbitrator:arb
115. Parameter Settings for User Entity Instance: Lab3_mm_interconnect_0:mm_interconnect_0|Lab3_mm_interconnect_0_cmd_mux_001:cmd_mux_001|altera_merlin_arbitrator:arb|altera_merlin_arb_adder:adder
116. Parameter Settings for User Entity Instance: Lab3_mm_interconnect_0:mm_interconnect_0|Lab3_mm_interconnect_0_cmd_mux_001:cmd_mux_002|altera_merlin_arbitrator:arb
117. Parameter Settings for User Entity Instance: Lab3_mm_interconnect_0:mm_interconnect_0|Lab3_mm_interconnect_0_cmd_mux_001:cmd_mux_002|altera_merlin_arbitrator:arb|altera_merlin_arb_adder:adder
118. Parameter Settings for User Entity Instance: Lab3_mm_interconnect_0:mm_interconnect_0|Lab3_mm_interconnect_0_cmd_mux:cmd_mux_003|altera_merlin_arbitrator:arb
119. Parameter Settings for User Entity Instance: Lab3_mm_interconnect_0:mm_interconnect_0|Lab3_mm_interconnect_0_cmd_mux:cmd_mux_003|altera_merlin_arbitrator:arb|altera_merlin_arb_adder:adder
120. Parameter Settings for User Entity Instance: Lab3_mm_interconnect_0:mm_interconnect_0|Lab3_mm_interconnect_0_cmd_mux:cmd_mux_004|altera_merlin_arbitrator:arb
121. Parameter Settings for User Entity Instance: Lab3_mm_interconnect_0:mm_interconnect_0|Lab3_mm_interconnect_0_cmd_mux:cmd_mux_004|altera_merlin_arbitrator:arb|altera_merlin_arb_adder:adder
122. Parameter Settings for User Entity Instance: Lab3_mm_interconnect_0:mm_interconnect_0|Lab3_mm_interconnect_0_cmd_mux:cmd_mux_005|altera_merlin_arbitrator:arb
123. Parameter Settings for User Entity Instance: Lab3_mm_interconnect_0:mm_interconnect_0|Lab3_mm_interconnect_0_cmd_mux:cmd_mux_005|altera_merlin_arbitrator:arb|altera_merlin_arb_adder:adder
124. Parameter Settings for User Entity Instance: Lab3_mm_interconnect_0:mm_interconnect_0|Lab3_mm_interconnect_0_cmd_mux:cmd_mux_006|altera_merlin_arbitrator:arb
125. Parameter Settings for User Entity Instance: Lab3_mm_interconnect_0:mm_interconnect_0|Lab3_mm_interconnect_0_cmd_mux:cmd_mux_006|altera_merlin_arbitrator:arb|altera_merlin_arb_adder:adder
126. Parameter Settings for User Entity Instance: Lab3_mm_interconnect_0:mm_interconnect_0|Lab3_mm_interconnect_0_cmd_mux:cmd_mux_007|altera_merlin_arbitrator:arb
127. Parameter Settings for User Entity Instance: Lab3_mm_interconnect_0:mm_interconnect_0|Lab3_mm_interconnect_0_cmd_mux:cmd_mux_007|altera_merlin_arbitrator:arb|altera_merlin_arb_adder:adder
128. Parameter Settings for User Entity Instance: Lab3_mm_interconnect_0:mm_interconnect_0|Lab3_mm_interconnect_0_cmd_mux:cmd_mux_008|altera_merlin_arbitrator:arb
129. Parameter Settings for User Entity Instance: Lab3_mm_interconnect_0:mm_interconnect_0|Lab3_mm_interconnect_0_cmd_mux:cmd_mux_008|altera_merlin_arbitrator:arb|altera_merlin_arb_adder:adder
130. Parameter Settings for User Entity Instance: Lab3_mm_interconnect_0:mm_interconnect_0|Lab3_mm_interconnect_0_cmd_mux:cmd_mux_009|altera_merlin_arbitrator:arb
131. Parameter Settings for User Entity Instance: Lab3_mm_interconnect_0:mm_interconnect_0|Lab3_mm_interconnect_0_cmd_mux:cmd_mux_009|altera_merlin_arbitrator:arb|altera_merlin_arb_adder:adder
132. Parameter Settings for User Entity Instance: Lab3_mm_interconnect_0:mm_interconnect_0|Lab3_mm_interconnect_0_cmd_mux:cmd_mux_010|altera_merlin_arbitrator:arb
133. Parameter Settings for User Entity Instance: Lab3_mm_interconnect_0:mm_interconnect_0|Lab3_mm_interconnect_0_cmd_mux:cmd_mux_010|altera_merlin_arbitrator:arb|altera_merlin_arb_adder:adder
134. Parameter Settings for User Entity Instance: Lab3_mm_interconnect_0:mm_interconnect_0|Lab3_mm_interconnect_0_rsp_mux:rsp_mux|altera_merlin_arbitrator:arb
135. Parameter Settings for User Entity Instance: Lab3_mm_interconnect_0:mm_interconnect_0|Lab3_mm_interconnect_0_rsp_mux:rsp_mux|altera_merlin_arbitrator:arb|altera_merlin_arb_adder:adder
136. Parameter Settings for User Entity Instance: Lab3_mm_interconnect_0:mm_interconnect_0|Lab3_mm_interconnect_0_rsp_mux:rsp_mux_001|altera_merlin_arbitrator:arb
137. Parameter Settings for User Entity Instance: Lab3_mm_interconnect_0:mm_interconnect_0|Lab3_mm_interconnect_0_rsp_mux:rsp_mux_001|altera_merlin_arbitrator:arb|altera_merlin_arb_adder:adder
138. Parameter Settings for User Entity Instance: Lab3_mm_interconnect_0:mm_interconnect_0|Lab3_mm_interconnect_0_rsp_mux_002:rsp_mux_002|altera_merlin_arbitrator:arb
139. Parameter Settings for User Entity Instance: Lab3_mm_interconnect_0:mm_interconnect_0|Lab3_mm_interconnect_0_rsp_mux_002:rsp_mux_002|altera_merlin_arbitrator:arb|altera_merlin_arb_adder:adder
140. Parameter Settings for User Entity Instance: Lab3_mm_interconnect_0:mm_interconnect_0|Lab3_mm_interconnect_0_rsp_mux_002:rsp_mux_003|altera_merlin_arbitrator:arb
141. Parameter Settings for User Entity Instance: Lab3_mm_interconnect_0:mm_interconnect_0|Lab3_mm_interconnect_0_rsp_mux_002:rsp_mux_003|altera_merlin_arbitrator:arb|altera_merlin_arb_adder:adder
142. Parameter Settings for User Entity Instance: Lab3_mm_interconnect_0:mm_interconnect_0|Lab3_mm_interconnect_0_avalon_st_adapter:avalon_st_adapter
143. Parameter Settings for User Entity Instance: Lab3_mm_interconnect_0:mm_interconnect_0|Lab3_mm_interconnect_0_avalon_st_adapter:avalon_st_adapter_001
144. Parameter Settings for User Entity Instance: Lab3_mm_interconnect_0:mm_interconnect_0|Lab3_mm_interconnect_0_avalon_st_adapter:avalon_st_adapter_002
145. Parameter Settings for User Entity Instance: Lab3_mm_interconnect_0:mm_interconnect_0|Lab3_mm_interconnect_0_avalon_st_adapter:avalon_st_adapter_003
146. Parameter Settings for User Entity Instance: Lab3_mm_interconnect_0:mm_interconnect_0|Lab3_mm_interconnect_0_avalon_st_adapter:avalon_st_adapter_004
147. Parameter Settings for User Entity Instance: Lab3_mm_interconnect_0:mm_interconnect_0|Lab3_mm_interconnect_0_avalon_st_adapter:avalon_st_adapter_005
148. Parameter Settings for User Entity Instance: Lab3_mm_interconnect_0:mm_interconnect_0|Lab3_mm_interconnect_0_avalon_st_adapter:avalon_st_adapter_006
149. Parameter Settings for User Entity Instance: Lab3_mm_interconnect_0:mm_interconnect_0|Lab3_mm_interconnect_0_avalon_st_adapter:avalon_st_adapter_007
150. Parameter Settings for User Entity Instance: Lab3_mm_interconnect_0:mm_interconnect_0|Lab3_mm_interconnect_0_avalon_st_adapter:avalon_st_adapter_008
151. Parameter Settings for User Entity Instance: Lab3_mm_interconnect_0:mm_interconnect_0|Lab3_mm_interconnect_0_avalon_st_adapter:avalon_st_adapter_009
152. Parameter Settings for User Entity Instance: Lab3_mm_interconnect_0:mm_interconnect_0|Lab3_mm_interconnect_0_avalon_st_adapter:avalon_st_adapter_010
153. Parameter Settings for User Entity Instance: altera_reset_controller:rst_controller
154. Parameter Settings for User Entity Instance: altera_reset_controller:rst_controller|altera_reset_synchronizer:alt_rst_sync_uq1
155. Parameter Settings for User Entity Instance: altera_reset_controller:rst_controller|altera_reset_synchronizer:alt_rst_req_sync_uq1
156. Parameter Settings for User Entity Instance: altera_reset_controller:rst_controller_001
157. Parameter Settings for User Entity Instance: altera_reset_controller:rst_controller_001|altera_reset_synchronizer:alt_rst_sync_uq1
158. Parameter Settings for User Entity Instance: altera_reset_controller:rst_controller_001|altera_reset_synchronizer:alt_rst_req_sync_uq1
159. scfifo Parameter Settings by Entity Instance
160. altsyncram Parameter Settings by Entity Instance
161. Analysis & Elaboration Settings
162. Port Connectivity Checks: "altera_reset_controller:rst_controller_001"
163. Port Connectivity Checks: "altera_reset_controller:rst_controller|altera_reset_synchronizer:alt_rst_req_sync_uq1"
164. Port Connectivity Checks: "altera_reset_controller:rst_controller"
165. Port Connectivity Checks: "Lab3_mm_interconnect_0:mm_interconnect_0|Lab3_mm_interconnect_0_rsp_mux_002:rsp_mux_002|altera_merlin_arbitrator:arb|altera_merlin_arb_adder:adder"
166. Port Connectivity Checks: "Lab3_mm_interconnect_0:mm_interconnect_0|Lab3_mm_interconnect_0_rsp_mux:rsp_mux|altera_merlin_arbitrator:arb|altera_merlin_arb_adder:adder"
167. Port Connectivity Checks: "Lab3_mm_interconnect_0:mm_interconnect_0|Lab3_mm_interconnect_0_cmd_mux_001:cmd_mux_001|altera_merlin_arbitrator:arb|altera_merlin_arb_adder:adder"
168. Port Connectivity Checks: "Lab3_mm_interconnect_0:mm_interconnect_0|Lab3_mm_interconnect_0_cmd_mux:cmd_mux|altera_merlin_arbitrator:arb|altera_merlin_arb_adder:adder"
169. Port Connectivity Checks: "Lab3_mm_interconnect_0:mm_interconnect_0|Lab3_mm_interconnect_0_router_005:router_005|Lab3_mm_interconnect_0_router_005_default_decode:the_default_decode"
170. Port Connectivity Checks: "Lab3_mm_interconnect_0:mm_interconnect_0|Lab3_mm_interconnect_0_router_004:router_004|Lab3_mm_interconnect_0_router_004_default_decode:the_default_decode"
171. Port Connectivity Checks: "Lab3_mm_interconnect_0:mm_interconnect_0|Lab3_mm_interconnect_0_router_002:router_002|Lab3_mm_interconnect_0_router_002_default_decode:the_default_decode"
172. Port Connectivity Checks: "Lab3_mm_interconnect_0:mm_interconnect_0|Lab3_mm_interconnect_0_router:router|Lab3_mm_interconnect_0_router_default_decode:the_default_decode"
173. Port Connectivity Checks: "Lab3_mm_interconnect_0:mm_interconnect_0|altera_avalon_sc_fifo:lab3_timer_sw_agent_agent_rdata_fifo"
174. Port Connectivity Checks: "Lab3_mm_interconnect_0:mm_interconnect_0|altera_avalon_sc_fifo:lab3_timer_sw_agent_agent_rsp_fifo"
175. Port Connectivity Checks: "Lab3_mm_interconnect_0:mm_interconnect_0|altera_merlin_slave_agent:lab3_timer_sw_agent_agent"
176. Port Connectivity Checks: "Lab3_mm_interconnect_0:mm_interconnect_0|altera_avalon_sc_fifo:switches_s1_agent_rdata_fifo"
177. Port Connectivity Checks: "Lab3_mm_interconnect_0:mm_interconnect_0|altera_avalon_sc_fifo:switches_s1_agent_rsp_fifo"
178. Port Connectivity Checks: "Lab3_mm_interconnect_0:mm_interconnect_0|altera_merlin_slave_agent:switches_s1_agent"
179. Port Connectivity Checks: "Lab3_mm_interconnect_0:mm_interconnect_0|altera_avalon_sc_fifo:hex5_s1_agent_rdata_fifo"
180. Port Connectivity Checks: "Lab3_mm_interconnect_0:mm_interconnect_0|altera_avalon_sc_fifo:hex5_s1_agent_rsp_fifo"
181. Port Connectivity Checks: "Lab3_mm_interconnect_0:mm_interconnect_0|altera_merlin_slave_agent:hex5_s1_agent"
182. Port Connectivity Checks: "Lab3_mm_interconnect_0:mm_interconnect_0|altera_avalon_sc_fifo:hex4_s1_agent_rdata_fifo"
183. Port Connectivity Checks: "Lab3_mm_interconnect_0:mm_interconnect_0|altera_avalon_sc_fifo:hex4_s1_agent_rsp_fifo"
184. Port Connectivity Checks: "Lab3_mm_interconnect_0:mm_interconnect_0|altera_merlin_slave_agent:hex4_s1_agent"
185. Port Connectivity Checks: "Lab3_mm_interconnect_0:mm_interconnect_0|altera_avalon_sc_fifo:hex3_s1_agent_rdata_fifo"
186. Port Connectivity Checks: "Lab3_mm_interconnect_0:mm_interconnect_0|altera_avalon_sc_fifo:hex3_s1_agent_rsp_fifo"
187. Port Connectivity Checks: "Lab3_mm_interconnect_0:mm_interconnect_0|altera_merlin_slave_agent:hex3_s1_agent"
188. Port Connectivity Checks: "Lab3_mm_interconnect_0:mm_interconnect_0|altera_avalon_sc_fifo:hex2_s1_agent_rdata_fifo"
189. Port Connectivity Checks: "Lab3_mm_interconnect_0:mm_interconnect_0|altera_avalon_sc_fifo:hex2_s1_agent_rsp_fifo"
190. Port Connectivity Checks: "Lab3_mm_interconnect_0:mm_interconnect_0|altera_merlin_slave_agent:hex2_s1_agent"
191. Port Connectivity Checks: "Lab3_mm_interconnect_0:mm_interconnect_0|altera_avalon_sc_fifo:hex1_s1_agent_rdata_fifo"
192. Port Connectivity Checks: "Lab3_mm_interconnect_0:mm_interconnect_0|altera_avalon_sc_fifo:hex1_s1_agent_rsp_fifo"
193. Port Connectivity Checks: "Lab3_mm_interconnect_0:mm_interconnect_0|altera_merlin_slave_agent:hex1_s1_agent"
194. Port Connectivity Checks: "Lab3_mm_interconnect_0:mm_interconnect_0|altera_avalon_sc_fifo:hex0_s1_agent_rdata_fifo"
195. Port Connectivity Checks: "Lab3_mm_interconnect_0:mm_interconnect_0|altera_avalon_sc_fifo:hex0_s1_agent_rsp_fifo"
196. Port Connectivity Checks: "Lab3_mm_interconnect_0:mm_interconnect_0|altera_merlin_slave_agent:hex0_s1_agent"
197. Port Connectivity Checks: "Lab3_mm_interconnect_0:mm_interconnect_0|altera_avalon_sc_fifo:sram_s1_agent_rdata_fifo"
198. Port Connectivity Checks: "Lab3_mm_interconnect_0:mm_interconnect_0|altera_avalon_sc_fifo:sram_s1_agent_rsp_fifo"
199. Port Connectivity Checks: "Lab3_mm_interconnect_0:mm_interconnect_0|altera_merlin_slave_agent:sram_s1_agent"
200. Port Connectivity Checks: "Lab3_mm_interconnect_0:mm_interconnect_0|altera_avalon_sc_fifo:lab3_dm_agent_agent_rdata_fifo"
201. Port Connectivity Checks: "Lab3_mm_interconnect_0:mm_interconnect_0|altera_avalon_sc_fifo:lab3_dm_agent_agent_rsp_fifo"
202. Port Connectivity Checks: "Lab3_mm_interconnect_0:mm_interconnect_0|altera_merlin_slave_agent:lab3_dm_agent_agent"
203. Port Connectivity Checks: "Lab3_mm_interconnect_0:mm_interconnect_0|altera_avalon_sc_fifo:debug_avalon_jtag_slave_agent_rdata_fifo"
204. Port Connectivity Checks: "Lab3_mm_interconnect_0:mm_interconnect_0|altera_avalon_sc_fifo:debug_avalon_jtag_slave_agent_rsp_fifo"
205. Port Connectivity Checks: "Lab3_mm_interconnect_0:mm_interconnect_0|altera_merlin_slave_agent:debug_avalon_jtag_slave_agent"
206. Port Connectivity Checks: "Lab3_mm_interconnect_0:mm_interconnect_0|altera_merlin_axi_master_ni:lab3_instruction_manager_agent"
207. Port Connectivity Checks: "Lab3_mm_interconnect_0:mm_interconnect_0|altera_merlin_axi_master_ni:lab3_data_manager_agent"
208. Port Connectivity Checks: "Lab3_mm_interconnect_0:mm_interconnect_0|altera_merlin_slave_translator:lab3_timer_sw_agent_translator"
209. Port Connectivity Checks: "Lab3_mm_interconnect_0:mm_interconnect_0|altera_merlin_slave_translator:switches_s1_translator"
210. Port Connectivity Checks: "Lab3_mm_interconnect_0:mm_interconnect_0|altera_merlin_slave_translator:hex5_s1_translator"
211. Port Connectivity Checks: "Lab3_mm_interconnect_0:mm_interconnect_0|altera_merlin_slave_translator:hex4_s1_translator"
212. Port Connectivity Checks: "Lab3_mm_interconnect_0:mm_interconnect_0|altera_merlin_slave_translator:hex3_s1_translator"
213. Port Connectivity Checks: "Lab3_mm_interconnect_0:mm_interconnect_0|altera_merlin_slave_translator:hex2_s1_translator"
214. Port Connectivity Checks: "Lab3_mm_interconnect_0:mm_interconnect_0|altera_merlin_slave_translator:hex1_s1_translator"
215. Port Connectivity Checks: "Lab3_mm_interconnect_0:mm_interconnect_0|altera_merlin_slave_translator:hex0_s1_translator"
216. Port Connectivity Checks: "Lab3_mm_interconnect_0:mm_interconnect_0|altera_merlin_slave_translator:sram_s1_translator"
217. Port Connectivity Checks: "Lab3_mm_interconnect_0:mm_interconnect_0|altera_merlin_slave_translator:lab3_dm_agent_translator"
218. Port Connectivity Checks: "Lab3_mm_interconnect_0:mm_interconnect_0|altera_merlin_slave_translator:debug_avalon_jtag_slave_translator"
219. Port Connectivity Checks: "Lab3_SRAM:sram"
220. Port Connectivity Checks: "Lab3_Lab3:lab3|altera_reset_controller:rst_controller_001|altera_reset_synchronizer:alt_rst_req_sync_uq1"
221. Port Connectivity Checks: "Lab3_Lab3:lab3|altera_reset_controller:rst_controller_001"
222. Port Connectivity Checks: "Lab3_Lab3:lab3|altera_reset_controller:rst_controller"
223. Port Connectivity Checks: "Lab3_Lab3:lab3|niosv_m_top:hart"
224. Port Connectivity Checks: "Lab3_DEBUG:debug|alt_jtag_atlantic:Lab3_DEBUG_alt_jtag_atlantic"
225. Port Connectivity Checks: "Lab3_DEBUG:debug"
226. Analysis & Elaboration Messages
227. Analysis & Elaboration Suppressed Messages



----------------
; Legal Notice ;
----------------
Copyright (C) 2023  Intel Corporation. All rights reserved.
Your use of Intel Corporation's design tools, logic functions 
and other software and tools, and any partner logic 
functions, and any output files from any of the foregoing 
(including device programming or simulation files), and any 
associated documentation or information are expressly subject 
to the terms and conditions of the Intel Program License 
Subscription Agreement, the Intel Quartus Prime License Agreement,
the Intel FPGA IP License Agreement, or other applicable license
agreement, including, without limitation, that your use is for
the sole purpose of programming logic devices manufactured by
Intel and sold by Intel or its authorized distributors.  Please
refer to the applicable agreement for further details, at
https://fpgasoftware.intel.com/eula.



+------------------------------------------------------------------------------------+
; Analysis & Elaboration Summary                                                     ;
+-------------------------------+----------------------------------------------------+
; Analysis & Elaboration Status ; Successful - Wed Nov  6 19:35:40 2024              ;
; Quartus Prime Version         ; 23.1std.0 Build 991 11/28/2023 SC Standard Edition ;
; Revision Name                 ; Lab3                                               ;
; Top-level Entity Name         ; Lab3                                               ;
; Family                        ; Cyclone V                                          ;
; Logic utilization (in ALMs)   ; N/A until Partition Merge                          ;
; Total registers               ; N/A until Partition Merge                          ;
; Total pins                    ; N/A until Partition Merge                          ;
; Total virtual pins            ; N/A until Partition Merge                          ;
; Total block memory bits       ; N/A until Partition Merge                          ;
; Total PLLs                    ; N/A until Partition Merge                          ;
; Total DLLs                    ; N/A until Partition Merge                          ;
+-------------------------------+----------------------------------------------------+


+------------------------------------------+
; Parallel Compilation                     ;
+----------------------------+-------------+
; Processors                 ; Number      ;
+----------------------------+-------------+
; Number detected on machine ; 8           ;
; Maximum allowed            ; 4           ;
;                            ;             ;
; Average used               ; 1.00        ;
; Maximum used               ; 1           ;
;                            ;             ;
; Usage by Processor         ; % Time Used ;
;     Processor 1            ; 100.0%      ;
+----------------------------+-------------+


+-------------------------------------------------------------------------------------------------------------------------------------------------------------------------------------------------------------------------------------------------------------------------------------------------------------------------------------------------------------------------------+
; Analysis & Elaboration IP Cores Summary                                                                                                                                                                                                                                                                                                                                       ;
+--------+--------------------------------+---------+--------------+--------------+---------------------------------------------------------------------------------------------------------------------------------------------------------------------------------------------------------------------------------------------------------------------------+-----------------+
; Vendor ; IP Core Name                   ; Version ; Release Date ; License Type ; Entity Instance                                                                                                                                                                                                                                                           ; IP Include File ;
+--------+--------------------------------+---------+--------------+--------------+---------------------------------------------------------------------------------------------------------------------------------------------------------------------------------------------------------------------------------------------------------------------------+-----------------+
; N/A    ; Qsys                           ; 23.1    ; N/A          ; N/A          ; |Lab3                                                                                                                                                                                                                                                                     ; Lab3.qsys       ;
; Altera ; Signal Tap                     ; N/A     ; N/A          ; Licensed     ; |Lab3|sld_hub:auto_hub|alt_sld_fab_with_jtag_input:\instrumentation_fabric_with_node_gen:fabric_gen_new_way:with_jtag_input_gen:instrumentation_fabric|alt_sld_fab:instrumentation_fabric                                                                                 ;                 ;
; Altera ; Signal Tap                     ; N/A     ; N/A          ; Licensed     ; |Lab3|sld_hub:auto_hub|alt_sld_fab_with_jtag_input:\instrumentation_fabric_with_node_gen:fabric_gen_new_way:with_jtag_input_gen:instrumentation_fabric|alt_sld_fab:instrumentation_fabric|alt_sld_fab_alt_sld_fab:alt_sld_fab                                             ;                 ;
; Altera ; Signal Tap                     ; N/A     ; N/A          ; Licensed     ; |Lab3|sld_hub:auto_hub|alt_sld_fab_with_jtag_input:\instrumentation_fabric_with_node_gen:fabric_gen_new_way:with_jtag_input_gen:instrumentation_fabric|alt_sld_fab:instrumentation_fabric|alt_sld_fab_alt_sld_fab:alt_sld_fab|alt_sld_fab_alt_sld_fab_presplit:presplit   ;                 ;
; Altera ; Signal Tap                     ; N/A     ; N/A          ; Licensed     ; |Lab3|sld_hub:auto_hub|alt_sld_fab_with_jtag_input:\instrumentation_fabric_with_node_gen:fabric_gen_new_way:with_jtag_input_gen:instrumentation_fabric|alt_sld_fab:instrumentation_fabric|alt_sld_fab_alt_sld_fab:alt_sld_fab|alt_sld_fab_alt_sld_fab_sldfabric:sldfabric ;                 ;
; Altera ; Signal Tap                     ; N/A     ; N/A          ; Licensed     ; |Lab3|sld_hub:auto_hub|alt_sld_fab_with_jtag_input:\instrumentation_fabric_with_node_gen:fabric_gen_new_way:with_jtag_input_gen:instrumentation_fabric|alt_sld_fab:instrumentation_fabric|alt_sld_fab_alt_sld_fab:alt_sld_fab|alt_sld_fab_alt_sld_fab_splitter:splitter   ;                 ;
; Altera ; altera_avalon_jtag_uart        ; 23.1    ; N/A          ; N/A          ; |Lab3|Lab3_DEBUG:debug                                                                                                                                                                                                                                                    ; Lab3.qsys       ;
; Altera ; altera_avalon_pio              ; 23.1    ; N/A          ; N/A          ; |Lab3|Lab3_HEX0:hex0                                                                                                                                                                                                                                                      ; Lab3.qsys       ;
; Altera ; altera_avalon_pio              ; 23.1    ; N/A          ; N/A          ; |Lab3|Lab3_HEX0:hex1                                                                                                                                                                                                                                                      ; Lab3.qsys       ;
; Altera ; altera_avalon_pio              ; 23.1    ; N/A          ; N/A          ; |Lab3|Lab3_HEX0:hex2                                                                                                                                                                                                                                                      ; Lab3.qsys       ;
; Altera ; altera_avalon_pio              ; 23.1    ; N/A          ; N/A          ; |Lab3|Lab3_HEX0:hex3                                                                                                                                                                                                                                                      ; Lab3.qsys       ;
; Altera ; altera_avalon_pio              ; 23.1    ; N/A          ; N/A          ; |Lab3|Lab3_HEX0:hex4                                                                                                                                                                                                                                                      ; Lab3.qsys       ;
; Altera ; altera_avalon_pio              ; 23.1    ; N/A          ; N/A          ; |Lab3|Lab3_HEX0:hex5                                                                                                                                                                                                                                                      ; Lab3.qsys       ;
; Altera ; altera_irq_mapper              ; 23.1    ; N/A          ; N/A          ; |Lab3|Lab3_irq_mapper:irq_mapper                                                                                                                                                                                                                                          ; Lab3.qsys       ;
; Altera ; intel_niosv_m                  ; 2.0.0   ; N/A          ; N/A          ; |Lab3|Lab3_Lab3:lab3                                                                                                                                                                                                                                                      ; Lab3.qsys       ;
; Altera ; 6AF7_D036                      ; N/A     ; N/A          ; Licensed     ; |Lab3|Lab3_Lab3:lab3|niosv_dm_top:dbg_mod                                                                                                                                                                                                                                 ;                 ;
; Altera ; 6AF7_D036                      ; N/A     ; N/A          ; Licensed     ; |Lab3|Lab3_Lab3:lab3|niosv_dm_top:dbg_mod|niosv_debug_module:dm_inst                                                                                                                                                                                                      ;                 ;
; Altera ; 6AF7_D036                      ; N/A     ; N/A          ; Licensed     ; |Lab3|Lab3_Lab3:lab3|niosv_dm_top:dbg_mod|niosv_debug_module:dm_inst|niosv_ram:dbg_rom_inst                                                                                                                                                                               ;                 ;
; Altera ; 6AF7_D036                      ; N/A     ; N/A          ; Licensed     ; |Lab3|Lab3_Lab3:lab3|niosv_dm_top:dbg_mod|niosv_debug_module:dm_inst|niosv_ram:niosv_dm_csr_mem_inst                                                                                                                                                                      ;                 ;
; Altera ; 6AF7_D036                      ; N/A     ; N/A          ; Licensed     ; |Lab3|Lab3_Lab3:lab3|niosv_dm_top:dbg_mod|niosv_dm_jtag2mm:dtm_inst                                                                                                                                                                                                       ;                 ;
; Altera ; 6AF7_D036                      ; N/A     ; N/A          ; Licensed     ; |Lab3|Lab3_Lab3:lab3|niosv_m_top:hart                                                                                                                                                                                                                                     ;                 ;
; Altera ; 6AF7_D036                      ; N/A     ; N/A          ; Licensed     ; |Lab3|Lab3_Lab3:lab3|niosv_m_top:hart|niosv_m_core:m_core.niosv_m_full_inst                                                                                                                                                                                               ;                 ;
; Altera ; 6AF7_D036                      ; N/A     ; N/A          ; Licensed     ; |Lab3|Lab3_Lab3:lab3|niosv_m_top:hart|niosv_m_core:m_core.niosv_m_full_inst|niosv_m_alu:alu_inst                                                                                                                                                                          ;                 ;
; Altera ; 6AF7_D036                      ; N/A     ; N/A          ; Licensed     ; |Lab3|Lab3_Lab3:lab3|niosv_m_top:hart|niosv_m_core:m_core.niosv_m_full_inst|niosv_csr:csr_inst                                                                                                                                                                            ;                 ;
; Altera ; 6AF7_D036                      ; N/A     ; N/A          ; Licensed     ; |Lab3|Lab3_Lab3:lab3|niosv_m_top:hart|niosv_m_core:m_core.niosv_m_full_inst|niosv_csr:csr_inst|niosv_interrupt_handler:irq_inst                                                                                                                                           ;                 ;
; Altera ; 6AF7_D036                      ; N/A     ; N/A          ; Licensed     ; |Lab3|Lab3_Lab3:lab3|niosv_m_top:hart|niosv_m_core:m_core.niosv_m_full_inst|niosv_m_decoder:instr_decoder_inst                                                                                                                                                            ;                 ;
; Altera ; 6AF7_D036                      ; N/A     ; N/A          ; Licensed     ; |Lab3|Lab3_Lab3:lab3|niosv_m_top:hart|niosv_m_core:m_core.niosv_m_full_inst|niosv_m_lsu:lsu_inst                                                                                                                                                                          ;                 ;
; Altera ; 6AF7_D036                      ; N/A     ; N/A          ; Licensed     ; |Lab3|Lab3_Lab3:lab3|niosv_m_top:hart|niosv_m_core:m_core.niosv_m_full_inst|niosv_m_lsu:lsu_inst|niosv_mem_op_state:read_cmd                                                                                                                                              ;                 ;
; Altera ; 6AF7_D036                      ; N/A     ; N/A          ; Licensed     ; |Lab3|Lab3_Lab3:lab3|niosv_m_top:hart|niosv_m_core:m_core.niosv_m_full_inst|niosv_m_lsu:lsu_inst|niosv_mem_op_state:wr_addr                                                                                                                                               ;                 ;
; Altera ; 6AF7_D036                      ; N/A     ; N/A          ; Licensed     ; |Lab3|Lab3_Lab3:lab3|niosv_m_top:hart|niosv_m_core:m_core.niosv_m_full_inst|niosv_m_lsu:lsu_inst|niosv_mem_op_state:wr_data                                                                                                                                               ;                 ;
; Altera ; 6AF7_D036                      ; N/A     ; N/A          ; Licensed     ; |Lab3|Lab3_Lab3:lab3|niosv_m_top:hart|niosv_m_core:m_core.niosv_m_full_inst|niosv_m_instr_prefetch:prefetch_inst                                                                                                                                                          ;                 ;
; Altera ; 6AF7_D036                      ; N/A     ; N/A          ; Licensed     ; |Lab3|Lab3_Lab3:lab3|niosv_m_top:hart|niosv_m_core:m_core.niosv_m_full_inst|niosv_m_instr_prefetch:prefetch_inst|niosv_instr_buffer:buffer_inst                                                                                                                           ;                 ;
; Altera ; 6AF7_D036                      ; N/A     ; N/A          ; Licensed     ; |Lab3|Lab3_Lab3:lab3|niosv_m_top:hart|niosv_m_core:m_core.niosv_m_full_inst|niosv_reg_file:reg_file_inst                                                                                                                                                                  ;                 ;
; Altera ; 6AF7_D036                      ; N/A     ; N/A          ; Licensed     ; |Lab3|Lab3_Lab3:lab3|niosv_m_top:hart|niosv_m_core:m_core.niosv_m_full_inst|niosv_reg_file:reg_file_inst|niosv_ram:non_ecc_regfile.reg_file_a                                                                                                                             ;                 ;
; Altera ; 6AF7_D036                      ; N/A     ; N/A          ; Licensed     ; |Lab3|Lab3_Lab3:lab3|niosv_m_top:hart|niosv_m_core:m_core.niosv_m_full_inst|niosv_reg_file:reg_file_inst|niosv_ram:non_ecc_regfile.reg_file_b                                                                                                                             ;                 ;
; Altera ; 6AF7_D036                      ; N/A     ; N/A          ; Licensed     ; |Lab3|Lab3_Lab3:lab3|niosv_m_top:hart|niosv_m_core:m_core.niosv_m_full_inst|niosv_m_shift_module:shift_inst                                                                                                                                                               ;                 ;
; Altera ; altera_irq_mapper              ; 23.1    ; N/A          ; N/A          ; |Lab3|Lab3_Lab3:lab3|Lab3_Lab3_irq_mapper:irq_mapper                                                                                                                                                                                                                      ; Lab3.qsys       ;
; Altera ; altera_irq_mapper              ; 23.1    ; N/A          ; N/A          ; |Lab3|Lab3_Lab3:lab3|Lab3_Lab3_irq_mapper:irq_mapper_001                                                                                                                                                                                                                  ; Lab3.qsys       ;
; Altera ; altera_irq_mapper              ; 23.1    ; N/A          ; N/A          ; |Lab3|Lab3_Lab3:lab3|Lab3_Lab3_irq_mapper:irq_mapper_002                                                                                                                                                                                                                  ; Lab3.qsys       ;
; Altera ; altera_reset_controller        ; 23.1    ; N/A          ; N/A          ; |Lab3|Lab3_Lab3:lab3|altera_reset_controller:rst_controller                                                                                                                                                                                                               ; Lab3.qsys       ;
; Altera ; altera_reset_controller        ; 23.1    ; N/A          ; N/A          ; |Lab3|Lab3_Lab3:lab3|altera_reset_controller:rst_controller_001                                                                                                                                                                                                           ; Lab3.qsys       ;
; Altera ; 6AF7_D036                      ; N/A     ; N/A          ; Licensed     ; |Lab3|Lab3_Lab3:lab3|niosv_timer_msip:timer_module                                                                                                                                                                                                                        ;                 ;
; Altera ; altera_mm_interconnect         ; 23.1    ; N/A          ; N/A          ; |Lab3|Lab3_mm_interconnect_0:mm_interconnect_0                                                                                                                                                                                                                            ; Lab3.qsys       ;
; Altera ; altera_avalon_st_adapter       ; 23.1    ; N/A          ; N/A          ; |Lab3|Lab3_mm_interconnect_0:mm_interconnect_0|Lab3_mm_interconnect_0_avalon_st_adapter:avalon_st_adapter                                                                                                                                                                 ; Lab3.qsys       ;
; Altera ; error_adapter                  ; 23.1    ; N/A          ; N/A          ; |Lab3|Lab3_mm_interconnect_0:mm_interconnect_0|Lab3_mm_interconnect_0_avalon_st_adapter:avalon_st_adapter|Lab3_mm_interconnect_0_avalon_st_adapter_error_adapter_0:error_adapter_0                                                                                        ; Lab3.qsys       ;
; Altera ; altera_avalon_st_adapter       ; 23.1    ; N/A          ; N/A          ; |Lab3|Lab3_mm_interconnect_0:mm_interconnect_0|Lab3_mm_interconnect_0_avalon_st_adapter:avalon_st_adapter_001                                                                                                                                                             ; Lab3.qsys       ;
; Altera ; error_adapter                  ; 23.1    ; N/A          ; N/A          ; |Lab3|Lab3_mm_interconnect_0:mm_interconnect_0|Lab3_mm_interconnect_0_avalon_st_adapter:avalon_st_adapter_001|Lab3_mm_interconnect_0_avalon_st_adapter_error_adapter_0:error_adapter_0                                                                                    ; Lab3.qsys       ;
; Altera ; altera_avalon_st_adapter       ; 23.1    ; N/A          ; N/A          ; |Lab3|Lab3_mm_interconnect_0:mm_interconnect_0|Lab3_mm_interconnect_0_avalon_st_adapter:avalon_st_adapter_002                                                                                                                                                             ; Lab3.qsys       ;
; Altera ; error_adapter                  ; 23.1    ; N/A          ; N/A          ; |Lab3|Lab3_mm_interconnect_0:mm_interconnect_0|Lab3_mm_interconnect_0_avalon_st_adapter:avalon_st_adapter_002|Lab3_mm_interconnect_0_avalon_st_adapter_error_adapter_0:error_adapter_0                                                                                    ; Lab3.qsys       ;
; Altera ; altera_avalon_st_adapter       ; 23.1    ; N/A          ; N/A          ; |Lab3|Lab3_mm_interconnect_0:mm_interconnect_0|Lab3_mm_interconnect_0_avalon_st_adapter:avalon_st_adapter_003                                                                                                                                                             ; Lab3.qsys       ;
; Altera ; error_adapter                  ; 23.1    ; N/A          ; N/A          ; |Lab3|Lab3_mm_interconnect_0:mm_interconnect_0|Lab3_mm_interconnect_0_avalon_st_adapter:avalon_st_adapter_003|Lab3_mm_interconnect_0_avalon_st_adapter_error_adapter_0:error_adapter_0                                                                                    ; Lab3.qsys       ;
; Altera ; altera_avalon_st_adapter       ; 23.1    ; N/A          ; N/A          ; |Lab3|Lab3_mm_interconnect_0:mm_interconnect_0|Lab3_mm_interconnect_0_avalon_st_adapter:avalon_st_adapter_004                                                                                                                                                             ; Lab3.qsys       ;
; Altera ; error_adapter                  ; 23.1    ; N/A          ; N/A          ; |Lab3|Lab3_mm_interconnect_0:mm_interconnect_0|Lab3_mm_interconnect_0_avalon_st_adapter:avalon_st_adapter_004|Lab3_mm_interconnect_0_avalon_st_adapter_error_adapter_0:error_adapter_0                                                                                    ; Lab3.qsys       ;
; Altera ; altera_avalon_st_adapter       ; 23.1    ; N/A          ; N/A          ; |Lab3|Lab3_mm_interconnect_0:mm_interconnect_0|Lab3_mm_interconnect_0_avalon_st_adapter:avalon_st_adapter_005                                                                                                                                                             ; Lab3.qsys       ;
; Altera ; error_adapter                  ; 23.1    ; N/A          ; N/A          ; |Lab3|Lab3_mm_interconnect_0:mm_interconnect_0|Lab3_mm_interconnect_0_avalon_st_adapter:avalon_st_adapter_005|Lab3_mm_interconnect_0_avalon_st_adapter_error_adapter_0:error_adapter_0                                                                                    ; Lab3.qsys       ;
; Altera ; altera_avalon_st_adapter       ; 23.1    ; N/A          ; N/A          ; |Lab3|Lab3_mm_interconnect_0:mm_interconnect_0|Lab3_mm_interconnect_0_avalon_st_adapter:avalon_st_adapter_006                                                                                                                                                             ; Lab3.qsys       ;
; Altera ; error_adapter                  ; 23.1    ; N/A          ; N/A          ; |Lab3|Lab3_mm_interconnect_0:mm_interconnect_0|Lab3_mm_interconnect_0_avalon_st_adapter:avalon_st_adapter_006|Lab3_mm_interconnect_0_avalon_st_adapter_error_adapter_0:error_adapter_0                                                                                    ; Lab3.qsys       ;
; Altera ; altera_avalon_st_adapter       ; 23.1    ; N/A          ; N/A          ; |Lab3|Lab3_mm_interconnect_0:mm_interconnect_0|Lab3_mm_interconnect_0_avalon_st_adapter:avalon_st_adapter_007                                                                                                                                                             ; Lab3.qsys       ;
; Altera ; error_adapter                  ; 23.1    ; N/A          ; N/A          ; |Lab3|Lab3_mm_interconnect_0:mm_interconnect_0|Lab3_mm_interconnect_0_avalon_st_adapter:avalon_st_adapter_007|Lab3_mm_interconnect_0_avalon_st_adapter_error_adapter_0:error_adapter_0                                                                                    ; Lab3.qsys       ;
; Altera ; altera_avalon_st_adapter       ; 23.1    ; N/A          ; N/A          ; |Lab3|Lab3_mm_interconnect_0:mm_interconnect_0|Lab3_mm_interconnect_0_avalon_st_adapter:avalon_st_adapter_008                                                                                                                                                             ; Lab3.qsys       ;
; Altera ; error_adapter                  ; 23.1    ; N/A          ; N/A          ; |Lab3|Lab3_mm_interconnect_0:mm_interconnect_0|Lab3_mm_interconnect_0_avalon_st_adapter:avalon_st_adapter_008|Lab3_mm_interconnect_0_avalon_st_adapter_error_adapter_0:error_adapter_0                                                                                    ; Lab3.qsys       ;
; Altera ; altera_avalon_st_adapter       ; 23.1    ; N/A          ; N/A          ; |Lab3|Lab3_mm_interconnect_0:mm_interconnect_0|Lab3_mm_interconnect_0_avalon_st_adapter:avalon_st_adapter_009                                                                                                                                                             ; Lab3.qsys       ;
; Altera ; error_adapter                  ; 23.1    ; N/A          ; N/A          ; |Lab3|Lab3_mm_interconnect_0:mm_interconnect_0|Lab3_mm_interconnect_0_avalon_st_adapter:avalon_st_adapter_009|Lab3_mm_interconnect_0_avalon_st_adapter_error_adapter_0:error_adapter_0                                                                                    ; Lab3.qsys       ;
; Altera ; altera_avalon_st_adapter       ; 23.1    ; N/A          ; N/A          ; |Lab3|Lab3_mm_interconnect_0:mm_interconnect_0|Lab3_mm_interconnect_0_avalon_st_adapter:avalon_st_adapter_010                                                                                                                                                             ; Lab3.qsys       ;
; Altera ; error_adapter                  ; 23.1    ; N/A          ; N/A          ; |Lab3|Lab3_mm_interconnect_0:mm_interconnect_0|Lab3_mm_interconnect_0_avalon_st_adapter:avalon_st_adapter_010|Lab3_mm_interconnect_0_avalon_st_adapter_error_adapter_0:error_adapter_0                                                                                    ; Lab3.qsys       ;
; Altera ; altera_merlin_demultiplexer    ; 23.1    ; N/A          ; N/A          ; |Lab3|Lab3_mm_interconnect_0:mm_interconnect_0|Lab3_mm_interconnect_0_cmd_demux:cmd_demux                                                                                                                                                                                 ; Lab3.qsys       ;
; Altera ; altera_merlin_demultiplexer    ; 23.1    ; N/A          ; N/A          ; |Lab3|Lab3_mm_interconnect_0:mm_interconnect_0|Lab3_mm_interconnect_0_cmd_demux:cmd_demux_001                                                                                                                                                                             ; Lab3.qsys       ;
; Altera ; altera_merlin_demultiplexer    ; 23.1    ; N/A          ; N/A          ; |Lab3|Lab3_mm_interconnect_0:mm_interconnect_0|Lab3_mm_interconnect_0_cmd_demux_002:cmd_demux_002                                                                                                                                                                         ; Lab3.qsys       ;
; Altera ; altera_merlin_demultiplexer    ; 23.1    ; N/A          ; N/A          ; |Lab3|Lab3_mm_interconnect_0:mm_interconnect_0|Lab3_mm_interconnect_0_cmd_demux_002:cmd_demux_003                                                                                                                                                                         ; Lab3.qsys       ;
; Altera ; altera_merlin_multiplexer      ; 23.1    ; N/A          ; N/A          ; |Lab3|Lab3_mm_interconnect_0:mm_interconnect_0|Lab3_mm_interconnect_0_cmd_mux:cmd_mux                                                                                                                                                                                     ; Lab3.qsys       ;
; Altera ; altera_merlin_multiplexer      ; 23.1    ; N/A          ; N/A          ; |Lab3|Lab3_mm_interconnect_0:mm_interconnect_0|Lab3_mm_interconnect_0_cmd_mux_001:cmd_mux_001                                                                                                                                                                             ; Lab3.qsys       ;
; Altera ; altera_merlin_multiplexer      ; 23.1    ; N/A          ; N/A          ; |Lab3|Lab3_mm_interconnect_0:mm_interconnect_0|Lab3_mm_interconnect_0_cmd_mux_001:cmd_mux_002                                                                                                                                                                             ; Lab3.qsys       ;
; Altera ; altera_merlin_multiplexer      ; 23.1    ; N/A          ; N/A          ; |Lab3|Lab3_mm_interconnect_0:mm_interconnect_0|Lab3_mm_interconnect_0_cmd_mux:cmd_mux_003                                                                                                                                                                                 ; Lab3.qsys       ;
; Altera ; altera_merlin_multiplexer      ; 23.1    ; N/A          ; N/A          ; |Lab3|Lab3_mm_interconnect_0:mm_interconnect_0|Lab3_mm_interconnect_0_cmd_mux:cmd_mux_004                                                                                                                                                                                 ; Lab3.qsys       ;
; Altera ; altera_merlin_multiplexer      ; 23.1    ; N/A          ; N/A          ; |Lab3|Lab3_mm_interconnect_0:mm_interconnect_0|Lab3_mm_interconnect_0_cmd_mux:cmd_mux_005                                                                                                                                                                                 ; Lab3.qsys       ;
; Altera ; altera_merlin_multiplexer      ; 23.1    ; N/A          ; N/A          ; |Lab3|Lab3_mm_interconnect_0:mm_interconnect_0|Lab3_mm_interconnect_0_cmd_mux:cmd_mux_006                                                                                                                                                                                 ; Lab3.qsys       ;
; Altera ; altera_merlin_multiplexer      ; 23.1    ; N/A          ; N/A          ; |Lab3|Lab3_mm_interconnect_0:mm_interconnect_0|Lab3_mm_interconnect_0_cmd_mux:cmd_mux_007                                                                                                                                                                                 ; Lab3.qsys       ;
; Altera ; altera_merlin_multiplexer      ; 23.1    ; N/A          ; N/A          ; |Lab3|Lab3_mm_interconnect_0:mm_interconnect_0|Lab3_mm_interconnect_0_cmd_mux:cmd_mux_008                                                                                                                                                                                 ; Lab3.qsys       ;
; Altera ; altera_merlin_multiplexer      ; 23.1    ; N/A          ; N/A          ; |Lab3|Lab3_mm_interconnect_0:mm_interconnect_0|Lab3_mm_interconnect_0_cmd_mux:cmd_mux_009                                                                                                                                                                                 ; Lab3.qsys       ;
; Altera ; altera_merlin_multiplexer      ; 23.1    ; N/A          ; N/A          ; |Lab3|Lab3_mm_interconnect_0:mm_interconnect_0|Lab3_mm_interconnect_0_cmd_mux:cmd_mux_010                                                                                                                                                                                 ; Lab3.qsys       ;
; Altera ; altera_merlin_slave_agent      ; 23.1    ; N/A          ; N/A          ; |Lab3|Lab3_mm_interconnect_0:mm_interconnect_0|altera_merlin_slave_agent:debug_avalon_jtag_slave_agent                                                                                                                                                                    ; Lab3.qsys       ;
; Altera ; altera_avalon_sc_fifo          ; 23.1    ; N/A          ; N/A          ; |Lab3|Lab3_mm_interconnect_0:mm_interconnect_0|altera_avalon_sc_fifo:debug_avalon_jtag_slave_agent_rdata_fifo                                                                                                                                                             ; Lab3.qsys       ;
; Altera ; altera_avalon_sc_fifo          ; 23.1    ; N/A          ; N/A          ; |Lab3|Lab3_mm_interconnect_0:mm_interconnect_0|altera_avalon_sc_fifo:debug_avalon_jtag_slave_agent_rsp_fifo                                                                                                                                                               ; Lab3.qsys       ;
; Altera ; altera_merlin_slave_translator ; 23.1    ; N/A          ; N/A          ; |Lab3|Lab3_mm_interconnect_0:mm_interconnect_0|altera_merlin_slave_translator:debug_avalon_jtag_slave_translator                                                                                                                                                          ; Lab3.qsys       ;
; Altera ; altera_merlin_slave_agent      ; 23.1    ; N/A          ; N/A          ; |Lab3|Lab3_mm_interconnect_0:mm_interconnect_0|altera_merlin_slave_agent:hex0_s1_agent                                                                                                                                                                                    ; Lab3.qsys       ;
; Altera ; altera_avalon_sc_fifo          ; 23.1    ; N/A          ; N/A          ; |Lab3|Lab3_mm_interconnect_0:mm_interconnect_0|altera_avalon_sc_fifo:hex0_s1_agent_rdata_fifo                                                                                                                                                                             ; Lab3.qsys       ;
; Altera ; altera_avalon_sc_fifo          ; 23.1    ; N/A          ; N/A          ; |Lab3|Lab3_mm_interconnect_0:mm_interconnect_0|altera_avalon_sc_fifo:hex0_s1_agent_rsp_fifo                                                                                                                                                                               ; Lab3.qsys       ;
; Altera ; altera_merlin_slave_translator ; 23.1    ; N/A          ; N/A          ; |Lab3|Lab3_mm_interconnect_0:mm_interconnect_0|altera_merlin_slave_translator:hex0_s1_translator                                                                                                                                                                          ; Lab3.qsys       ;
; Altera ; altera_merlin_slave_agent      ; 23.1    ; N/A          ; N/A          ; |Lab3|Lab3_mm_interconnect_0:mm_interconnect_0|altera_merlin_slave_agent:hex1_s1_agent                                                                                                                                                                                    ; Lab3.qsys       ;
; Altera ; altera_avalon_sc_fifo          ; 23.1    ; N/A          ; N/A          ; |Lab3|Lab3_mm_interconnect_0:mm_interconnect_0|altera_avalon_sc_fifo:hex1_s1_agent_rdata_fifo                                                                                                                                                                             ; Lab3.qsys       ;
; Altera ; altera_avalon_sc_fifo          ; 23.1    ; N/A          ; N/A          ; |Lab3|Lab3_mm_interconnect_0:mm_interconnect_0|altera_avalon_sc_fifo:hex1_s1_agent_rsp_fifo                                                                                                                                                                               ; Lab3.qsys       ;
; Altera ; altera_merlin_slave_translator ; 23.1    ; N/A          ; N/A          ; |Lab3|Lab3_mm_interconnect_0:mm_interconnect_0|altera_merlin_slave_translator:hex1_s1_translator                                                                                                                                                                          ; Lab3.qsys       ;
; Altera ; altera_merlin_slave_agent      ; 23.1    ; N/A          ; N/A          ; |Lab3|Lab3_mm_interconnect_0:mm_interconnect_0|altera_merlin_slave_agent:hex2_s1_agent                                                                                                                                                                                    ; Lab3.qsys       ;
; Altera ; altera_avalon_sc_fifo          ; 23.1    ; N/A          ; N/A          ; |Lab3|Lab3_mm_interconnect_0:mm_interconnect_0|altera_avalon_sc_fifo:hex2_s1_agent_rdata_fifo                                                                                                                                                                             ; Lab3.qsys       ;
; Altera ; altera_avalon_sc_fifo          ; 23.1    ; N/A          ; N/A          ; |Lab3|Lab3_mm_interconnect_0:mm_interconnect_0|altera_avalon_sc_fifo:hex2_s1_agent_rsp_fifo                                                                                                                                                                               ; Lab3.qsys       ;
; Altera ; altera_merlin_slave_translator ; 23.1    ; N/A          ; N/A          ; |Lab3|Lab3_mm_interconnect_0:mm_interconnect_0|altera_merlin_slave_translator:hex2_s1_translator                                                                                                                                                                          ; Lab3.qsys       ;
; Altera ; altera_merlin_slave_agent      ; 23.1    ; N/A          ; N/A          ; |Lab3|Lab3_mm_interconnect_0:mm_interconnect_0|altera_merlin_slave_agent:hex3_s1_agent                                                                                                                                                                                    ; Lab3.qsys       ;
; Altera ; altera_avalon_sc_fifo          ; 23.1    ; N/A          ; N/A          ; |Lab3|Lab3_mm_interconnect_0:mm_interconnect_0|altera_avalon_sc_fifo:hex3_s1_agent_rdata_fifo                                                                                                                                                                             ; Lab3.qsys       ;
; Altera ; altera_avalon_sc_fifo          ; 23.1    ; N/A          ; N/A          ; |Lab3|Lab3_mm_interconnect_0:mm_interconnect_0|altera_avalon_sc_fifo:hex3_s1_agent_rsp_fifo                                                                                                                                                                               ; Lab3.qsys       ;
; Altera ; altera_merlin_slave_translator ; 23.1    ; N/A          ; N/A          ; |Lab3|Lab3_mm_interconnect_0:mm_interconnect_0|altera_merlin_slave_translator:hex3_s1_translator                                                                                                                                                                          ; Lab3.qsys       ;
; Altera ; altera_merlin_slave_agent      ; 23.1    ; N/A          ; N/A          ; |Lab3|Lab3_mm_interconnect_0:mm_interconnect_0|altera_merlin_slave_agent:hex4_s1_agent                                                                                                                                                                                    ; Lab3.qsys       ;
; Altera ; altera_avalon_sc_fifo          ; 23.1    ; N/A          ; N/A          ; |Lab3|Lab3_mm_interconnect_0:mm_interconnect_0|altera_avalon_sc_fifo:hex4_s1_agent_rdata_fifo                                                                                                                                                                             ; Lab3.qsys       ;
; Altera ; altera_avalon_sc_fifo          ; 23.1    ; N/A          ; N/A          ; |Lab3|Lab3_mm_interconnect_0:mm_interconnect_0|altera_avalon_sc_fifo:hex4_s1_agent_rsp_fifo                                                                                                                                                                               ; Lab3.qsys       ;
; Altera ; altera_merlin_slave_translator ; 23.1    ; N/A          ; N/A          ; |Lab3|Lab3_mm_interconnect_0:mm_interconnect_0|altera_merlin_slave_translator:hex4_s1_translator                                                                                                                                                                          ; Lab3.qsys       ;
; Altera ; altera_merlin_slave_agent      ; 23.1    ; N/A          ; N/A          ; |Lab3|Lab3_mm_interconnect_0:mm_interconnect_0|altera_merlin_slave_agent:hex5_s1_agent                                                                                                                                                                                    ; Lab3.qsys       ;
; Altera ; altera_avalon_sc_fifo          ; 23.1    ; N/A          ; N/A          ; |Lab3|Lab3_mm_interconnect_0:mm_interconnect_0|altera_avalon_sc_fifo:hex5_s1_agent_rdata_fifo                                                                                                                                                                             ; Lab3.qsys       ;
; Altera ; altera_avalon_sc_fifo          ; 23.1    ; N/A          ; N/A          ; |Lab3|Lab3_mm_interconnect_0:mm_interconnect_0|altera_avalon_sc_fifo:hex5_s1_agent_rsp_fifo                                                                                                                                                                               ; Lab3.qsys       ;
; Altera ; altera_merlin_slave_translator ; 23.1    ; N/A          ; N/A          ; |Lab3|Lab3_mm_interconnect_0:mm_interconnect_0|altera_merlin_slave_translator:hex5_s1_translator                                                                                                                                                                          ; Lab3.qsys       ;
; Altera ; altera_merlin_axi_master_ni    ; 23.1    ; N/A          ; N/A          ; |Lab3|Lab3_mm_interconnect_0:mm_interconnect_0|altera_merlin_axi_master_ni:lab3_data_manager_agent                                                                                                                                                                        ; Lab3.qsys       ;
; Altera ; altera_merlin_slave_agent      ; 23.1    ; N/A          ; N/A          ; |Lab3|Lab3_mm_interconnect_0:mm_interconnect_0|altera_merlin_slave_agent:lab3_dm_agent_agent                                                                                                                                                                              ; Lab3.qsys       ;
; Altera ; altera_avalon_sc_fifo          ; 23.1    ; N/A          ; N/A          ; |Lab3|Lab3_mm_interconnect_0:mm_interconnect_0|altera_avalon_sc_fifo:lab3_dm_agent_agent_rdata_fifo                                                                                                                                                                       ; Lab3.qsys       ;
; Altera ; altera_avalon_sc_fifo          ; 23.1    ; N/A          ; N/A          ; |Lab3|Lab3_mm_interconnect_0:mm_interconnect_0|altera_avalon_sc_fifo:lab3_dm_agent_agent_rsp_fifo                                                                                                                                                                         ; Lab3.qsys       ;
; Altera ; altera_merlin_slave_translator ; 23.1    ; N/A          ; N/A          ; |Lab3|Lab3_mm_interconnect_0:mm_interconnect_0|altera_merlin_slave_translator:lab3_dm_agent_translator                                                                                                                                                                    ; Lab3.qsys       ;
; Altera ; altera_merlin_axi_master_ni    ; 23.1    ; N/A          ; N/A          ; |Lab3|Lab3_mm_interconnect_0:mm_interconnect_0|altera_merlin_axi_master_ni:lab3_instruction_manager_agent                                                                                                                                                                 ; Lab3.qsys       ;
; Altera ; altera_merlin_traffic_limiter  ; 23.1    ; N/A          ; N/A          ; |Lab3|Lab3_mm_interconnect_0:mm_interconnect_0|altera_merlin_traffic_limiter:lab3_instruction_manager_rd_limiter                                                                                                                                                          ; Lab3.qsys       ;
; Altera ; altera_merlin_traffic_limiter  ; 23.1    ; N/A          ; N/A          ; |Lab3|Lab3_mm_interconnect_0:mm_interconnect_0|altera_merlin_traffic_limiter:lab3_instruction_manager_wr_limiter                                                                                                                                                          ; Lab3.qsys       ;
; Altera ; altera_merlin_slave_agent      ; 23.1    ; N/A          ; N/A          ; |Lab3|Lab3_mm_interconnect_0:mm_interconnect_0|altera_merlin_slave_agent:lab3_timer_sw_agent_agent                                                                                                                                                                        ; Lab3.qsys       ;
; Altera ; altera_avalon_sc_fifo          ; 23.1    ; N/A          ; N/A          ; |Lab3|Lab3_mm_interconnect_0:mm_interconnect_0|altera_avalon_sc_fifo:lab3_timer_sw_agent_agent_rdata_fifo                                                                                                                                                                 ; Lab3.qsys       ;
; Altera ; altera_avalon_sc_fifo          ; 23.1    ; N/A          ; N/A          ; |Lab3|Lab3_mm_interconnect_0:mm_interconnect_0|altera_avalon_sc_fifo:lab3_timer_sw_agent_agent_rsp_fifo                                                                                                                                                                   ; Lab3.qsys       ;
; Altera ; altera_merlin_slave_translator ; 23.1    ; N/A          ; N/A          ; |Lab3|Lab3_mm_interconnect_0:mm_interconnect_0|altera_merlin_slave_translator:lab3_timer_sw_agent_translator                                                                                                                                                              ; Lab3.qsys       ;
; Altera ; altera_merlin_router           ; 23.1    ; N/A          ; N/A          ; |Lab3|Lab3_mm_interconnect_0:mm_interconnect_0|Lab3_mm_interconnect_0_router:router                                                                                                                                                                                       ; Lab3.qsys       ;
; Altera ; altera_merlin_router           ; 23.1    ; N/A          ; N/A          ; |Lab3|Lab3_mm_interconnect_0:mm_interconnect_0|Lab3_mm_interconnect_0_router:router_001                                                                                                                                                                                   ; Lab3.qsys       ;
; Altera ; altera_merlin_router           ; 23.1    ; N/A          ; N/A          ; |Lab3|Lab3_mm_interconnect_0:mm_interconnect_0|Lab3_mm_interconnect_0_router_002:router_002                                                                                                                                                                               ; Lab3.qsys       ;
; Altera ; altera_merlin_router           ; 23.1    ; N/A          ; N/A          ; |Lab3|Lab3_mm_interconnect_0:mm_interconnect_0|Lab3_mm_interconnect_0_router_002:router_003                                                                                                                                                                               ; Lab3.qsys       ;
; Altera ; altera_merlin_router           ; 23.1    ; N/A          ; N/A          ; |Lab3|Lab3_mm_interconnect_0:mm_interconnect_0|Lab3_mm_interconnect_0_router_004:router_004                                                                                                                                                                               ; Lab3.qsys       ;
; Altera ; altera_merlin_router           ; 23.1    ; N/A          ; N/A          ; |Lab3|Lab3_mm_interconnect_0:mm_interconnect_0|Lab3_mm_interconnect_0_router_005:router_005                                                                                                                                                                               ; Lab3.qsys       ;
; Altera ; altera_merlin_router           ; 23.1    ; N/A          ; N/A          ; |Lab3|Lab3_mm_interconnect_0:mm_interconnect_0|Lab3_mm_interconnect_0_router_005:router_006                                                                                                                                                                               ; Lab3.qsys       ;
; Altera ; altera_merlin_router           ; 23.1    ; N/A          ; N/A          ; |Lab3|Lab3_mm_interconnect_0:mm_interconnect_0|Lab3_mm_interconnect_0_router_004:router_007                                                                                                                                                                               ; Lab3.qsys       ;
; Altera ; altera_merlin_router           ; 23.1    ; N/A          ; N/A          ; |Lab3|Lab3_mm_interconnect_0:mm_interconnect_0|Lab3_mm_interconnect_0_router_004:router_008                                                                                                                                                                               ; Lab3.qsys       ;
; Altera ; altera_merlin_router           ; 23.1    ; N/A          ; N/A          ; |Lab3|Lab3_mm_interconnect_0:mm_interconnect_0|Lab3_mm_interconnect_0_router_004:router_009                                                                                                                                                                               ; Lab3.qsys       ;
; Altera ; altera_merlin_router           ; 23.1    ; N/A          ; N/A          ; |Lab3|Lab3_mm_interconnect_0:mm_interconnect_0|Lab3_mm_interconnect_0_router_004:router_010                                                                                                                                                                               ; Lab3.qsys       ;
; Altera ; altera_merlin_router           ; 23.1    ; N/A          ; N/A          ; |Lab3|Lab3_mm_interconnect_0:mm_interconnect_0|Lab3_mm_interconnect_0_router_004:router_011                                                                                                                                                                               ; Lab3.qsys       ;
; Altera ; altera_merlin_router           ; 23.1    ; N/A          ; N/A          ; |Lab3|Lab3_mm_interconnect_0:mm_interconnect_0|Lab3_mm_interconnect_0_router_004:router_012                                                                                                                                                                               ; Lab3.qsys       ;
; Altera ; altera_merlin_router           ; 23.1    ; N/A          ; N/A          ; |Lab3|Lab3_mm_interconnect_0:mm_interconnect_0|Lab3_mm_interconnect_0_router_004:router_013                                                                                                                                                                               ; Lab3.qsys       ;
; Altera ; altera_merlin_router           ; 23.1    ; N/A          ; N/A          ; |Lab3|Lab3_mm_interconnect_0:mm_interconnect_0|Lab3_mm_interconnect_0_router_004:router_014                                                                                                                                                                               ; Lab3.qsys       ;
; Altera ; altera_merlin_demultiplexer    ; 23.1    ; N/A          ; N/A          ; |Lab3|Lab3_mm_interconnect_0:mm_interconnect_0|Lab3_mm_interconnect_0_rsp_demux:rsp_demux                                                                                                                                                                                 ; Lab3.qsys       ;
; Altera ; altera_merlin_demultiplexer    ; 23.1    ; N/A          ; N/A          ; |Lab3|Lab3_mm_interconnect_0:mm_interconnect_0|Lab3_mm_interconnect_0_rsp_demux_001:rsp_demux_001                                                                                                                                                                         ; Lab3.qsys       ;
; Altera ; altera_merlin_demultiplexer    ; 23.1    ; N/A          ; N/A          ; |Lab3|Lab3_mm_interconnect_0:mm_interconnect_0|Lab3_mm_interconnect_0_rsp_demux_001:rsp_demux_002                                                                                                                                                                         ; Lab3.qsys       ;
; Altera ; altera_merlin_demultiplexer    ; 23.1    ; N/A          ; N/A          ; |Lab3|Lab3_mm_interconnect_0:mm_interconnect_0|Lab3_mm_interconnect_0_rsp_demux:rsp_demux_003                                                                                                                                                                             ; Lab3.qsys       ;
; Altera ; altera_merlin_demultiplexer    ; 23.1    ; N/A          ; N/A          ; |Lab3|Lab3_mm_interconnect_0:mm_interconnect_0|Lab3_mm_interconnect_0_rsp_demux:rsp_demux_004                                                                                                                                                                             ; Lab3.qsys       ;
; Altera ; altera_merlin_demultiplexer    ; 23.1    ; N/A          ; N/A          ; |Lab3|Lab3_mm_interconnect_0:mm_interconnect_0|Lab3_mm_interconnect_0_rsp_demux:rsp_demux_005                                                                                                                                                                             ; Lab3.qsys       ;
; Altera ; altera_merlin_demultiplexer    ; 23.1    ; N/A          ; N/A          ; |Lab3|Lab3_mm_interconnect_0:mm_interconnect_0|Lab3_mm_interconnect_0_rsp_demux:rsp_demux_006                                                                                                                                                                             ; Lab3.qsys       ;
; Altera ; altera_merlin_demultiplexer    ; 23.1    ; N/A          ; N/A          ; |Lab3|Lab3_mm_interconnect_0:mm_interconnect_0|Lab3_mm_interconnect_0_rsp_demux:rsp_demux_007                                                                                                                                                                             ; Lab3.qsys       ;
; Altera ; altera_merlin_demultiplexer    ; 23.1    ; N/A          ; N/A          ; |Lab3|Lab3_mm_interconnect_0:mm_interconnect_0|Lab3_mm_interconnect_0_rsp_demux:rsp_demux_008                                                                                                                                                                             ; Lab3.qsys       ;
; Altera ; altera_merlin_demultiplexer    ; 23.1    ; N/A          ; N/A          ; |Lab3|Lab3_mm_interconnect_0:mm_interconnect_0|Lab3_mm_interconnect_0_rsp_demux:rsp_demux_009                                                                                                                                                                             ; Lab3.qsys       ;
; Altera ; altera_merlin_demultiplexer    ; 23.1    ; N/A          ; N/A          ; |Lab3|Lab3_mm_interconnect_0:mm_interconnect_0|Lab3_mm_interconnect_0_rsp_demux:rsp_demux_010                                                                                                                                                                             ; Lab3.qsys       ;
; Altera ; altera_merlin_multiplexer      ; 23.1    ; N/A          ; N/A          ; |Lab3|Lab3_mm_interconnect_0:mm_interconnect_0|Lab3_mm_interconnect_0_rsp_mux:rsp_mux                                                                                                                                                                                     ; Lab3.qsys       ;
; Altera ; altera_merlin_multiplexer      ; 23.1    ; N/A          ; N/A          ; |Lab3|Lab3_mm_interconnect_0:mm_interconnect_0|Lab3_mm_interconnect_0_rsp_mux:rsp_mux_001                                                                                                                                                                                 ; Lab3.qsys       ;
; Altera ; altera_merlin_multiplexer      ; 23.1    ; N/A          ; N/A          ; |Lab3|Lab3_mm_interconnect_0:mm_interconnect_0|Lab3_mm_interconnect_0_rsp_mux_002:rsp_mux_002                                                                                                                                                                             ; Lab3.qsys       ;
; Altera ; altera_merlin_multiplexer      ; 23.1    ; N/A          ; N/A          ; |Lab3|Lab3_mm_interconnect_0:mm_interconnect_0|Lab3_mm_interconnect_0_rsp_mux_002:rsp_mux_003                                                                                                                                                                             ; Lab3.qsys       ;
; Altera ; altera_merlin_slave_agent      ; 23.1    ; N/A          ; N/A          ; |Lab3|Lab3_mm_interconnect_0:mm_interconnect_0|altera_merlin_slave_agent:sram_s1_agent                                                                                                                                                                                    ; Lab3.qsys       ;
; Altera ; altera_avalon_sc_fifo          ; 23.1    ; N/A          ; N/A          ; |Lab3|Lab3_mm_interconnect_0:mm_interconnect_0|altera_avalon_sc_fifo:sram_s1_agent_rdata_fifo                                                                                                                                                                             ; Lab3.qsys       ;
; Altera ; altera_avalon_sc_fifo          ; 23.1    ; N/A          ; N/A          ; |Lab3|Lab3_mm_interconnect_0:mm_interconnect_0|altera_avalon_sc_fifo:sram_s1_agent_rsp_fifo                                                                                                                                                                               ; Lab3.qsys       ;
; Altera ; altera_merlin_slave_translator ; 23.1    ; N/A          ; N/A          ; |Lab3|Lab3_mm_interconnect_0:mm_interconnect_0|altera_merlin_slave_translator:sram_s1_translator                                                                                                                                                                          ; Lab3.qsys       ;
; Altera ; altera_merlin_slave_agent      ; 23.1    ; N/A          ; N/A          ; |Lab3|Lab3_mm_interconnect_0:mm_interconnect_0|altera_merlin_slave_agent:switches_s1_agent                                                                                                                                                                                ; Lab3.qsys       ;
; Altera ; altera_avalon_sc_fifo          ; 23.1    ; N/A          ; N/A          ; |Lab3|Lab3_mm_interconnect_0:mm_interconnect_0|altera_avalon_sc_fifo:switches_s1_agent_rdata_fifo                                                                                                                                                                         ; Lab3.qsys       ;
; Altera ; altera_avalon_sc_fifo          ; 23.1    ; N/A          ; N/A          ; |Lab3|Lab3_mm_interconnect_0:mm_interconnect_0|altera_avalon_sc_fifo:switches_s1_agent_rsp_fifo                                                                                                                                                                           ; Lab3.qsys       ;
; Altera ; altera_merlin_slave_translator ; 23.1    ; N/A          ; N/A          ; |Lab3|Lab3_mm_interconnect_0:mm_interconnect_0|altera_merlin_slave_translator:switches_s1_translator                                                                                                                                                                      ; Lab3.qsys       ;
; Altera ; altera_reset_controller        ; 23.1    ; N/A          ; N/A          ; |Lab3|altera_reset_controller:rst_controller                                                                                                                                                                                                                              ; Lab3.qsys       ;
; Altera ; altera_reset_controller        ; 23.1    ; N/A          ; N/A          ; |Lab3|altera_reset_controller:rst_controller_001                                                                                                                                                                                                                          ; Lab3.qsys       ;
; Altera ; altera_avalon_onchip_memory2   ; 23.1    ; N/A          ; N/A          ; |Lab3|Lab3_SRAM:sram                                                                                                                                                                                                                                                      ; Lab3.qsys       ;
; Altera ; altera_avalon_pio              ; 23.1    ; N/A          ; N/A          ; |Lab3|Lab3_switches:switches                                                                                                                                                                                                                                              ; Lab3.qsys       ;
+--------+--------------------------------+---------+--------------+--------------+---------------------------------------------------------------------------------------------------------------------------------------------------------------------------------------------------------------------------------------------------------------------------+-----------------+


+--------------------------------------------------------------------------------------------------------------------------------------------------------------------------+
; Source assignments for Lab3_DEBUG:debug|Lab3_DEBUG_scfifo_w:the_Lab3_DEBUG_scfifo_w|scfifo:wfifo|scfifo_3291:auto_generated|a_dpfifo_5771:dpfifo|altsyncram_7pu1:FIFOram ;
+---------------------------------+--------------------+------+------------------------------------------------------------------------------------------------------------+
; Assignment                      ; Value              ; From ; To                                                                                                         ;
+---------------------------------+--------------------+------+------------------------------------------------------------------------------------------------------------+
; OPTIMIZE_POWER_DURING_SYNTHESIS ; NORMAL_COMPILATION ; -    ; -                                                                                                          ;
+---------------------------------+--------------------+------+------------------------------------------------------------------------------------------------------------+


+--------------------------------------------------------------------------------------------------------------------------------------------------------------------------+
; Source assignments for Lab3_DEBUG:debug|Lab3_DEBUG_scfifo_r:the_Lab3_DEBUG_scfifo_r|scfifo:rfifo|scfifo_3291:auto_generated|a_dpfifo_5771:dpfifo|altsyncram_7pu1:FIFOram ;
+---------------------------------+--------------------+------+------------------------------------------------------------------------------------------------------------+
; Assignment                      ; Value              ; From ; To                                                                                                         ;
+---------------------------------+--------------------+------+------------------------------------------------------------------------------------------------------------+
; OPTIMIZE_POWER_DURING_SYNTHESIS ; NORMAL_COMPILATION ; -    ; -                                                                                                          ;
+---------------------------------+--------------------+------+------------------------------------------------------------------------------------------------------------+


+-----------------------------------------------------------------------------------------------------------------------------+
; Source assignments for Lab3_Lab3:lab3|altera_reset_controller:rst_controller_001|altera_reset_synchronizer:alt_rst_sync_uq1 ;
+-------------------+-------+------+------------------------------------------------------------------------------------------+
; Assignment        ; Value ; From ; To                                                                                       ;
+-------------------+-------+------+------------------------------------------------------------------------------------------+
; PRESERVE_REGISTER ; on    ; -    ; altera_reset_synchronizer_int_chain[1]                                                   ;
; PRESERVE_REGISTER ; on    ; -    ; altera_reset_synchronizer_int_chain[0]                                                   ;
+-------------------+-------+------+------------------------------------------------------------------------------------------+


+---------------------------------------------------------------------------------------------------------------------------------+
; Source assignments for Lab3_Lab3:lab3|altera_reset_controller:rst_controller_001|altera_reset_synchronizer:alt_rst_req_sync_uq1 ;
+-------------------+-------+------+----------------------------------------------------------------------------------------------+
; Assignment        ; Value ; From ; To                                                                                           ;
+-------------------+-------+------+----------------------------------------------------------------------------------------------+
; PRESERVE_REGISTER ; on    ; -    ; altera_reset_synchronizer_int_chain[0]                                                       ;
; PRESERVE_REGISTER ; on    ; -    ; altera_reset_synchronizer_int_chain[1]                                                       ;
+-------------------+-------+------+----------------------------------------------------------------------------------------------+


+------------------------------------------------------------------------------------------------+
; Source assignments for Lab3_SRAM:sram|altsyncram:the_altsyncram|altsyncram_ptl1:auto_generated ;
+---------------------------------+--------------------+------+----------------------------------+
; Assignment                      ; Value              ; From ; To                               ;
+---------------------------------+--------------------+------+----------------------------------+
; OPTIMIZE_POWER_DURING_SYNTHESIS ; NORMAL_COMPILATION ; -    ; -                                ;
+---------------------------------+--------------------+------+----------------------------------+


+------------------------------------------------------------------------------------------------------------+
; Source assignments for Lab3_mm_interconnect_0:mm_interconnect_0|Lab3_mm_interconnect_0_cmd_demux:cmd_demux ;
+-----------------+-------+------+---------------------------------------------------------------------------+
; Assignment      ; Value ; From ; To                                                                        ;
+-----------------+-------+------+---------------------------------------------------------------------------+
; MESSAGE_DISABLE ; 15610 ; -    ; clk                                                                       ;
; MESSAGE_DISABLE ; 15610 ; -    ; reset                                                                     ;
+-----------------+-------+------+---------------------------------------------------------------------------+


+----------------------------------------------------------------------------------------------------------------+
; Source assignments for Lab3_mm_interconnect_0:mm_interconnect_0|Lab3_mm_interconnect_0_cmd_demux:cmd_demux_001 ;
+-----------------+-------+------+-------------------------------------------------------------------------------+
; Assignment      ; Value ; From ; To                                                                            ;
+-----------------+-------+------+-------------------------------------------------------------------------------+
; MESSAGE_DISABLE ; 15610 ; -    ; clk                                                                           ;
; MESSAGE_DISABLE ; 15610 ; -    ; reset                                                                         ;
+-----------------+-------+------+-------------------------------------------------------------------------------+


+--------------------------------------------------------------------------------------------------------------------+
; Source assignments for Lab3_mm_interconnect_0:mm_interconnect_0|Lab3_mm_interconnect_0_cmd_demux_002:cmd_demux_002 ;
+-----------------+-------+------+-----------------------------------------------------------------------------------+
; Assignment      ; Value ; From ; To                                                                                ;
+-----------------+-------+------+-----------------------------------------------------------------------------------+
; MESSAGE_DISABLE ; 15610 ; -    ; clk                                                                               ;
; MESSAGE_DISABLE ; 15610 ; -    ; reset                                                                             ;
+-----------------+-------+------+-----------------------------------------------------------------------------------+


+--------------------------------------------------------------------------------------------------------------------+
; Source assignments for Lab3_mm_interconnect_0:mm_interconnect_0|Lab3_mm_interconnect_0_cmd_demux_002:cmd_demux_003 ;
+-----------------+-------+------+-----------------------------------------------------------------------------------+
; Assignment      ; Value ; From ; To                                                                                ;
+-----------------+-------+------+-----------------------------------------------------------------------------------+
; MESSAGE_DISABLE ; 15610 ; -    ; clk                                                                               ;
; MESSAGE_DISABLE ; 15610 ; -    ; reset                                                                             ;
+-----------------+-------+------+-----------------------------------------------------------------------------------+


+------------------------------------------------------------------------------------------------------------+
; Source assignments for Lab3_mm_interconnect_0:mm_interconnect_0|Lab3_mm_interconnect_0_rsp_demux:rsp_demux ;
+-----------------+-------+------+---------------------------------------------------------------------------+
; Assignment      ; Value ; From ; To                                                                        ;
+-----------------+-------+------+---------------------------------------------------------------------------+
; MESSAGE_DISABLE ; 15610 ; -    ; clk                                                                       ;
; MESSAGE_DISABLE ; 15610 ; -    ; reset                                                                     ;
+-----------------+-------+------+---------------------------------------------------------------------------+


+--------------------------------------------------------------------------------------------------------------------+
; Source assignments for Lab3_mm_interconnect_0:mm_interconnect_0|Lab3_mm_interconnect_0_rsp_demux_001:rsp_demux_001 ;
+-----------------+-------+------+-----------------------------------------------------------------------------------+
; Assignment      ; Value ; From ; To                                                                                ;
+-----------------+-------+------+-----------------------------------------------------------------------------------+
; MESSAGE_DISABLE ; 15610 ; -    ; clk                                                                               ;
; MESSAGE_DISABLE ; 15610 ; -    ; reset                                                                             ;
+-----------------+-------+------+-----------------------------------------------------------------------------------+


+--------------------------------------------------------------------------------------------------------------------+
; Source assignments for Lab3_mm_interconnect_0:mm_interconnect_0|Lab3_mm_interconnect_0_rsp_demux_001:rsp_demux_002 ;
+-----------------+-------+------+-----------------------------------------------------------------------------------+
; Assignment      ; Value ; From ; To                                                                                ;
+-----------------+-------+------+-----------------------------------------------------------------------------------+
; MESSAGE_DISABLE ; 15610 ; -    ; clk                                                                               ;
; MESSAGE_DISABLE ; 15610 ; -    ; reset                                                                             ;
+-----------------+-------+------+-----------------------------------------------------------------------------------+


+----------------------------------------------------------------------------------------------------------------+
; Source assignments for Lab3_mm_interconnect_0:mm_interconnect_0|Lab3_mm_interconnect_0_rsp_demux:rsp_demux_003 ;
+-----------------+-------+------+-------------------------------------------------------------------------------+
; Assignment      ; Value ; From ; To                                                                            ;
+-----------------+-------+------+-------------------------------------------------------------------------------+
; MESSAGE_DISABLE ; 15610 ; -    ; clk                                                                           ;
; MESSAGE_DISABLE ; 15610 ; -    ; reset                                                                         ;
+-----------------+-------+------+-------------------------------------------------------------------------------+


+----------------------------------------------------------------------------------------------------------------+
; Source assignments for Lab3_mm_interconnect_0:mm_interconnect_0|Lab3_mm_interconnect_0_rsp_demux:rsp_demux_004 ;
+-----------------+-------+------+-------------------------------------------------------------------------------+
; Assignment      ; Value ; From ; To                                                                            ;
+-----------------+-------+------+-------------------------------------------------------------------------------+
; MESSAGE_DISABLE ; 15610 ; -    ; clk                                                                           ;
; MESSAGE_DISABLE ; 15610 ; -    ; reset                                                                         ;
+-----------------+-------+------+-------------------------------------------------------------------------------+


+----------------------------------------------------------------------------------------------------------------+
; Source assignments for Lab3_mm_interconnect_0:mm_interconnect_0|Lab3_mm_interconnect_0_rsp_demux:rsp_demux_005 ;
+-----------------+-------+------+-------------------------------------------------------------------------------+
; Assignment      ; Value ; From ; To                                                                            ;
+-----------------+-------+------+-------------------------------------------------------------------------------+
; MESSAGE_DISABLE ; 15610 ; -    ; clk                                                                           ;
; MESSAGE_DISABLE ; 15610 ; -    ; reset                                                                         ;
+-----------------+-------+------+-------------------------------------------------------------------------------+


+----------------------------------------------------------------------------------------------------------------+
; Source assignments for Lab3_mm_interconnect_0:mm_interconnect_0|Lab3_mm_interconnect_0_rsp_demux:rsp_demux_006 ;
+-----------------+-------+------+-------------------------------------------------------------------------------+
; Assignment      ; Value ; From ; To                                                                            ;
+-----------------+-------+------+-------------------------------------------------------------------------------+
; MESSAGE_DISABLE ; 15610 ; -    ; clk                                                                           ;
; MESSAGE_DISABLE ; 15610 ; -    ; reset                                                                         ;
+-----------------+-------+------+-------------------------------------------------------------------------------+


+----------------------------------------------------------------------------------------------------------------+
; Source assignments for Lab3_mm_interconnect_0:mm_interconnect_0|Lab3_mm_interconnect_0_rsp_demux:rsp_demux_007 ;
+-----------------+-------+------+-------------------------------------------------------------------------------+
; Assignment      ; Value ; From ; To                                                                            ;
+-----------------+-------+------+-------------------------------------------------------------------------------+
; MESSAGE_DISABLE ; 15610 ; -    ; clk                                                                           ;
; MESSAGE_DISABLE ; 15610 ; -    ; reset                                                                         ;
+-----------------+-------+------+-------------------------------------------------------------------------------+


+----------------------------------------------------------------------------------------------------------------+
; Source assignments for Lab3_mm_interconnect_0:mm_interconnect_0|Lab3_mm_interconnect_0_rsp_demux:rsp_demux_008 ;
+-----------------+-------+------+-------------------------------------------------------------------------------+
; Assignment      ; Value ; From ; To                                                                            ;
+-----------------+-------+------+-------------------------------------------------------------------------------+
; MESSAGE_DISABLE ; 15610 ; -    ; clk                                                                           ;
; MESSAGE_DISABLE ; 15610 ; -    ; reset                                                                         ;
+-----------------+-------+------+-------------------------------------------------------------------------------+


+----------------------------------------------------------------------------------------------------------------+
; Source assignments for Lab3_mm_interconnect_0:mm_interconnect_0|Lab3_mm_interconnect_0_rsp_demux:rsp_demux_009 ;
+-----------------+-------+------+-------------------------------------------------------------------------------+
; Assignment      ; Value ; From ; To                                                                            ;
+-----------------+-------+------+-------------------------------------------------------------------------------+
; MESSAGE_DISABLE ; 15610 ; -    ; clk                                                                           ;
; MESSAGE_DISABLE ; 15610 ; -    ; reset                                                                         ;
+-----------------+-------+------+-------------------------------------------------------------------------------+


+----------------------------------------------------------------------------------------------------------------+
; Source assignments for Lab3_mm_interconnect_0:mm_interconnect_0|Lab3_mm_interconnect_0_rsp_demux:rsp_demux_010 ;
+-----------------+-------+------+-------------------------------------------------------------------------------+
; Assignment      ; Value ; From ; To                                                                            ;
+-----------------+-------+------+-------------------------------------------------------------------------------+
; MESSAGE_DISABLE ; 15610 ; -    ; clk                                                                           ;
; MESSAGE_DISABLE ; 15610 ; -    ; reset                                                                         ;
+-----------------+-------+------+-------------------------------------------------------------------------------+


+---------------------------------------------------------------------------+
; Source assignments for altera_reset_controller:rst_controller             ;
+-------------------+-------+------+----------------------------------------+
; Assignment        ; Value ; From ; To                                     ;
+-------------------+-------+------+----------------------------------------+
; PRESERVE_REGISTER ; on    ; -    ; altera_reset_synchronizer_int_chain[4] ;
; PRESERVE_REGISTER ; on    ; -    ; altera_reset_synchronizer_int_chain[3] ;
; PRESERVE_REGISTER ; on    ; -    ; altera_reset_synchronizer_int_chain[2] ;
; PRESERVE_REGISTER ; on    ; -    ; altera_reset_synchronizer_int_chain[1] ;
; PRESERVE_REGISTER ; on    ; -    ; altera_reset_synchronizer_int_chain[0] ;
+-------------------+-------+------+----------------------------------------+


+----------------------------------------------------------------------------------------------------------+
; Source assignments for altera_reset_controller:rst_controller|altera_reset_synchronizer:alt_rst_sync_uq1 ;
+-------------------+-------+------+-----------------------------------------------------------------------+
; Assignment        ; Value ; From ; To                                                                    ;
+-------------------+-------+------+-----------------------------------------------------------------------+
; PRESERVE_REGISTER ; on    ; -    ; altera_reset_synchronizer_int_chain[1]                                ;
; PRESERVE_REGISTER ; on    ; -    ; altera_reset_synchronizer_int_chain[0]                                ;
+-------------------+-------+------+-----------------------------------------------------------------------+


+--------------------------------------------------------------------------------------------------------------+
; Source assignments for altera_reset_controller:rst_controller|altera_reset_synchronizer:alt_rst_req_sync_uq1 ;
+-------------------+-------+------+---------------------------------------------------------------------------+
; Assignment        ; Value ; From ; To                                                                        ;
+-------------------+-------+------+---------------------------------------------------------------------------+
; PRESERVE_REGISTER ; on    ; -    ; altera_reset_synchronizer_int_chain[0]                                    ;
; PRESERVE_REGISTER ; on    ; -    ; altera_reset_synchronizer_int_chain[1]                                    ;
+-------------------+-------+------+---------------------------------------------------------------------------+


+--------------------------------------------------------------------------------------------------------------+
; Source assignments for altera_reset_controller:rst_controller_001|altera_reset_synchronizer:alt_rst_sync_uq1 ;
+-------------------+-------+------+---------------------------------------------------------------------------+
; Assignment        ; Value ; From ; To                                                                        ;
+-------------------+-------+------+---------------------------------------------------------------------------+
; PRESERVE_REGISTER ; on    ; -    ; altera_reset_synchronizer_int_chain[1]                                    ;
; PRESERVE_REGISTER ; on    ; -    ; altera_reset_synchronizer_int_chain[0]                                    ;
+-------------------+-------+------+---------------------------------------------------------------------------+


+------------------------------------------------------------------------------------------------------------------+
; Source assignments for altera_reset_controller:rst_controller_001|altera_reset_synchronizer:alt_rst_req_sync_uq1 ;
+-------------------+-------+------+-------------------------------------------------------------------------------+
; Assignment        ; Value ; From ; To                                                                            ;
+-------------------+-------+------+-------------------------------------------------------------------------------+
; PRESERVE_REGISTER ; on    ; -    ; altera_reset_synchronizer_int_chain[0]                                        ;
; PRESERVE_REGISTER ; on    ; -    ; altera_reset_synchronizer_int_chain[1]                                        ;
+-------------------+-------+------+-------------------------------------------------------------------------------+


+------------------------------------------------------------------------------------------------------------------------+
; Parameter Settings for User Entity Instance: Lab3_DEBUG:debug|Lab3_DEBUG_scfifo_w:the_Lab3_DEBUG_scfifo_w|scfifo:wfifo ;
+-------------------------+-------------+--------------------------------------------------------------------------------+
; Parameter Name          ; Value       ; Type                                                                           ;
+-------------------------+-------------+--------------------------------------------------------------------------------+
; AUTO_CARRY_CHAINS       ; ON          ; AUTO_CARRY                                                                     ;
; IGNORE_CARRY_BUFFERS    ; OFF         ; IGNORE_CARRY                                                                   ;
; AUTO_CASCADE_CHAINS     ; ON          ; AUTO_CASCADE                                                                   ;
; IGNORE_CASCADE_BUFFERS  ; OFF         ; IGNORE_CASCADE                                                                 ;
; lpm_width               ; 8           ; Signed Integer                                                                 ;
; LPM_NUMWORDS            ; 64          ; Signed Integer                                                                 ;
; LPM_WIDTHU              ; 6           ; Signed Integer                                                                 ;
; LPM_SHOWAHEAD           ; OFF         ; Untyped                                                                        ;
; UNDERFLOW_CHECKING      ; OFF         ; Untyped                                                                        ;
; OVERFLOW_CHECKING       ; OFF         ; Untyped                                                                        ;
; ALLOW_RWCYCLE_WHEN_FULL ; OFF         ; Untyped                                                                        ;
; ADD_RAM_OUTPUT_REGISTER ; OFF         ; Untyped                                                                        ;
; ALMOST_FULL_VALUE       ; 0           ; Untyped                                                                        ;
; ALMOST_EMPTY_VALUE      ; 0           ; Untyped                                                                        ;
; ENABLE_ECC              ; FALSE       ; Untyped                                                                        ;
; USE_EAB                 ; ON          ; Untyped                                                                        ;
; MAXIMIZE_SPEED          ; 5           ; Untyped                                                                        ;
; DEVICE_FAMILY           ; Cyclone V   ; Untyped                                                                        ;
; OPTIMIZE_FOR_SPEED      ; 5           ; Untyped                                                                        ;
; CBXI_PARAMETER          ; scfifo_3291 ; Untyped                                                                        ;
+-------------------------+-------------+--------------------------------------------------------------------------------+
Note: In order to hide this table in the UI and the text report file, please set the "Show Parameter Settings in Synthesis Report" option in "Analysis and Synthesis Settings -> More Settings" to "Off".


+------------------------------------------------------------------------------------------------------------------------+
; Parameter Settings for User Entity Instance: Lab3_DEBUG:debug|Lab3_DEBUG_scfifo_r:the_Lab3_DEBUG_scfifo_r|scfifo:rfifo ;
+-------------------------+-------------+--------------------------------------------------------------------------------+
; Parameter Name          ; Value       ; Type                                                                           ;
+-------------------------+-------------+--------------------------------------------------------------------------------+
; AUTO_CARRY_CHAINS       ; ON          ; AUTO_CARRY                                                                     ;
; IGNORE_CARRY_BUFFERS    ; OFF         ; IGNORE_CARRY                                                                   ;
; AUTO_CASCADE_CHAINS     ; ON          ; AUTO_CASCADE                                                                   ;
; IGNORE_CASCADE_BUFFERS  ; OFF         ; IGNORE_CASCADE                                                                 ;
; lpm_width               ; 8           ; Signed Integer                                                                 ;
; LPM_NUMWORDS            ; 64          ; Signed Integer                                                                 ;
; LPM_WIDTHU              ; 6           ; Signed Integer                                                                 ;
; LPM_SHOWAHEAD           ; OFF         ; Untyped                                                                        ;
; UNDERFLOW_CHECKING      ; OFF         ; Untyped                                                                        ;
; OVERFLOW_CHECKING       ; OFF         ; Untyped                                                                        ;
; ALLOW_RWCYCLE_WHEN_FULL ; OFF         ; Untyped                                                                        ;
; ADD_RAM_OUTPUT_REGISTER ; OFF         ; Untyped                                                                        ;
; ALMOST_FULL_VALUE       ; 0           ; Untyped                                                                        ;
; ALMOST_EMPTY_VALUE      ; 0           ; Untyped                                                                        ;
; ENABLE_ECC              ; FALSE       ; Untyped                                                                        ;
; USE_EAB                 ; ON          ; Untyped                                                                        ;
; MAXIMIZE_SPEED          ; 5           ; Untyped                                                                        ;
; DEVICE_FAMILY           ; Cyclone V   ; Untyped                                                                        ;
; OPTIMIZE_FOR_SPEED      ; 5           ; Untyped                                                                        ;
; CBXI_PARAMETER          ; scfifo_3291 ; Untyped                                                                        ;
+-------------------------+-------------+--------------------------------------------------------------------------------+
Note: In order to hide this table in the UI and the text report file, please set the "Show Parameter Settings in Synthesis Report" option in "Analysis and Synthesis Settings -> More Settings" to "Off".


+----------------------------------------------------------------------------------------------------+
; Parameter Settings for User Entity Instance: Lab3_Lab3:lab3|altera_reset_controller:rst_controller ;
+---------------------------+-------+----------------------------------------------------------------+
; Parameter Name            ; Value ; Type                                                           ;
+---------------------------+-------+----------------------------------------------------------------+
; NUM_RESET_INPUTS          ; 2     ; Signed Integer                                                 ;
; USE_RESET_REQUEST_IN0     ; 0     ; Signed Integer                                                 ;
; USE_RESET_REQUEST_IN1     ; 0     ; Signed Integer                                                 ;
; USE_RESET_REQUEST_IN2     ; 0     ; Signed Integer                                                 ;
; USE_RESET_REQUEST_IN3     ; 0     ; Signed Integer                                                 ;
; USE_RESET_REQUEST_IN4     ; 0     ; Signed Integer                                                 ;
; USE_RESET_REQUEST_IN5     ; 0     ; Signed Integer                                                 ;
; USE_RESET_REQUEST_IN6     ; 0     ; Signed Integer                                                 ;
; USE_RESET_REQUEST_IN7     ; 0     ; Signed Integer                                                 ;
; USE_RESET_REQUEST_IN8     ; 0     ; Signed Integer                                                 ;
; USE_RESET_REQUEST_IN9     ; 0     ; Signed Integer                                                 ;
; USE_RESET_REQUEST_IN10    ; 0     ; Signed Integer                                                 ;
; USE_RESET_REQUEST_IN11    ; 0     ; Signed Integer                                                 ;
; USE_RESET_REQUEST_IN12    ; 0     ; Signed Integer                                                 ;
; USE_RESET_REQUEST_IN13    ; 0     ; Signed Integer                                                 ;
; USE_RESET_REQUEST_IN14    ; 0     ; Signed Integer                                                 ;
; USE_RESET_REQUEST_IN15    ; 0     ; Signed Integer                                                 ;
; OUTPUT_RESET_SYNC_EDGES   ; none  ; String                                                         ;
; SYNC_DEPTH                ; 2     ; Signed Integer                                                 ;
; RESET_REQUEST_PRESENT     ; 0     ; Signed Integer                                                 ;
; RESET_REQ_WAIT_TIME       ; 1     ; Signed Integer                                                 ;
; MIN_RST_ASSERTION_TIME    ; 3     ; Signed Integer                                                 ;
; RESET_REQ_EARLY_DSRT_TIME ; 1     ; Signed Integer                                                 ;
; ADAPT_RESET_REQUEST       ; 0     ; Signed Integer                                                 ;
+---------------------------+-------+----------------------------------------------------------------+
Note: In order to hide this table in the UI and the text report file, please set the "Show Parameter Settings in Synthesis Report" option in "Analysis and Synthesis Settings -> More Settings" to "Off".


+--------------------------------------------------------------------------------------------------------+
; Parameter Settings for User Entity Instance: Lab3_Lab3:lab3|altera_reset_controller:rst_controller_001 ;
+---------------------------+----------+-----------------------------------------------------------------+
; Parameter Name            ; Value    ; Type                                                            ;
+---------------------------+----------+-----------------------------------------------------------------+
; NUM_RESET_INPUTS          ; 2        ; Signed Integer                                                  ;
; USE_RESET_REQUEST_IN0     ; 0        ; Signed Integer                                                  ;
; USE_RESET_REQUEST_IN1     ; 0        ; Signed Integer                                                  ;
; USE_RESET_REQUEST_IN2     ; 0        ; Signed Integer                                                  ;
; USE_RESET_REQUEST_IN3     ; 0        ; Signed Integer                                                  ;
; USE_RESET_REQUEST_IN4     ; 0        ; Signed Integer                                                  ;
; USE_RESET_REQUEST_IN5     ; 0        ; Signed Integer                                                  ;
; USE_RESET_REQUEST_IN6     ; 0        ; Signed Integer                                                  ;
; USE_RESET_REQUEST_IN7     ; 0        ; Signed Integer                                                  ;
; USE_RESET_REQUEST_IN8     ; 0        ; Signed Integer                                                  ;
; USE_RESET_REQUEST_IN9     ; 0        ; Signed Integer                                                  ;
; USE_RESET_REQUEST_IN10    ; 0        ; Signed Integer                                                  ;
; USE_RESET_REQUEST_IN11    ; 0        ; Signed Integer                                                  ;
; USE_RESET_REQUEST_IN12    ; 0        ; Signed Integer                                                  ;
; USE_RESET_REQUEST_IN13    ; 0        ; Signed Integer                                                  ;
; USE_RESET_REQUEST_IN14    ; 0        ; Signed Integer                                                  ;
; USE_RESET_REQUEST_IN15    ; 0        ; Signed Integer                                                  ;
; OUTPUT_RESET_SYNC_EDGES   ; deassert ; String                                                          ;
; SYNC_DEPTH                ; 2        ; Signed Integer                                                  ;
; RESET_REQUEST_PRESENT     ; 0        ; Signed Integer                                                  ;
; RESET_REQ_WAIT_TIME       ; 1        ; Signed Integer                                                  ;
; MIN_RST_ASSERTION_TIME    ; 3        ; Signed Integer                                                  ;
; RESET_REQ_EARLY_DSRT_TIME ; 1        ; Signed Integer                                                  ;
; ADAPT_RESET_REQUEST       ; 0        ; Signed Integer                                                  ;
+---------------------------+----------+-----------------------------------------------------------------+
Note: In order to hide this table in the UI and the text report file, please set the "Show Parameter Settings in Synthesis Report" option in "Analysis and Synthesis Settings -> More Settings" to "Off".


+---------------------------------------------------------------------------------------------------------------------------------------------------+
; Parameter Settings for User Entity Instance: Lab3_Lab3:lab3|altera_reset_controller:rst_controller_001|altera_reset_synchronizer:alt_rst_sync_uq1 ;
+----------------+-------+--------------------------------------------------------------------------------------------------------------------------+
; Parameter Name ; Value ; Type                                                                                                                     ;
+----------------+-------+--------------------------------------------------------------------------------------------------------------------------+
; ASYNC_RESET    ; 1     ; Unsigned Binary                                                                                                          ;
; DEPTH          ; 2     ; Signed Integer                                                                                                           ;
+----------------+-------+--------------------------------------------------------------------------------------------------------------------------+
Note: In order to hide this table in the UI and the text report file, please set the "Show Parameter Settings in Synthesis Report" option in "Analysis and Synthesis Settings -> More Settings" to "Off".


+-------------------------------------------------------------------------------------------------------------------------------------------------------+
; Parameter Settings for User Entity Instance: Lab3_Lab3:lab3|altera_reset_controller:rst_controller_001|altera_reset_synchronizer:alt_rst_req_sync_uq1 ;
+----------------+-------+------------------------------------------------------------------------------------------------------------------------------+
; Parameter Name ; Value ; Type                                                                                                                         ;
+----------------+-------+------------------------------------------------------------------------------------------------------------------------------+
; ASYNC_RESET    ; 0     ; Signed Integer                                                                                                               ;
; DEPTH          ; 2     ; Signed Integer                                                                                                               ;
+----------------+-------+------------------------------------------------------------------------------------------------------------------------------+
Note: In order to hide this table in the UI and the text report file, please set the "Show Parameter Settings in Synthesis Report" option in "Analysis and Synthesis Settings -> More Settings" to "Off".


+-------------------------------------------------------------+
; Parameter Settings for User Entity Instance: Lab3_SRAM:sram ;
+----------------+---------------+----------------------------+
; Parameter Name ; Value         ; Type                       ;
+----------------+---------------+----------------------------+
; INIT_FILE      ; Lab3_SRAM.hex ; String                     ;
+----------------+---------------+----------------------------+
Note: In order to hide this table in the UI and the text report file, please set the "Show Parameter Settings in Synthesis Report" option in "Analysis and Synthesis Settings -> More Settings" to "Off".


+---------------------------------------------------------------------------------------+
; Parameter Settings for User Entity Instance: Lab3_SRAM:sram|altsyncram:the_altsyncram ;
+------------------------------------+----------------------+---------------------------+
; Parameter Name                     ; Value                ; Type                      ;
+------------------------------------+----------------------+---------------------------+
; BYTE_SIZE_BLOCK                    ; 8                    ; Untyped                   ;
; AUTO_CARRY_CHAINS                  ; ON                   ; AUTO_CARRY                ;
; IGNORE_CARRY_BUFFERS               ; OFF                  ; IGNORE_CARRY              ;
; AUTO_CASCADE_CHAINS                ; ON                   ; AUTO_CASCADE              ;
; IGNORE_CASCADE_BUFFERS             ; OFF                  ; IGNORE_CASCADE            ;
; WIDTH_BYTEENA                      ; 1                    ; Untyped                   ;
; OPERATION_MODE                     ; SINGLE_PORT          ; Untyped                   ;
; WIDTH_A                            ; 32                   ; Signed Integer            ;
; WIDTHAD_A                          ; 16                   ; Signed Integer            ;
; NUMWORDS_A                         ; 51200                ; Signed Integer            ;
; OUTDATA_REG_A                      ; UNREGISTERED         ; Untyped                   ;
; ADDRESS_ACLR_A                     ; NONE                 ; Untyped                   ;
; OUTDATA_ACLR_A                     ; NONE                 ; Untyped                   ;
; WRCONTROL_ACLR_A                   ; NONE                 ; Untyped                   ;
; INDATA_ACLR_A                      ; NONE                 ; Untyped                   ;
; BYTEENA_ACLR_A                     ; NONE                 ; Untyped                   ;
; WIDTH_B                            ; 1                    ; Untyped                   ;
; WIDTHAD_B                          ; 1                    ; Untyped                   ;
; NUMWORDS_B                         ; 1                    ; Untyped                   ;
; INDATA_REG_B                       ; CLOCK1               ; Untyped                   ;
; WRCONTROL_WRADDRESS_REG_B          ; CLOCK1               ; Untyped                   ;
; RDCONTROL_REG_B                    ; CLOCK1               ; Untyped                   ;
; ADDRESS_REG_B                      ; CLOCK1               ; Untyped                   ;
; OUTDATA_REG_B                      ; UNREGISTERED         ; Untyped                   ;
; BYTEENA_REG_B                      ; CLOCK1               ; Untyped                   ;
; INDATA_ACLR_B                      ; NONE                 ; Untyped                   ;
; WRCONTROL_ACLR_B                   ; NONE                 ; Untyped                   ;
; ADDRESS_ACLR_B                     ; NONE                 ; Untyped                   ;
; OUTDATA_ACLR_B                     ; NONE                 ; Untyped                   ;
; RDCONTROL_ACLR_B                   ; NONE                 ; Untyped                   ;
; BYTEENA_ACLR_B                     ; NONE                 ; Untyped                   ;
; WIDTH_BYTEENA_A                    ; 4                    ; Signed Integer            ;
; WIDTH_BYTEENA_B                    ; 1                    ; Untyped                   ;
; RAM_BLOCK_TYPE                     ; AUTO                 ; Untyped                   ;
; BYTE_SIZE                          ; 8                    ; Signed Integer            ;
; READ_DURING_WRITE_MODE_MIXED_PORTS ; DONT_CARE            ; Untyped                   ;
; READ_DURING_WRITE_MODE_PORT_A      ; DONT_CARE            ; Untyped                   ;
; READ_DURING_WRITE_MODE_PORT_B      ; NEW_DATA_NO_NBE_READ ; Untyped                   ;
; INIT_FILE                          ; Lab3_SRAM.hex        ; Untyped                   ;
; INIT_FILE_LAYOUT                   ; PORT_A               ; Untyped                   ;
; MAXIMUM_DEPTH                      ; 51200                ; Signed Integer            ;
; CLOCK_ENABLE_INPUT_A               ; NORMAL               ; Untyped                   ;
; CLOCK_ENABLE_INPUT_B               ; NORMAL               ; Untyped                   ;
; CLOCK_ENABLE_OUTPUT_A              ; NORMAL               ; Untyped                   ;
; CLOCK_ENABLE_OUTPUT_B              ; NORMAL               ; Untyped                   ;
; CLOCK_ENABLE_CORE_A                ; USE_INPUT_CLKEN      ; Untyped                   ;
; CLOCK_ENABLE_CORE_B                ; USE_INPUT_CLKEN      ; Untyped                   ;
; ENABLE_ECC                         ; FALSE                ; Untyped                   ;
; ECC_PIPELINE_STAGE_ENABLED         ; FALSE                ; Untyped                   ;
; WIDTH_ECCSTATUS                    ; 3                    ; Untyped                   ;
; DEVICE_FAMILY                      ; Cyclone V            ; Untyped                   ;
; CBXI_PARAMETER                     ; altsyncram_ptl1      ; Untyped                   ;
+------------------------------------+----------------------+---------------------------+
Note: In order to hide this table in the UI and the text report file, please set the "Show Parameter Settings in Synthesis Report" option in "Analysis and Synthesis Settings -> More Settings" to "Off".


+---------------------------------------------------------------------------------------------------------------------------------------------------------+
; Parameter Settings for User Entity Instance: Lab3_mm_interconnect_0:mm_interconnect_0|altera_merlin_slave_translator:debug_avalon_jtag_slave_translator ;
+--------------------------------+-------+----------------------------------------------------------------------------------------------------------------+
; Parameter Name                 ; Value ; Type                                                                                                           ;
+--------------------------------+-------+----------------------------------------------------------------------------------------------------------------+
; AV_ADDRESS_W                   ; 1     ; Signed Integer                                                                                                 ;
; AV_DATA_W                      ; 32    ; Signed Integer                                                                                                 ;
; AV_BURSTCOUNT_W                ; 1     ; Signed Integer                                                                                                 ;
; AV_BYTEENABLE_W                ; 1     ; Signed Integer                                                                                                 ;
; UAV_BYTEENABLE_W               ; 4     ; Signed Integer                                                                                                 ;
; AV_READLATENCY                 ; 0     ; Signed Integer                                                                                                 ;
; AV_READ_WAIT_CYCLES            ; 1     ; Signed Integer                                                                                                 ;
; AV_WRITE_WAIT_CYCLES           ; 0     ; Signed Integer                                                                                                 ;
; AV_SETUP_WAIT_CYCLES           ; 0     ; Signed Integer                                                                                                 ;
; AV_DATA_HOLD_CYCLES            ; 0     ; Signed Integer                                                                                                 ;
; USE_READDATAVALID              ; 0     ; Signed Integer                                                                                                 ;
; USE_WAITREQUEST                ; 1     ; Signed Integer                                                                                                 ;
; USE_READRESPONSE               ; 0     ; Signed Integer                                                                                                 ;
; USE_WRITERESPONSE              ; 0     ; Signed Integer                                                                                                 ;
; AV_SYMBOLS_PER_WORD            ; 4     ; Signed Integer                                                                                                 ;
; AV_ADDRESS_SYMBOLS             ; 0     ; Signed Integer                                                                                                 ;
; AV_BURSTCOUNT_SYMBOLS          ; 0     ; Signed Integer                                                                                                 ;
; BITS_PER_WORD                  ; 2     ; Signed Integer                                                                                                 ;
; UAV_ADDRESS_W                  ; 32    ; Signed Integer                                                                                                 ;
; UAV_BURSTCOUNT_W               ; 3     ; Signed Integer                                                                                                 ;
; UAV_DATA_W                     ; 32    ; Signed Integer                                                                                                 ;
; AV_CONSTANT_BURST_BEHAVIOR     ; 0     ; Signed Integer                                                                                                 ;
; UAV_CONSTANT_BURST_BEHAVIOR    ; 0     ; Signed Integer                                                                                                 ;
; CHIPSELECT_THROUGH_READLATENCY ; 0     ; Signed Integer                                                                                                 ;
; USE_UAV_CLKEN                  ; 0     ; Signed Integer                                                                                                 ;
; AV_REQUIRE_UNALIGNED_ADDRESSES ; 0     ; Signed Integer                                                                                                 ;
+--------------------------------+-------+----------------------------------------------------------------------------------------------------------------+
Note: In order to hide this table in the UI and the text report file, please set the "Show Parameter Settings in Synthesis Report" option in "Analysis and Synthesis Settings -> More Settings" to "Off".


+-----------------------------------------------------------------------------------------------------------------------------------------------+
; Parameter Settings for User Entity Instance: Lab3_mm_interconnect_0:mm_interconnect_0|altera_merlin_slave_translator:lab3_dm_agent_translator ;
+--------------------------------+-------+------------------------------------------------------------------------------------------------------+
; Parameter Name                 ; Value ; Type                                                                                                 ;
+--------------------------------+-------+------------------------------------------------------------------------------------------------------+
; AV_ADDRESS_W                   ; 16    ; Signed Integer                                                                                       ;
; AV_DATA_W                      ; 32    ; Signed Integer                                                                                       ;
; AV_BURSTCOUNT_W                ; 1     ; Signed Integer                                                                                       ;
; AV_BYTEENABLE_W                ; 4     ; Signed Integer                                                                                       ;
; UAV_BYTEENABLE_W               ; 4     ; Signed Integer                                                                                       ;
; AV_READLATENCY                 ; 0     ; Signed Integer                                                                                       ;
; AV_READ_WAIT_CYCLES            ; 1     ; Signed Integer                                                                                       ;
; AV_WRITE_WAIT_CYCLES           ; 0     ; Signed Integer                                                                                       ;
; AV_SETUP_WAIT_CYCLES           ; 0     ; Signed Integer                                                                                       ;
; AV_DATA_HOLD_CYCLES            ; 0     ; Signed Integer                                                                                       ;
; USE_READDATAVALID              ; 1     ; Signed Integer                                                                                       ;
; USE_WAITREQUEST                ; 1     ; Signed Integer                                                                                       ;
; USE_READRESPONSE               ; 0     ; Signed Integer                                                                                       ;
; USE_WRITERESPONSE              ; 0     ; Signed Integer                                                                                       ;
; AV_SYMBOLS_PER_WORD            ; 4     ; Signed Integer                                                                                       ;
; AV_ADDRESS_SYMBOLS             ; 1     ; Signed Integer                                                                                       ;
; AV_BURSTCOUNT_SYMBOLS          ; 0     ; Signed Integer                                                                                       ;
; BITS_PER_WORD                  ; 2     ; Signed Integer                                                                                       ;
; UAV_ADDRESS_W                  ; 32    ; Signed Integer                                                                                       ;
; UAV_BURSTCOUNT_W               ; 3     ; Signed Integer                                                                                       ;
; UAV_DATA_W                     ; 32    ; Signed Integer                                                                                       ;
; AV_CONSTANT_BURST_BEHAVIOR     ; 0     ; Signed Integer                                                                                       ;
; UAV_CONSTANT_BURST_BEHAVIOR    ; 0     ; Signed Integer                                                                                       ;
; CHIPSELECT_THROUGH_READLATENCY ; 0     ; Signed Integer                                                                                       ;
; USE_UAV_CLKEN                  ; 0     ; Signed Integer                                                                                       ;
; AV_REQUIRE_UNALIGNED_ADDRESSES ; 0     ; Signed Integer                                                                                       ;
+--------------------------------+-------+------------------------------------------------------------------------------------------------------+
Note: In order to hide this table in the UI and the text report file, please set the "Show Parameter Settings in Synthesis Report" option in "Analysis and Synthesis Settings -> More Settings" to "Off".


+-----------------------------------------------------------------------------------------------------------------------------------------+
; Parameter Settings for User Entity Instance: Lab3_mm_interconnect_0:mm_interconnect_0|altera_merlin_slave_translator:sram_s1_translator ;
+--------------------------------+-------+------------------------------------------------------------------------------------------------+
; Parameter Name                 ; Value ; Type                                                                                           ;
+--------------------------------+-------+------------------------------------------------------------------------------------------------+
; AV_ADDRESS_W                   ; 16    ; Signed Integer                                                                                 ;
; AV_DATA_W                      ; 32    ; Signed Integer                                                                                 ;
; AV_BURSTCOUNT_W                ; 1     ; Signed Integer                                                                                 ;
; AV_BYTEENABLE_W                ; 4     ; Signed Integer                                                                                 ;
; UAV_BYTEENABLE_W               ; 4     ; Signed Integer                                                                                 ;
; AV_READLATENCY                 ; 1     ; Signed Integer                                                                                 ;
; AV_READ_WAIT_CYCLES            ; 0     ; Signed Integer                                                                                 ;
; AV_WRITE_WAIT_CYCLES           ; 0     ; Signed Integer                                                                                 ;
; AV_SETUP_WAIT_CYCLES           ; 0     ; Signed Integer                                                                                 ;
; AV_DATA_HOLD_CYCLES            ; 0     ; Signed Integer                                                                                 ;
; USE_READDATAVALID              ; 0     ; Signed Integer                                                                                 ;
; USE_WAITREQUEST                ; 0     ; Signed Integer                                                                                 ;
; USE_READRESPONSE               ; 0     ; Signed Integer                                                                                 ;
; USE_WRITERESPONSE              ; 0     ; Signed Integer                                                                                 ;
; AV_SYMBOLS_PER_WORD            ; 4     ; Signed Integer                                                                                 ;
; AV_ADDRESS_SYMBOLS             ; 0     ; Signed Integer                                                                                 ;
; AV_BURSTCOUNT_SYMBOLS          ; 0     ; Signed Integer                                                                                 ;
; BITS_PER_WORD                  ; 2     ; Signed Integer                                                                                 ;
; UAV_ADDRESS_W                  ; 32    ; Signed Integer                                                                                 ;
; UAV_BURSTCOUNT_W               ; 3     ; Signed Integer                                                                                 ;
; UAV_DATA_W                     ; 32    ; Signed Integer                                                                                 ;
; AV_CONSTANT_BURST_BEHAVIOR     ; 0     ; Signed Integer                                                                                 ;
; UAV_CONSTANT_BURST_BEHAVIOR    ; 0     ; Signed Integer                                                                                 ;
; CHIPSELECT_THROUGH_READLATENCY ; 0     ; Signed Integer                                                                                 ;
; USE_UAV_CLKEN                  ; 0     ; Signed Integer                                                                                 ;
; AV_REQUIRE_UNALIGNED_ADDRESSES ; 0     ; Signed Integer                                                                                 ;
+--------------------------------+-------+------------------------------------------------------------------------------------------------+
Note: In order to hide this table in the UI and the text report file, please set the "Show Parameter Settings in Synthesis Report" option in "Analysis and Synthesis Settings -> More Settings" to "Off".


+-----------------------------------------------------------------------------------------------------------------------------------------+
; Parameter Settings for User Entity Instance: Lab3_mm_interconnect_0:mm_interconnect_0|altera_merlin_slave_translator:hex0_s1_translator ;
+--------------------------------+-------+------------------------------------------------------------------------------------------------+
; Parameter Name                 ; Value ; Type                                                                                           ;
+--------------------------------+-------+------------------------------------------------------------------------------------------------+
; AV_ADDRESS_W                   ; 3     ; Signed Integer                                                                                 ;
; AV_DATA_W                      ; 32    ; Signed Integer                                                                                 ;
; AV_BURSTCOUNT_W                ; 1     ; Signed Integer                                                                                 ;
; AV_BYTEENABLE_W                ; 1     ; Signed Integer                                                                                 ;
; UAV_BYTEENABLE_W               ; 4     ; Signed Integer                                                                                 ;
; AV_READLATENCY                 ; 0     ; Signed Integer                                                                                 ;
; AV_READ_WAIT_CYCLES            ; 1     ; Signed Integer                                                                                 ;
; AV_WRITE_WAIT_CYCLES           ; 0     ; Signed Integer                                                                                 ;
; AV_SETUP_WAIT_CYCLES           ; 0     ; Signed Integer                                                                                 ;
; AV_DATA_HOLD_CYCLES            ; 0     ; Signed Integer                                                                                 ;
; USE_READDATAVALID              ; 0     ; Signed Integer                                                                                 ;
; USE_WAITREQUEST                ; 0     ; Signed Integer                                                                                 ;
; USE_READRESPONSE               ; 0     ; Signed Integer                                                                                 ;
; USE_WRITERESPONSE              ; 0     ; Signed Integer                                                                                 ;
; AV_SYMBOLS_PER_WORD            ; 4     ; Signed Integer                                                                                 ;
; AV_ADDRESS_SYMBOLS             ; 0     ; Signed Integer                                                                                 ;
; AV_BURSTCOUNT_SYMBOLS          ; 0     ; Signed Integer                                                                                 ;
; BITS_PER_WORD                  ; 2     ; Signed Integer                                                                                 ;
; UAV_ADDRESS_W                  ; 32    ; Signed Integer                                                                                 ;
; UAV_BURSTCOUNT_W               ; 3     ; Signed Integer                                                                                 ;
; UAV_DATA_W                     ; 32    ; Signed Integer                                                                                 ;
; AV_CONSTANT_BURST_BEHAVIOR     ; 0     ; Signed Integer                                                                                 ;
; UAV_CONSTANT_BURST_BEHAVIOR    ; 0     ; Signed Integer                                                                                 ;
; CHIPSELECT_THROUGH_READLATENCY ; 0     ; Signed Integer                                                                                 ;
; USE_UAV_CLKEN                  ; 0     ; Signed Integer                                                                                 ;
; AV_REQUIRE_UNALIGNED_ADDRESSES ; 0     ; Signed Integer                                                                                 ;
+--------------------------------+-------+------------------------------------------------------------------------------------------------+
Note: In order to hide this table in the UI and the text report file, please set the "Show Parameter Settings in Synthesis Report" option in "Analysis and Synthesis Settings -> More Settings" to "Off".


+-----------------------------------------------------------------------------------------------------------------------------------------+
; Parameter Settings for User Entity Instance: Lab3_mm_interconnect_0:mm_interconnect_0|altera_merlin_slave_translator:hex1_s1_translator ;
+--------------------------------+-------+------------------------------------------------------------------------------------------------+
; Parameter Name                 ; Value ; Type                                                                                           ;
+--------------------------------+-------+------------------------------------------------------------------------------------------------+
; AV_ADDRESS_W                   ; 3     ; Signed Integer                                                                                 ;
; AV_DATA_W                      ; 32    ; Signed Integer                                                                                 ;
; AV_BURSTCOUNT_W                ; 1     ; Signed Integer                                                                                 ;
; AV_BYTEENABLE_W                ; 1     ; Signed Integer                                                                                 ;
; UAV_BYTEENABLE_W               ; 4     ; Signed Integer                                                                                 ;
; AV_READLATENCY                 ; 0     ; Signed Integer                                                                                 ;
; AV_READ_WAIT_CYCLES            ; 1     ; Signed Integer                                                                                 ;
; AV_WRITE_WAIT_CYCLES           ; 0     ; Signed Integer                                                                                 ;
; AV_SETUP_WAIT_CYCLES           ; 0     ; Signed Integer                                                                                 ;
; AV_DATA_HOLD_CYCLES            ; 0     ; Signed Integer                                                                                 ;
; USE_READDATAVALID              ; 0     ; Signed Integer                                                                                 ;
; USE_WAITREQUEST                ; 0     ; Signed Integer                                                                                 ;
; USE_READRESPONSE               ; 0     ; Signed Integer                                                                                 ;
; USE_WRITERESPONSE              ; 0     ; Signed Integer                                                                                 ;
; AV_SYMBOLS_PER_WORD            ; 4     ; Signed Integer                                                                                 ;
; AV_ADDRESS_SYMBOLS             ; 0     ; Signed Integer                                                                                 ;
; AV_BURSTCOUNT_SYMBOLS          ; 0     ; Signed Integer                                                                                 ;
; BITS_PER_WORD                  ; 2     ; Signed Integer                                                                                 ;
; UAV_ADDRESS_W                  ; 32    ; Signed Integer                                                                                 ;
; UAV_BURSTCOUNT_W               ; 3     ; Signed Integer                                                                                 ;
; UAV_DATA_W                     ; 32    ; Signed Integer                                                                                 ;
; AV_CONSTANT_BURST_BEHAVIOR     ; 0     ; Signed Integer                                                                                 ;
; UAV_CONSTANT_BURST_BEHAVIOR    ; 0     ; Signed Integer                                                                                 ;
; CHIPSELECT_THROUGH_READLATENCY ; 0     ; Signed Integer                                                                                 ;
; USE_UAV_CLKEN                  ; 0     ; Signed Integer                                                                                 ;
; AV_REQUIRE_UNALIGNED_ADDRESSES ; 0     ; Signed Integer                                                                                 ;
+--------------------------------+-------+------------------------------------------------------------------------------------------------+
Note: In order to hide this table in the UI and the text report file, please set the "Show Parameter Settings in Synthesis Report" option in "Analysis and Synthesis Settings -> More Settings" to "Off".


+-----------------------------------------------------------------------------------------------------------------------------------------+
; Parameter Settings for User Entity Instance: Lab3_mm_interconnect_0:mm_interconnect_0|altera_merlin_slave_translator:hex2_s1_translator ;
+--------------------------------+-------+------------------------------------------------------------------------------------------------+
; Parameter Name                 ; Value ; Type                                                                                           ;
+--------------------------------+-------+------------------------------------------------------------------------------------------------+
; AV_ADDRESS_W                   ; 3     ; Signed Integer                                                                                 ;
; AV_DATA_W                      ; 32    ; Signed Integer                                                                                 ;
; AV_BURSTCOUNT_W                ; 1     ; Signed Integer                                                                                 ;
; AV_BYTEENABLE_W                ; 1     ; Signed Integer                                                                                 ;
; UAV_BYTEENABLE_W               ; 4     ; Signed Integer                                                                                 ;
; AV_READLATENCY                 ; 0     ; Signed Integer                                                                                 ;
; AV_READ_WAIT_CYCLES            ; 1     ; Signed Integer                                                                                 ;
; AV_WRITE_WAIT_CYCLES           ; 0     ; Signed Integer                                                                                 ;
; AV_SETUP_WAIT_CYCLES           ; 0     ; Signed Integer                                                                                 ;
; AV_DATA_HOLD_CYCLES            ; 0     ; Signed Integer                                                                                 ;
; USE_READDATAVALID              ; 0     ; Signed Integer                                                                                 ;
; USE_WAITREQUEST                ; 0     ; Signed Integer                                                                                 ;
; USE_READRESPONSE               ; 0     ; Signed Integer                                                                                 ;
; USE_WRITERESPONSE              ; 0     ; Signed Integer                                                                                 ;
; AV_SYMBOLS_PER_WORD            ; 4     ; Signed Integer                                                                                 ;
; AV_ADDRESS_SYMBOLS             ; 0     ; Signed Integer                                                                                 ;
; AV_BURSTCOUNT_SYMBOLS          ; 0     ; Signed Integer                                                                                 ;
; BITS_PER_WORD                  ; 2     ; Signed Integer                                                                                 ;
; UAV_ADDRESS_W                  ; 32    ; Signed Integer                                                                                 ;
; UAV_BURSTCOUNT_W               ; 3     ; Signed Integer                                                                                 ;
; UAV_DATA_W                     ; 32    ; Signed Integer                                                                                 ;
; AV_CONSTANT_BURST_BEHAVIOR     ; 0     ; Signed Integer                                                                                 ;
; UAV_CONSTANT_BURST_BEHAVIOR    ; 0     ; Signed Integer                                                                                 ;
; CHIPSELECT_THROUGH_READLATENCY ; 0     ; Signed Integer                                                                                 ;
; USE_UAV_CLKEN                  ; 0     ; Signed Integer                                                                                 ;
; AV_REQUIRE_UNALIGNED_ADDRESSES ; 0     ; Signed Integer                                                                                 ;
+--------------------------------+-------+------------------------------------------------------------------------------------------------+
Note: In order to hide this table in the UI and the text report file, please set the "Show Parameter Settings in Synthesis Report" option in "Analysis and Synthesis Settings -> More Settings" to "Off".


+-----------------------------------------------------------------------------------------------------------------------------------------+
; Parameter Settings for User Entity Instance: Lab3_mm_interconnect_0:mm_interconnect_0|altera_merlin_slave_translator:hex3_s1_translator ;
+--------------------------------+-------+------------------------------------------------------------------------------------------------+
; Parameter Name                 ; Value ; Type                                                                                           ;
+--------------------------------+-------+------------------------------------------------------------------------------------------------+
; AV_ADDRESS_W                   ; 3     ; Signed Integer                                                                                 ;
; AV_DATA_W                      ; 32    ; Signed Integer                                                                                 ;
; AV_BURSTCOUNT_W                ; 1     ; Signed Integer                                                                                 ;
; AV_BYTEENABLE_W                ; 1     ; Signed Integer                                                                                 ;
; UAV_BYTEENABLE_W               ; 4     ; Signed Integer                                                                                 ;
; AV_READLATENCY                 ; 0     ; Signed Integer                                                                                 ;
; AV_READ_WAIT_CYCLES            ; 1     ; Signed Integer                                                                                 ;
; AV_WRITE_WAIT_CYCLES           ; 0     ; Signed Integer                                                                                 ;
; AV_SETUP_WAIT_CYCLES           ; 0     ; Signed Integer                                                                                 ;
; AV_DATA_HOLD_CYCLES            ; 0     ; Signed Integer                                                                                 ;
; USE_READDATAVALID              ; 0     ; Signed Integer                                                                                 ;
; USE_WAITREQUEST                ; 0     ; Signed Integer                                                                                 ;
; USE_READRESPONSE               ; 0     ; Signed Integer                                                                                 ;
; USE_WRITERESPONSE              ; 0     ; Signed Integer                                                                                 ;
; AV_SYMBOLS_PER_WORD            ; 4     ; Signed Integer                                                                                 ;
; AV_ADDRESS_SYMBOLS             ; 0     ; Signed Integer                                                                                 ;
; AV_BURSTCOUNT_SYMBOLS          ; 0     ; Signed Integer                                                                                 ;
; BITS_PER_WORD                  ; 2     ; Signed Integer                                                                                 ;
; UAV_ADDRESS_W                  ; 32    ; Signed Integer                                                                                 ;
; UAV_BURSTCOUNT_W               ; 3     ; Signed Integer                                                                                 ;
; UAV_DATA_W                     ; 32    ; Signed Integer                                                                                 ;
; AV_CONSTANT_BURST_BEHAVIOR     ; 0     ; Signed Integer                                                                                 ;
; UAV_CONSTANT_BURST_BEHAVIOR    ; 0     ; Signed Integer                                                                                 ;
; CHIPSELECT_THROUGH_READLATENCY ; 0     ; Signed Integer                                                                                 ;
; USE_UAV_CLKEN                  ; 0     ; Signed Integer                                                                                 ;
; AV_REQUIRE_UNALIGNED_ADDRESSES ; 0     ; Signed Integer                                                                                 ;
+--------------------------------+-------+------------------------------------------------------------------------------------------------+
Note: In order to hide this table in the UI and the text report file, please set the "Show Parameter Settings in Synthesis Report" option in "Analysis and Synthesis Settings -> More Settings" to "Off".


+-----------------------------------------------------------------------------------------------------------------------------------------+
; Parameter Settings for User Entity Instance: Lab3_mm_interconnect_0:mm_interconnect_0|altera_merlin_slave_translator:hex4_s1_translator ;
+--------------------------------+-------+------------------------------------------------------------------------------------------------+
; Parameter Name                 ; Value ; Type                                                                                           ;
+--------------------------------+-------+------------------------------------------------------------------------------------------------+
; AV_ADDRESS_W                   ; 3     ; Signed Integer                                                                                 ;
; AV_DATA_W                      ; 32    ; Signed Integer                                                                                 ;
; AV_BURSTCOUNT_W                ; 1     ; Signed Integer                                                                                 ;
; AV_BYTEENABLE_W                ; 1     ; Signed Integer                                                                                 ;
; UAV_BYTEENABLE_W               ; 4     ; Signed Integer                                                                                 ;
; AV_READLATENCY                 ; 0     ; Signed Integer                                                                                 ;
; AV_READ_WAIT_CYCLES            ; 1     ; Signed Integer                                                                                 ;
; AV_WRITE_WAIT_CYCLES           ; 0     ; Signed Integer                                                                                 ;
; AV_SETUP_WAIT_CYCLES           ; 0     ; Signed Integer                                                                                 ;
; AV_DATA_HOLD_CYCLES            ; 0     ; Signed Integer                                                                                 ;
; USE_READDATAVALID              ; 0     ; Signed Integer                                                                                 ;
; USE_WAITREQUEST                ; 0     ; Signed Integer                                                                                 ;
; USE_READRESPONSE               ; 0     ; Signed Integer                                                                                 ;
; USE_WRITERESPONSE              ; 0     ; Signed Integer                                                                                 ;
; AV_SYMBOLS_PER_WORD            ; 4     ; Signed Integer                                                                                 ;
; AV_ADDRESS_SYMBOLS             ; 0     ; Signed Integer                                                                                 ;
; AV_BURSTCOUNT_SYMBOLS          ; 0     ; Signed Integer                                                                                 ;
; BITS_PER_WORD                  ; 2     ; Signed Integer                                                                                 ;
; UAV_ADDRESS_W                  ; 32    ; Signed Integer                                                                                 ;
; UAV_BURSTCOUNT_W               ; 3     ; Signed Integer                                                                                 ;
; UAV_DATA_W                     ; 32    ; Signed Integer                                                                                 ;
; AV_CONSTANT_BURST_BEHAVIOR     ; 0     ; Signed Integer                                                                                 ;
; UAV_CONSTANT_BURST_BEHAVIOR    ; 0     ; Signed Integer                                                                                 ;
; CHIPSELECT_THROUGH_READLATENCY ; 0     ; Signed Integer                                                                                 ;
; USE_UAV_CLKEN                  ; 0     ; Signed Integer                                                                                 ;
; AV_REQUIRE_UNALIGNED_ADDRESSES ; 0     ; Signed Integer                                                                                 ;
+--------------------------------+-------+------------------------------------------------------------------------------------------------+
Note: In order to hide this table in the UI and the text report file, please set the "Show Parameter Settings in Synthesis Report" option in "Analysis and Synthesis Settings -> More Settings" to "Off".


+-----------------------------------------------------------------------------------------------------------------------------------------+
; Parameter Settings for User Entity Instance: Lab3_mm_interconnect_0:mm_interconnect_0|altera_merlin_slave_translator:hex5_s1_translator ;
+--------------------------------+-------+------------------------------------------------------------------------------------------------+
; Parameter Name                 ; Value ; Type                                                                                           ;
+--------------------------------+-------+------------------------------------------------------------------------------------------------+
; AV_ADDRESS_W                   ; 3     ; Signed Integer                                                                                 ;
; AV_DATA_W                      ; 32    ; Signed Integer                                                                                 ;
; AV_BURSTCOUNT_W                ; 1     ; Signed Integer                                                                                 ;
; AV_BYTEENABLE_W                ; 1     ; Signed Integer                                                                                 ;
; UAV_BYTEENABLE_W               ; 4     ; Signed Integer                                                                                 ;
; AV_READLATENCY                 ; 0     ; Signed Integer                                                                                 ;
; AV_READ_WAIT_CYCLES            ; 1     ; Signed Integer                                                                                 ;
; AV_WRITE_WAIT_CYCLES           ; 0     ; Signed Integer                                                                                 ;
; AV_SETUP_WAIT_CYCLES           ; 0     ; Signed Integer                                                                                 ;
; AV_DATA_HOLD_CYCLES            ; 0     ; Signed Integer                                                                                 ;
; USE_READDATAVALID              ; 0     ; Signed Integer                                                                                 ;
; USE_WAITREQUEST                ; 0     ; Signed Integer                                                                                 ;
; USE_READRESPONSE               ; 0     ; Signed Integer                                                                                 ;
; USE_WRITERESPONSE              ; 0     ; Signed Integer                                                                                 ;
; AV_SYMBOLS_PER_WORD            ; 4     ; Signed Integer                                                                                 ;
; AV_ADDRESS_SYMBOLS             ; 0     ; Signed Integer                                                                                 ;
; AV_BURSTCOUNT_SYMBOLS          ; 0     ; Signed Integer                                                                                 ;
; BITS_PER_WORD                  ; 2     ; Signed Integer                                                                                 ;
; UAV_ADDRESS_W                  ; 32    ; Signed Integer                                                                                 ;
; UAV_BURSTCOUNT_W               ; 3     ; Signed Integer                                                                                 ;
; UAV_DATA_W                     ; 32    ; Signed Integer                                                                                 ;
; AV_CONSTANT_BURST_BEHAVIOR     ; 0     ; Signed Integer                                                                                 ;
; UAV_CONSTANT_BURST_BEHAVIOR    ; 0     ; Signed Integer                                                                                 ;
; CHIPSELECT_THROUGH_READLATENCY ; 0     ; Signed Integer                                                                                 ;
; USE_UAV_CLKEN                  ; 0     ; Signed Integer                                                                                 ;
; AV_REQUIRE_UNALIGNED_ADDRESSES ; 0     ; Signed Integer                                                                                 ;
+--------------------------------+-------+------------------------------------------------------------------------------------------------+
Note: In order to hide this table in the UI and the text report file, please set the "Show Parameter Settings in Synthesis Report" option in "Analysis and Synthesis Settings -> More Settings" to "Off".


+---------------------------------------------------------------------------------------------------------------------------------------------+
; Parameter Settings for User Entity Instance: Lab3_mm_interconnect_0:mm_interconnect_0|altera_merlin_slave_translator:switches_s1_translator ;
+--------------------------------+-------+----------------------------------------------------------------------------------------------------+
; Parameter Name                 ; Value ; Type                                                                                               ;
+--------------------------------+-------+----------------------------------------------------------------------------------------------------+
; AV_ADDRESS_W                   ; 2     ; Signed Integer                                                                                     ;
; AV_DATA_W                      ; 32    ; Signed Integer                                                                                     ;
; AV_BURSTCOUNT_W                ; 1     ; Signed Integer                                                                                     ;
; AV_BYTEENABLE_W                ; 1     ; Signed Integer                                                                                     ;
; UAV_BYTEENABLE_W               ; 4     ; Signed Integer                                                                                     ;
; AV_READLATENCY                 ; 0     ; Signed Integer                                                                                     ;
; AV_READ_WAIT_CYCLES            ; 1     ; Signed Integer                                                                                     ;
; AV_WRITE_WAIT_CYCLES           ; 0     ; Signed Integer                                                                                     ;
; AV_SETUP_WAIT_CYCLES           ; 0     ; Signed Integer                                                                                     ;
; AV_DATA_HOLD_CYCLES            ; 0     ; Signed Integer                                                                                     ;
; USE_READDATAVALID              ; 0     ; Signed Integer                                                                                     ;
; USE_WAITREQUEST                ; 0     ; Signed Integer                                                                                     ;
; USE_READRESPONSE               ; 0     ; Signed Integer                                                                                     ;
; USE_WRITERESPONSE              ; 0     ; Signed Integer                                                                                     ;
; AV_SYMBOLS_PER_WORD            ; 4     ; Signed Integer                                                                                     ;
; AV_ADDRESS_SYMBOLS             ; 0     ; Signed Integer                                                                                     ;
; AV_BURSTCOUNT_SYMBOLS          ; 0     ; Signed Integer                                                                                     ;
; BITS_PER_WORD                  ; 2     ; Signed Integer                                                                                     ;
; UAV_ADDRESS_W                  ; 32    ; Signed Integer                                                                                     ;
; UAV_BURSTCOUNT_W               ; 3     ; Signed Integer                                                                                     ;
; UAV_DATA_W                     ; 32    ; Signed Integer                                                                                     ;
; AV_CONSTANT_BURST_BEHAVIOR     ; 0     ; Signed Integer                                                                                     ;
; UAV_CONSTANT_BURST_BEHAVIOR    ; 0     ; Signed Integer                                                                                     ;
; CHIPSELECT_THROUGH_READLATENCY ; 0     ; Signed Integer                                                                                     ;
; USE_UAV_CLKEN                  ; 0     ; Signed Integer                                                                                     ;
; AV_REQUIRE_UNALIGNED_ADDRESSES ; 0     ; Signed Integer                                                                                     ;
+--------------------------------+-------+----------------------------------------------------------------------------------------------------+
Note: In order to hide this table in the UI and the text report file, please set the "Show Parameter Settings in Synthesis Report" option in "Analysis and Synthesis Settings -> More Settings" to "Off".


+-----------------------------------------------------------------------------------------------------------------------------------------------------+
; Parameter Settings for User Entity Instance: Lab3_mm_interconnect_0:mm_interconnect_0|altera_merlin_slave_translator:lab3_timer_sw_agent_translator ;
+--------------------------------+-------+------------------------------------------------------------------------------------------------------------+
; Parameter Name                 ; Value ; Type                                                                                                       ;
+--------------------------------+-------+------------------------------------------------------------------------------------------------------------+
; AV_ADDRESS_W                   ; 6     ; Signed Integer                                                                                             ;
; AV_DATA_W                      ; 32    ; Signed Integer                                                                                             ;
; AV_BURSTCOUNT_W                ; 1     ; Signed Integer                                                                                             ;
; AV_BYTEENABLE_W                ; 4     ; Signed Integer                                                                                             ;
; UAV_BYTEENABLE_W               ; 4     ; Signed Integer                                                                                             ;
; AV_READLATENCY                 ; 0     ; Signed Integer                                                                                             ;
; AV_READ_WAIT_CYCLES            ; 1     ; Signed Integer                                                                                             ;
; AV_WRITE_WAIT_CYCLES           ; 0     ; Signed Integer                                                                                             ;
; AV_SETUP_WAIT_CYCLES           ; 0     ; Signed Integer                                                                                             ;
; AV_DATA_HOLD_CYCLES            ; 0     ; Signed Integer                                                                                             ;
; USE_READDATAVALID              ; 1     ; Signed Integer                                                                                             ;
; USE_WAITREQUEST                ; 1     ; Signed Integer                                                                                             ;
; USE_READRESPONSE               ; 0     ; Signed Integer                                                                                             ;
; USE_WRITERESPONSE              ; 0     ; Signed Integer                                                                                             ;
; AV_SYMBOLS_PER_WORD            ; 4     ; Signed Integer                                                                                             ;
; AV_ADDRESS_SYMBOLS             ; 1     ; Signed Integer                                                                                             ;
; AV_BURSTCOUNT_SYMBOLS          ; 0     ; Signed Integer                                                                                             ;
; BITS_PER_WORD                  ; 2     ; Signed Integer                                                                                             ;
; UAV_ADDRESS_W                  ; 32    ; Signed Integer                                                                                             ;
; UAV_BURSTCOUNT_W               ; 3     ; Signed Integer                                                                                             ;
; UAV_DATA_W                     ; 32    ; Signed Integer                                                                                             ;
; AV_CONSTANT_BURST_BEHAVIOR     ; 0     ; Signed Integer                                                                                             ;
; UAV_CONSTANT_BURST_BEHAVIOR    ; 0     ; Signed Integer                                                                                             ;
; CHIPSELECT_THROUGH_READLATENCY ; 0     ; Signed Integer                                                                                             ;
; USE_UAV_CLKEN                  ; 0     ; Signed Integer                                                                                             ;
; AV_REQUIRE_UNALIGNED_ADDRESSES ; 0     ; Signed Integer                                                                                             ;
+--------------------------------+-------+------------------------------------------------------------------------------------------------------------+
Note: In order to hide this table in the UI and the text report file, please set the "Show Parameter Settings in Synthesis Report" option in "Analysis and Synthesis Settings -> More Settings" to "Off".


+-------------------------------------------------------------------------------------------------------------------------------------------+
; Parameter Settings for User Entity Instance: Lab3_mm_interconnect_0:mm_interconnect_0|altera_merlin_axi_master_ni:lab3_data_manager_agent ;
+---------------------------+----------+----------------------------------------------------------------------------------------------------+
; Parameter Name            ; Value    ; Type                                                                                               ;
+---------------------------+----------+----------------------------------------------------------------------------------------------------+
; ID_WIDTH                  ; 1        ; Signed Integer                                                                                     ;
; ADDR_WIDTH                ; 32       ; Signed Integer                                                                                     ;
; RDATA_WIDTH               ; 32       ; Signed Integer                                                                                     ;
; WDATA_WIDTH               ; 32       ; Signed Integer                                                                                     ;
; ADDR_USER_WIDTH           ; 1        ; Signed Integer                                                                                     ;
; DATA_USER_WIDTH           ; 1        ; Signed Integer                                                                                     ;
; AXI_LOCK_WIDTH            ; 2        ; Signed Integer                                                                                     ;
; AXI_BURST_LENGTH_WIDTH    ; 4        ; Signed Integer                                                                                     ;
; WRITE_ISSUING_CAPABILITY  ; 1        ; Signed Integer                                                                                     ;
; READ_ISSUING_CAPABILITY   ; 1        ; Signed Integer                                                                                     ;
; AXI_VERSION               ; AXI4Lite ; String                                                                                             ;
; PKT_THREAD_ID_H           ; 95       ; Signed Integer                                                                                     ;
; PKT_THREAD_ID_L           ; 95       ; Signed Integer                                                                                     ;
; PKT_QOS_H                 ; 86       ; Signed Integer                                                                                     ;
; PKT_QOS_L                 ; 86       ; Signed Integer                                                                                     ;
; PKT_BEGIN_BURST           ; 85       ; Signed Integer                                                                                     ;
; PKT_CACHE_H               ; 102      ; Signed Integer                                                                                     ;
; PKT_CACHE_L               ; 99       ; Signed Integer                                                                                     ;
; PKT_ADDR_SIDEBAND_H       ; 83       ; Signed Integer                                                                                     ;
; PKT_ADDR_SIDEBAND_L       ; 83       ; Signed Integer                                                                                     ;
; PKT_DATA_SIDEBAND_H       ; 84       ; Signed Integer                                                                                     ;
; PKT_DATA_SIDEBAND_L       ; 84       ; Signed Integer                                                                                     ;
; PKT_PROTECTION_H          ; 98       ; Signed Integer                                                                                     ;
; PKT_PROTECTION_L          ; 96       ; Signed Integer                                                                                     ;
; PKT_BURST_SIZE_H          ; 80       ; Signed Integer                                                                                     ;
; PKT_BURST_SIZE_L          ; 78       ; Signed Integer                                                                                     ;
; PKT_BURST_TYPE_H          ; 82       ; Signed Integer                                                                                     ;
; PKT_BURST_TYPE_L          ; 81       ; Signed Integer                                                                                     ;
; PKT_RESPONSE_STATUS_L     ; 103      ; Signed Integer                                                                                     ;
; PKT_RESPONSE_STATUS_H     ; 104      ; Signed Integer                                                                                     ;
; PKT_BURSTWRAP_H           ; 77       ; Signed Integer                                                                                     ;
; PKT_BURSTWRAP_L           ; 77       ; Signed Integer                                                                                     ;
; PKT_BYTE_CNT_H            ; 76       ; Signed Integer                                                                                     ;
; PKT_BYTE_CNT_L            ; 74       ; Signed Integer                                                                                     ;
; PKT_ADDR_H                ; 67       ; Signed Integer                                                                                     ;
; PKT_ADDR_L                ; 36       ; Signed Integer                                                                                     ;
; PKT_TRANS_EXCLUSIVE       ; 73       ; Signed Integer                                                                                     ;
; PKT_TRANS_LOCK            ; 72       ; Signed Integer                                                                                     ;
; PKT_TRANS_COMPRESSED_READ ; 68       ; Signed Integer                                                                                     ;
; PKT_TRANS_POSTED          ; 69       ; Signed Integer                                                                                     ;
; PKT_TRANS_WRITE           ; 70       ; Signed Integer                                                                                     ;
; PKT_TRANS_READ            ; 71       ; Signed Integer                                                                                     ;
; PKT_DATA_H                ; 31       ; Signed Integer                                                                                     ;
; PKT_DATA_L                ; 0        ; Signed Integer                                                                                     ;
; PKT_BYTEEN_H              ; 35       ; Signed Integer                                                                                     ;
; PKT_BYTEEN_L              ; 32       ; Signed Integer                                                                                     ;
; PKT_SRC_ID_H              ; 90       ; Signed Integer                                                                                     ;
; PKT_SRC_ID_L              ; 87       ; Signed Integer                                                                                     ;
; PKT_DEST_ID_H             ; 94       ; Signed Integer                                                                                     ;
; PKT_DEST_ID_L             ; 91       ; Signed Integer                                                                                     ;
; PKT_ORI_BURST_SIZE_H      ; 107      ; Signed Integer                                                                                     ;
; PKT_ORI_BURST_SIZE_L      ; 105      ; Signed Integer                                                                                     ;
; ST_DATA_W                 ; 108      ; Signed Integer                                                                                     ;
; ST_CHANNEL_W              ; 11       ; Signed Integer                                                                                     ;
; ID                        ; 0        ; Signed Integer                                                                                     ;
; PKT_BURSTWRAP_W           ; 1        ; Signed Integer                                                                                     ;
; PKT_BYTE_CNT_W            ; 3        ; Signed Integer                                                                                     ;
; PKT_ADDR_W                ; 32       ; Signed Integer                                                                                     ;
; PKT_DATA_W                ; 32       ; Signed Integer                                                                                     ;
; PKT_BYTEEN_W              ; 4        ; Signed Integer                                                                                     ;
; PKT_SRC_ID_W              ; 4        ; Signed Integer                                                                                     ;
; PKT_DEST_ID_W             ; 4        ; Signed Integer                                                                                     ;
+---------------------------+----------+----------------------------------------------------------------------------------------------------+
Note: In order to hide this table in the UI and the text report file, please set the "Show Parameter Settings in Synthesis Report" option in "Analysis and Synthesis Settings -> More Settings" to "Off".


+--------------------------------------------------------------------------------------------------------------------------------------------------+
; Parameter Settings for User Entity Instance: Lab3_mm_interconnect_0:mm_interconnect_0|altera_merlin_axi_master_ni:lab3_instruction_manager_agent ;
+---------------------------+----------+-----------------------------------------------------------------------------------------------------------+
; Parameter Name            ; Value    ; Type                                                                                                      ;
+---------------------------+----------+-----------------------------------------------------------------------------------------------------------+
; ID_WIDTH                  ; 1        ; Signed Integer                                                                                            ;
; ADDR_WIDTH                ; 32       ; Signed Integer                                                                                            ;
; RDATA_WIDTH               ; 32       ; Signed Integer                                                                                            ;
; WDATA_WIDTH               ; 32       ; Signed Integer                                                                                            ;
; ADDR_USER_WIDTH           ; 1        ; Signed Integer                                                                                            ;
; DATA_USER_WIDTH           ; 1        ; Signed Integer                                                                                            ;
; AXI_LOCK_WIDTH            ; 2        ; Signed Integer                                                                                            ;
; AXI_BURST_LENGTH_WIDTH    ; 4        ; Signed Integer                                                                                            ;
; WRITE_ISSUING_CAPABILITY  ; 1        ; Signed Integer                                                                                            ;
; READ_ISSUING_CAPABILITY   ; 8        ; Signed Integer                                                                                            ;
; AXI_VERSION               ; AXI4Lite ; String                                                                                                    ;
; PKT_THREAD_ID_H           ; 95       ; Signed Integer                                                                                            ;
; PKT_THREAD_ID_L           ; 95       ; Signed Integer                                                                                            ;
; PKT_QOS_H                 ; 86       ; Signed Integer                                                                                            ;
; PKT_QOS_L                 ; 86       ; Signed Integer                                                                                            ;
; PKT_BEGIN_BURST           ; 85       ; Signed Integer                                                                                            ;
; PKT_CACHE_H               ; 102      ; Signed Integer                                                                                            ;
; PKT_CACHE_L               ; 99       ; Signed Integer                                                                                            ;
; PKT_ADDR_SIDEBAND_H       ; 83       ; Signed Integer                                                                                            ;
; PKT_ADDR_SIDEBAND_L       ; 83       ; Signed Integer                                                                                            ;
; PKT_DATA_SIDEBAND_H       ; 84       ; Signed Integer                                                                                            ;
; PKT_DATA_SIDEBAND_L       ; 84       ; Signed Integer                                                                                            ;
; PKT_PROTECTION_H          ; 98       ; Signed Integer                                                                                            ;
; PKT_PROTECTION_L          ; 96       ; Signed Integer                                                                                            ;
; PKT_BURST_SIZE_H          ; 80       ; Signed Integer                                                                                            ;
; PKT_BURST_SIZE_L          ; 78       ; Signed Integer                                                                                            ;
; PKT_BURST_TYPE_H          ; 82       ; Signed Integer                                                                                            ;
; PKT_BURST_TYPE_L          ; 81       ; Signed Integer                                                                                            ;
; PKT_RESPONSE_STATUS_L     ; 103      ; Signed Integer                                                                                            ;
; PKT_RESPONSE_STATUS_H     ; 104      ; Signed Integer                                                                                            ;
; PKT_BURSTWRAP_H           ; 77       ; Signed Integer                                                                                            ;
; PKT_BURSTWRAP_L           ; 77       ; Signed Integer                                                                                            ;
; PKT_BYTE_CNT_H            ; 76       ; Signed Integer                                                                                            ;
; PKT_BYTE_CNT_L            ; 74       ; Signed Integer                                                                                            ;
; PKT_ADDR_H                ; 67       ; Signed Integer                                                                                            ;
; PKT_ADDR_L                ; 36       ; Signed Integer                                                                                            ;
; PKT_TRANS_EXCLUSIVE       ; 73       ; Signed Integer                                                                                            ;
; PKT_TRANS_LOCK            ; 72       ; Signed Integer                                                                                            ;
; PKT_TRANS_COMPRESSED_READ ; 68       ; Signed Integer                                                                                            ;
; PKT_TRANS_POSTED          ; 69       ; Signed Integer                                                                                            ;
; PKT_TRANS_WRITE           ; 70       ; Signed Integer                                                                                            ;
; PKT_TRANS_READ            ; 71       ; Signed Integer                                                                                            ;
; PKT_DATA_H                ; 31       ; Signed Integer                                                                                            ;
; PKT_DATA_L                ; 0        ; Signed Integer                                                                                            ;
; PKT_BYTEEN_H              ; 35       ; Signed Integer                                                                                            ;
; PKT_BYTEEN_L              ; 32       ; Signed Integer                                                                                            ;
; PKT_SRC_ID_H              ; 90       ; Signed Integer                                                                                            ;
; PKT_SRC_ID_L              ; 87       ; Signed Integer                                                                                            ;
; PKT_DEST_ID_H             ; 94       ; Signed Integer                                                                                            ;
; PKT_DEST_ID_L             ; 91       ; Signed Integer                                                                                            ;
; PKT_ORI_BURST_SIZE_H      ; 107      ; Signed Integer                                                                                            ;
; PKT_ORI_BURST_SIZE_L      ; 105      ; Signed Integer                                                                                            ;
; ST_DATA_W                 ; 108      ; Signed Integer                                                                                            ;
; ST_CHANNEL_W              ; 11       ; Signed Integer                                                                                            ;
; ID                        ; 1        ; Signed Integer                                                                                            ;
; PKT_BURSTWRAP_W           ; 1        ; Signed Integer                                                                                            ;
; PKT_BYTE_CNT_W            ; 3        ; Signed Integer                                                                                            ;
; PKT_ADDR_W                ; 32       ; Signed Integer                                                                                            ;
; PKT_DATA_W                ; 32       ; Signed Integer                                                                                            ;
; PKT_BYTEEN_W              ; 4        ; Signed Integer                                                                                            ;
; PKT_SRC_ID_W              ; 4        ; Signed Integer                                                                                            ;
; PKT_DEST_ID_W             ; 4        ; Signed Integer                                                                                            ;
+---------------------------+----------+-----------------------------------------------------------------------------------------------------------+
Note: In order to hide this table in the UI and the text report file, please set the "Show Parameter Settings in Synthesis Report" option in "Analysis and Synthesis Settings -> More Settings" to "Off".


+-----------------------------------------------------------------------------------------------------------------------------------------------+
; Parameter Settings for User Entity Instance: Lab3_mm_interconnect_0:mm_interconnect_0|altera_merlin_slave_agent:debug_avalon_jtag_slave_agent ;
+---------------------------+-------+-----------------------------------------------------------------------------------------------------------+
; Parameter Name            ; Value ; Type                                                                                                      ;
+---------------------------+-------+-----------------------------------------------------------------------------------------------------------+
; PKT_BEGIN_BURST           ; 85    ; Signed Integer                                                                                            ;
; PKT_DATA_H                ; 31    ; Signed Integer                                                                                            ;
; PKT_DATA_L                ; 0     ; Signed Integer                                                                                            ;
; PKT_SYMBOL_W              ; 8     ; Signed Integer                                                                                            ;
; PKT_BYTEEN_H              ; 35    ; Signed Integer                                                                                            ;
; PKT_BYTEEN_L              ; 32    ; Signed Integer                                                                                            ;
; PKT_ADDR_H                ; 67    ; Signed Integer                                                                                            ;
; PKT_ADDR_L                ; 36    ; Signed Integer                                                                                            ;
; PKT_TRANS_LOCK            ; 72    ; Signed Integer                                                                                            ;
; PKT_TRANS_COMPRESSED_READ ; 68    ; Signed Integer                                                                                            ;
; PKT_TRANS_POSTED          ; 69    ; Signed Integer                                                                                            ;
; PKT_TRANS_WRITE           ; 70    ; Signed Integer                                                                                            ;
; PKT_TRANS_READ            ; 71    ; Signed Integer                                                                                            ;
; PKT_SRC_ID_H              ; 90    ; Signed Integer                                                                                            ;
; PKT_SRC_ID_L              ; 87    ; Signed Integer                                                                                            ;
; PKT_DEST_ID_H             ; 94    ; Signed Integer                                                                                            ;
; PKT_DEST_ID_L             ; 91    ; Signed Integer                                                                                            ;
; PKT_BURSTWRAP_H           ; 77    ; Signed Integer                                                                                            ;
; PKT_BURSTWRAP_L           ; 77    ; Signed Integer                                                                                            ;
; PKT_BYTE_CNT_H            ; 76    ; Signed Integer                                                                                            ;
; PKT_BYTE_CNT_L            ; 74    ; Signed Integer                                                                                            ;
; PKT_PROTECTION_H          ; 98    ; Signed Integer                                                                                            ;
; PKT_PROTECTION_L          ; 96    ; Signed Integer                                                                                            ;
; PKT_RESPONSE_STATUS_H     ; 104   ; Signed Integer                                                                                            ;
; PKT_RESPONSE_STATUS_L     ; 103   ; Signed Integer                                                                                            ;
; PKT_BURST_SIZE_H          ; 80    ; Signed Integer                                                                                            ;
; PKT_BURST_SIZE_L          ; 78    ; Signed Integer                                                                                            ;
; PKT_ORI_BURST_SIZE_L      ; 105   ; Signed Integer                                                                                            ;
; PKT_ORI_BURST_SIZE_H      ; 107   ; Signed Integer                                                                                            ;
; ST_DATA_W                 ; 108   ; Signed Integer                                                                                            ;
; ST_CHANNEL_W              ; 11    ; Signed Integer                                                                                            ;
; ADDR_W                    ; 32    ; Signed Integer                                                                                            ;
; AVS_DATA_W                ; 32    ; Signed Integer                                                                                            ;
; AVS_BURSTCOUNT_W          ; 3     ; Signed Integer                                                                                            ;
; PKT_SYMBOLS               ; 4     ; Signed Integer                                                                                            ;
; PREVENT_FIFO_OVERFLOW     ; 1     ; Signed Integer                                                                                            ;
; SUPPRESS_0_BYTEEN_CMD     ; 1     ; Signed Integer                                                                                            ;
; USE_READRESPONSE          ; 0     ; Signed Integer                                                                                            ;
; USE_WRITERESPONSE         ; 0     ; Signed Integer                                                                                            ;
; AVS_BE_W                  ; 4     ; Signed Integer                                                                                            ;
; BURST_SIZE_W              ; 3     ; Signed Integer                                                                                            ;
; FIFO_DATA_W               ; 109   ; Signed Integer                                                                                            ;
; ECC_ENABLE                ; 0     ; Signed Integer                                                                                            ;
+---------------------------+-------+-----------------------------------------------------------------------------------------------------------+
Note: In order to hide this table in the UI and the text report file, please set the "Show Parameter Settings in Synthesis Report" option in "Analysis and Synthesis Settings -> More Settings" to "Off".


+---------------------------------------------------------------------------------------------------------------------------------------------------------------------------------------------+
; Parameter Settings for User Entity Instance: Lab3_mm_interconnect_0:mm_interconnect_0|altera_merlin_slave_agent:debug_avalon_jtag_slave_agent|altera_merlin_burst_uncompressor:uncompressor ;
+----------------+-------+--------------------------------------------------------------------------------------------------------------------------------------------------------------------+
; Parameter Name ; Value ; Type                                                                                                                                                               ;
+----------------+-------+--------------------------------------------------------------------------------------------------------------------------------------------------------------------+
; ADDR_W         ; 32    ; Signed Integer                                                                                                                                                     ;
; BURSTWRAP_W    ; 1     ; Signed Integer                                                                                                                                                     ;
; BYTE_CNT_W     ; 3     ; Signed Integer                                                                                                                                                     ;
; PKT_SYMBOLS    ; 4     ; Signed Integer                                                                                                                                                     ;
; BURST_SIZE_W   ; 3     ; Signed Integer                                                                                                                                                     ;
+----------------+-------+--------------------------------------------------------------------------------------------------------------------------------------------------------------------+
Note: In order to hide this table in the UI and the text report file, please set the "Show Parameter Settings in Synthesis Report" option in "Analysis and Synthesis Settings -> More Settings" to "Off".


+----------------------------------------------------------------------------------------------------------------------------------------------------+
; Parameter Settings for User Entity Instance: Lab3_mm_interconnect_0:mm_interconnect_0|altera_avalon_sc_fifo:debug_avalon_jtag_slave_agent_rsp_fifo ;
+---------------------+-------+----------------------------------------------------------------------------------------------------------------------+
; Parameter Name      ; Value ; Type                                                                                                                 ;
+---------------------+-------+----------------------------------------------------------------------------------------------------------------------+
; SYMBOLS_PER_BEAT    ; 1     ; Signed Integer                                                                                                       ;
; BITS_PER_SYMBOL     ; 109   ; Signed Integer                                                                                                       ;
; FIFO_DEPTH          ; 2     ; Signed Integer                                                                                                       ;
; CHANNEL_WIDTH       ; 0     ; Signed Integer                                                                                                       ;
; ERROR_WIDTH         ; 0     ; Signed Integer                                                                                                       ;
; USE_PACKETS         ; 1     ; Signed Integer                                                                                                       ;
; USE_FILL_LEVEL      ; 0     ; Signed Integer                                                                                                       ;
; USE_STORE_FORWARD   ; 0     ; Signed Integer                                                                                                       ;
; USE_ALMOST_FULL_IF  ; 0     ; Signed Integer                                                                                                       ;
; USE_ALMOST_EMPTY_IF ; 0     ; Signed Integer                                                                                                       ;
; EMPTY_LATENCY       ; 1     ; Signed Integer                                                                                                       ;
; USE_MEMORY_BLOCKS   ; 0     ; Signed Integer                                                                                                       ;
; DATA_WIDTH          ; 109   ; Signed Integer                                                                                                       ;
; EMPTY_WIDTH         ; 0     ; Signed Integer                                                                                                       ;
+---------------------+-------+----------------------------------------------------------------------------------------------------------------------+
Note: In order to hide this table in the UI and the text report file, please set the "Show Parameter Settings in Synthesis Report" option in "Analysis and Synthesis Settings -> More Settings" to "Off".


+------------------------------------------------------------------------------------------------------------------------------------------------------+
; Parameter Settings for User Entity Instance: Lab3_mm_interconnect_0:mm_interconnect_0|altera_avalon_sc_fifo:debug_avalon_jtag_slave_agent_rdata_fifo ;
+---------------------+-------+------------------------------------------------------------------------------------------------------------------------+
; Parameter Name      ; Value ; Type                                                                                                                   ;
+---------------------+-------+------------------------------------------------------------------------------------------------------------------------+
; SYMBOLS_PER_BEAT    ; 1     ; Signed Integer                                                                                                         ;
; BITS_PER_SYMBOL     ; 34    ; Signed Integer                                                                                                         ;
; FIFO_DEPTH          ; 2     ; Signed Integer                                                                                                         ;
; CHANNEL_WIDTH       ; 0     ; Signed Integer                                                                                                         ;
; ERROR_WIDTH         ; 0     ; Signed Integer                                                                                                         ;
; USE_PACKETS         ; 0     ; Signed Integer                                                                                                         ;
; USE_FILL_LEVEL      ; 0     ; Signed Integer                                                                                                         ;
; USE_STORE_FORWARD   ; 0     ; Signed Integer                                                                                                         ;
; USE_ALMOST_FULL_IF  ; 0     ; Signed Integer                                                                                                         ;
; USE_ALMOST_EMPTY_IF ; 0     ; Signed Integer                                                                                                         ;
; EMPTY_LATENCY       ; 0     ; Signed Integer                                                                                                         ;
; USE_MEMORY_BLOCKS   ; 0     ; Signed Integer                                                                                                         ;
; DATA_WIDTH          ; 34    ; Signed Integer                                                                                                         ;
; EMPTY_WIDTH         ; 0     ; Signed Integer                                                                                                         ;
+---------------------+-------+------------------------------------------------------------------------------------------------------------------------+
Note: In order to hide this table in the UI and the text report file, please set the "Show Parameter Settings in Synthesis Report" option in "Analysis and Synthesis Settings -> More Settings" to "Off".


+-------------------------------------------------------------------------------------------------------------------------------------+
; Parameter Settings for User Entity Instance: Lab3_mm_interconnect_0:mm_interconnect_0|altera_merlin_slave_agent:lab3_dm_agent_agent ;
+---------------------------+-------+-------------------------------------------------------------------------------------------------+
; Parameter Name            ; Value ; Type                                                                                            ;
+---------------------------+-------+-------------------------------------------------------------------------------------------------+
; PKT_BEGIN_BURST           ; 85    ; Signed Integer                                                                                  ;
; PKT_DATA_H                ; 31    ; Signed Integer                                                                                  ;
; PKT_DATA_L                ; 0     ; Signed Integer                                                                                  ;
; PKT_SYMBOL_W              ; 8     ; Signed Integer                                                                                  ;
; PKT_BYTEEN_H              ; 35    ; Signed Integer                                                                                  ;
; PKT_BYTEEN_L              ; 32    ; Signed Integer                                                                                  ;
; PKT_ADDR_H                ; 67    ; Signed Integer                                                                                  ;
; PKT_ADDR_L                ; 36    ; Signed Integer                                                                                  ;
; PKT_TRANS_LOCK            ; 72    ; Signed Integer                                                                                  ;
; PKT_TRANS_COMPRESSED_READ ; 68    ; Signed Integer                                                                                  ;
; PKT_TRANS_POSTED          ; 69    ; Signed Integer                                                                                  ;
; PKT_TRANS_WRITE           ; 70    ; Signed Integer                                                                                  ;
; PKT_TRANS_READ            ; 71    ; Signed Integer                                                                                  ;
; PKT_SRC_ID_H              ; 90    ; Signed Integer                                                                                  ;
; PKT_SRC_ID_L              ; 87    ; Signed Integer                                                                                  ;
; PKT_DEST_ID_H             ; 94    ; Signed Integer                                                                                  ;
; PKT_DEST_ID_L             ; 91    ; Signed Integer                                                                                  ;
; PKT_BURSTWRAP_H           ; 77    ; Signed Integer                                                                                  ;
; PKT_BURSTWRAP_L           ; 77    ; Signed Integer                                                                                  ;
; PKT_BYTE_CNT_H            ; 76    ; Signed Integer                                                                                  ;
; PKT_BYTE_CNT_L            ; 74    ; Signed Integer                                                                                  ;
; PKT_PROTECTION_H          ; 98    ; Signed Integer                                                                                  ;
; PKT_PROTECTION_L          ; 96    ; Signed Integer                                                                                  ;
; PKT_RESPONSE_STATUS_H     ; 104   ; Signed Integer                                                                                  ;
; PKT_RESPONSE_STATUS_L     ; 103   ; Signed Integer                                                                                  ;
; PKT_BURST_SIZE_H          ; 80    ; Signed Integer                                                                                  ;
; PKT_BURST_SIZE_L          ; 78    ; Signed Integer                                                                                  ;
; PKT_ORI_BURST_SIZE_L      ; 105   ; Signed Integer                                                                                  ;
; PKT_ORI_BURST_SIZE_H      ; 107   ; Signed Integer                                                                                  ;
; ST_DATA_W                 ; 108   ; Signed Integer                                                                                  ;
; ST_CHANNEL_W              ; 11    ; Signed Integer                                                                                  ;
; ADDR_W                    ; 32    ; Signed Integer                                                                                  ;
; AVS_DATA_W                ; 32    ; Signed Integer                                                                                  ;
; AVS_BURSTCOUNT_W          ; 3     ; Signed Integer                                                                                  ;
; PKT_SYMBOLS               ; 4     ; Signed Integer                                                                                  ;
; PREVENT_FIFO_OVERFLOW     ; 1     ; Signed Integer                                                                                  ;
; SUPPRESS_0_BYTEEN_CMD     ; 1     ; Signed Integer                                                                                  ;
; USE_READRESPONSE          ; 0     ; Signed Integer                                                                                  ;
; USE_WRITERESPONSE         ; 0     ; Signed Integer                                                                                  ;
; AVS_BE_W                  ; 4     ; Signed Integer                                                                                  ;
; BURST_SIZE_W              ; 3     ; Signed Integer                                                                                  ;
; FIFO_DATA_W               ; 109   ; Signed Integer                                                                                  ;
; ECC_ENABLE                ; 0     ; Signed Integer                                                                                  ;
+---------------------------+-------+-------------------------------------------------------------------------------------------------+
Note: In order to hide this table in the UI and the text report file, please set the "Show Parameter Settings in Synthesis Report" option in "Analysis and Synthesis Settings -> More Settings" to "Off".


+-----------------------------------------------------------------------------------------------------------------------------------------------------------------------------------+
; Parameter Settings for User Entity Instance: Lab3_mm_interconnect_0:mm_interconnect_0|altera_merlin_slave_agent:lab3_dm_agent_agent|altera_merlin_burst_uncompressor:uncompressor ;
+----------------+-------+----------------------------------------------------------------------------------------------------------------------------------------------------------+
; Parameter Name ; Value ; Type                                                                                                                                                     ;
+----------------+-------+----------------------------------------------------------------------------------------------------------------------------------------------------------+
; ADDR_W         ; 32    ; Signed Integer                                                                                                                                           ;
; BURSTWRAP_W    ; 1     ; Signed Integer                                                                                                                                           ;
; BYTE_CNT_W     ; 3     ; Signed Integer                                                                                                                                           ;
; PKT_SYMBOLS    ; 4     ; Signed Integer                                                                                                                                           ;
; BURST_SIZE_W   ; 3     ; Signed Integer                                                                                                                                           ;
+----------------+-------+----------------------------------------------------------------------------------------------------------------------------------------------------------+
Note: In order to hide this table in the UI and the text report file, please set the "Show Parameter Settings in Synthesis Report" option in "Analysis and Synthesis Settings -> More Settings" to "Off".


+------------------------------------------------------------------------------------------------------------------------------------------+
; Parameter Settings for User Entity Instance: Lab3_mm_interconnect_0:mm_interconnect_0|altera_avalon_sc_fifo:lab3_dm_agent_agent_rsp_fifo ;
+---------------------+-------+------------------------------------------------------------------------------------------------------------+
; Parameter Name      ; Value ; Type                                                                                                       ;
+---------------------+-------+------------------------------------------------------------------------------------------------------------+
; SYMBOLS_PER_BEAT    ; 1     ; Signed Integer                                                                                             ;
; BITS_PER_SYMBOL     ; 109   ; Signed Integer                                                                                             ;
; FIFO_DEPTH          ; 3     ; Signed Integer                                                                                             ;
; CHANNEL_WIDTH       ; 0     ; Signed Integer                                                                                             ;
; ERROR_WIDTH         ; 0     ; Signed Integer                                                                                             ;
; USE_PACKETS         ; 1     ; Signed Integer                                                                                             ;
; USE_FILL_LEVEL      ; 0     ; Signed Integer                                                                                             ;
; USE_STORE_FORWARD   ; 0     ; Signed Integer                                                                                             ;
; USE_ALMOST_FULL_IF  ; 0     ; Signed Integer                                                                                             ;
; USE_ALMOST_EMPTY_IF ; 0     ; Signed Integer                                                                                             ;
; EMPTY_LATENCY       ; 1     ; Signed Integer                                                                                             ;
; USE_MEMORY_BLOCKS   ; 0     ; Signed Integer                                                                                             ;
; DATA_WIDTH          ; 109   ; Signed Integer                                                                                             ;
; EMPTY_WIDTH         ; 0     ; Signed Integer                                                                                             ;
+---------------------+-------+------------------------------------------------------------------------------------------------------------+
Note: In order to hide this table in the UI and the text report file, please set the "Show Parameter Settings in Synthesis Report" option in "Analysis and Synthesis Settings -> More Settings" to "Off".


+--------------------------------------------------------------------------------------------------------------------------------------------+
; Parameter Settings for User Entity Instance: Lab3_mm_interconnect_0:mm_interconnect_0|altera_avalon_sc_fifo:lab3_dm_agent_agent_rdata_fifo ;
+---------------------+-------+--------------------------------------------------------------------------------------------------------------+
; Parameter Name      ; Value ; Type                                                                                                         ;
+---------------------+-------+--------------------------------------------------------------------------------------------------------------+
; SYMBOLS_PER_BEAT    ; 1     ; Signed Integer                                                                                               ;
; BITS_PER_SYMBOL     ; 34    ; Signed Integer                                                                                               ;
; FIFO_DEPTH          ; 3     ; Signed Integer                                                                                               ;
; CHANNEL_WIDTH       ; 0     ; Signed Integer                                                                                               ;
; ERROR_WIDTH         ; 0     ; Signed Integer                                                                                               ;
; USE_PACKETS         ; 0     ; Signed Integer                                                                                               ;
; USE_FILL_LEVEL      ; 0     ; Signed Integer                                                                                               ;
; USE_STORE_FORWARD   ; 0     ; Signed Integer                                                                                               ;
; USE_ALMOST_FULL_IF  ; 0     ; Signed Integer                                                                                               ;
; USE_ALMOST_EMPTY_IF ; 0     ; Signed Integer                                                                                               ;
; EMPTY_LATENCY       ; 0     ; Signed Integer                                                                                               ;
; USE_MEMORY_BLOCKS   ; 0     ; Signed Integer                                                                                               ;
; DATA_WIDTH          ; 34    ; Signed Integer                                                                                               ;
; EMPTY_WIDTH         ; 0     ; Signed Integer                                                                                               ;
+---------------------+-------+--------------------------------------------------------------------------------------------------------------+
Note: In order to hide this table in the UI and the text report file, please set the "Show Parameter Settings in Synthesis Report" option in "Analysis and Synthesis Settings -> More Settings" to "Off".


+-------------------------------------------------------------------------------------------------------------------------------+
; Parameter Settings for User Entity Instance: Lab3_mm_interconnect_0:mm_interconnect_0|altera_merlin_slave_agent:sram_s1_agent ;
+---------------------------+-------+-------------------------------------------------------------------------------------------+
; Parameter Name            ; Value ; Type                                                                                      ;
+---------------------------+-------+-------------------------------------------------------------------------------------------+
; PKT_BEGIN_BURST           ; 85    ; Signed Integer                                                                            ;
; PKT_DATA_H                ; 31    ; Signed Integer                                                                            ;
; PKT_DATA_L                ; 0     ; Signed Integer                                                                            ;
; PKT_SYMBOL_W              ; 8     ; Signed Integer                                                                            ;
; PKT_BYTEEN_H              ; 35    ; Signed Integer                                                                            ;
; PKT_BYTEEN_L              ; 32    ; Signed Integer                                                                            ;
; PKT_ADDR_H                ; 67    ; Signed Integer                                                                            ;
; PKT_ADDR_L                ; 36    ; Signed Integer                                                                            ;
; PKT_TRANS_LOCK            ; 72    ; Signed Integer                                                                            ;
; PKT_TRANS_COMPRESSED_READ ; 68    ; Signed Integer                                                                            ;
; PKT_TRANS_POSTED          ; 69    ; Signed Integer                                                                            ;
; PKT_TRANS_WRITE           ; 70    ; Signed Integer                                                                            ;
; PKT_TRANS_READ            ; 71    ; Signed Integer                                                                            ;
; PKT_SRC_ID_H              ; 90    ; Signed Integer                                                                            ;
; PKT_SRC_ID_L              ; 87    ; Signed Integer                                                                            ;
; PKT_DEST_ID_H             ; 94    ; Signed Integer                                                                            ;
; PKT_DEST_ID_L             ; 91    ; Signed Integer                                                                            ;
; PKT_BURSTWRAP_H           ; 77    ; Signed Integer                                                                            ;
; PKT_BURSTWRAP_L           ; 77    ; Signed Integer                                                                            ;
; PKT_BYTE_CNT_H            ; 76    ; Signed Integer                                                                            ;
; PKT_BYTE_CNT_L            ; 74    ; Signed Integer                                                                            ;
; PKT_PROTECTION_H          ; 98    ; Signed Integer                                                                            ;
; PKT_PROTECTION_L          ; 96    ; Signed Integer                                                                            ;
; PKT_RESPONSE_STATUS_H     ; 104   ; Signed Integer                                                                            ;
; PKT_RESPONSE_STATUS_L     ; 103   ; Signed Integer                                                                            ;
; PKT_BURST_SIZE_H          ; 80    ; Signed Integer                                                                            ;
; PKT_BURST_SIZE_L          ; 78    ; Signed Integer                                                                            ;
; PKT_ORI_BURST_SIZE_L      ; 105   ; Signed Integer                                                                            ;
; PKT_ORI_BURST_SIZE_H      ; 107   ; Signed Integer                                                                            ;
; ST_DATA_W                 ; 108   ; Signed Integer                                                                            ;
; ST_CHANNEL_W              ; 11    ; Signed Integer                                                                            ;
; ADDR_W                    ; 32    ; Signed Integer                                                                            ;
; AVS_DATA_W                ; 32    ; Signed Integer                                                                            ;
; AVS_BURSTCOUNT_W          ; 3     ; Signed Integer                                                                            ;
; PKT_SYMBOLS               ; 4     ; Signed Integer                                                                            ;
; PREVENT_FIFO_OVERFLOW     ; 1     ; Signed Integer                                                                            ;
; SUPPRESS_0_BYTEEN_CMD     ; 1     ; Signed Integer                                                                            ;
; USE_READRESPONSE          ; 0     ; Signed Integer                                                                            ;
; USE_WRITERESPONSE         ; 0     ; Signed Integer                                                                            ;
; AVS_BE_W                  ; 4     ; Signed Integer                                                                            ;
; BURST_SIZE_W              ; 3     ; Signed Integer                                                                            ;
; FIFO_DATA_W               ; 109   ; Signed Integer                                                                            ;
; ECC_ENABLE                ; 0     ; Signed Integer                                                                            ;
+---------------------------+-------+-------------------------------------------------------------------------------------------+
Note: In order to hide this table in the UI and the text report file, please set the "Show Parameter Settings in Synthesis Report" option in "Analysis and Synthesis Settings -> More Settings" to "Off".


+-----------------------------------------------------------------------------------------------------------------------------------------------------------------------------+
; Parameter Settings for User Entity Instance: Lab3_mm_interconnect_0:mm_interconnect_0|altera_merlin_slave_agent:sram_s1_agent|altera_merlin_burst_uncompressor:uncompressor ;
+----------------+-------+----------------------------------------------------------------------------------------------------------------------------------------------------+
; Parameter Name ; Value ; Type                                                                                                                                               ;
+----------------+-------+----------------------------------------------------------------------------------------------------------------------------------------------------+
; ADDR_W         ; 32    ; Signed Integer                                                                                                                                     ;
; BURSTWRAP_W    ; 1     ; Signed Integer                                                                                                                                     ;
; BYTE_CNT_W     ; 3     ; Signed Integer                                                                                                                                     ;
; PKT_SYMBOLS    ; 4     ; Signed Integer                                                                                                                                     ;
; BURST_SIZE_W   ; 3     ; Signed Integer                                                                                                                                     ;
+----------------+-------+----------------------------------------------------------------------------------------------------------------------------------------------------+
Note: In order to hide this table in the UI and the text report file, please set the "Show Parameter Settings in Synthesis Report" option in "Analysis and Synthesis Settings -> More Settings" to "Off".


+------------------------------------------------------------------------------------------------------------------------------------+
; Parameter Settings for User Entity Instance: Lab3_mm_interconnect_0:mm_interconnect_0|altera_avalon_sc_fifo:sram_s1_agent_rsp_fifo ;
+---------------------+-------+------------------------------------------------------------------------------------------------------+
; Parameter Name      ; Value ; Type                                                                                                 ;
+---------------------+-------+------------------------------------------------------------------------------------------------------+
; SYMBOLS_PER_BEAT    ; 1     ; Signed Integer                                                                                       ;
; BITS_PER_SYMBOL     ; 109   ; Signed Integer                                                                                       ;
; FIFO_DEPTH          ; 2     ; Signed Integer                                                                                       ;
; CHANNEL_WIDTH       ; 0     ; Signed Integer                                                                                       ;
; ERROR_WIDTH         ; 0     ; Signed Integer                                                                                       ;
; USE_PACKETS         ; 1     ; Signed Integer                                                                                       ;
; USE_FILL_LEVEL      ; 0     ; Signed Integer                                                                                       ;
; USE_STORE_FORWARD   ; 0     ; Signed Integer                                                                                       ;
; USE_ALMOST_FULL_IF  ; 0     ; Signed Integer                                                                                       ;
; USE_ALMOST_EMPTY_IF ; 0     ; Signed Integer                                                                                       ;
; EMPTY_LATENCY       ; 1     ; Signed Integer                                                                                       ;
; USE_MEMORY_BLOCKS   ; 0     ; Signed Integer                                                                                       ;
; DATA_WIDTH          ; 109   ; Signed Integer                                                                                       ;
; EMPTY_WIDTH         ; 0     ; Signed Integer                                                                                       ;
+---------------------+-------+------------------------------------------------------------------------------------------------------+
Note: In order to hide this table in the UI and the text report file, please set the "Show Parameter Settings in Synthesis Report" option in "Analysis and Synthesis Settings -> More Settings" to "Off".


+--------------------------------------------------------------------------------------------------------------------------------------+
; Parameter Settings for User Entity Instance: Lab3_mm_interconnect_0:mm_interconnect_0|altera_avalon_sc_fifo:sram_s1_agent_rdata_fifo ;
+---------------------+-------+--------------------------------------------------------------------------------------------------------+
; Parameter Name      ; Value ; Type                                                                                                   ;
+---------------------+-------+--------------------------------------------------------------------------------------------------------+
; SYMBOLS_PER_BEAT    ; 1     ; Signed Integer                                                                                         ;
; BITS_PER_SYMBOL     ; 34    ; Signed Integer                                                                                         ;
; FIFO_DEPTH          ; 2     ; Signed Integer                                                                                         ;
; CHANNEL_WIDTH       ; 0     ; Signed Integer                                                                                         ;
; ERROR_WIDTH         ; 0     ; Signed Integer                                                                                         ;
; USE_PACKETS         ; 0     ; Signed Integer                                                                                         ;
; USE_FILL_LEVEL      ; 0     ; Signed Integer                                                                                         ;
; USE_STORE_FORWARD   ; 0     ; Signed Integer                                                                                         ;
; USE_ALMOST_FULL_IF  ; 0     ; Signed Integer                                                                                         ;
; USE_ALMOST_EMPTY_IF ; 0     ; Signed Integer                                                                                         ;
; EMPTY_LATENCY       ; 0     ; Signed Integer                                                                                         ;
; USE_MEMORY_BLOCKS   ; 0     ; Signed Integer                                                                                         ;
; DATA_WIDTH          ; 34    ; Signed Integer                                                                                         ;
; EMPTY_WIDTH         ; 0     ; Signed Integer                                                                                         ;
+---------------------+-------+--------------------------------------------------------------------------------------------------------+
Note: In order to hide this table in the UI and the text report file, please set the "Show Parameter Settings in Synthesis Report" option in "Analysis and Synthesis Settings -> More Settings" to "Off".


+-------------------------------------------------------------------------------------------------------------------------------+
; Parameter Settings for User Entity Instance: Lab3_mm_interconnect_0:mm_interconnect_0|altera_merlin_slave_agent:hex0_s1_agent ;
+---------------------------+-------+-------------------------------------------------------------------------------------------+
; Parameter Name            ; Value ; Type                                                                                      ;
+---------------------------+-------+-------------------------------------------------------------------------------------------+
; PKT_BEGIN_BURST           ; 85    ; Signed Integer                                                                            ;
; PKT_DATA_H                ; 31    ; Signed Integer                                                                            ;
; PKT_DATA_L                ; 0     ; Signed Integer                                                                            ;
; PKT_SYMBOL_W              ; 8     ; Signed Integer                                                                            ;
; PKT_BYTEEN_H              ; 35    ; Signed Integer                                                                            ;
; PKT_BYTEEN_L              ; 32    ; Signed Integer                                                                            ;
; PKT_ADDR_H                ; 67    ; Signed Integer                                                                            ;
; PKT_ADDR_L                ; 36    ; Signed Integer                                                                            ;
; PKT_TRANS_LOCK            ; 72    ; Signed Integer                                                                            ;
; PKT_TRANS_COMPRESSED_READ ; 68    ; Signed Integer                                                                            ;
; PKT_TRANS_POSTED          ; 69    ; Signed Integer                                                                            ;
; PKT_TRANS_WRITE           ; 70    ; Signed Integer                                                                            ;
; PKT_TRANS_READ            ; 71    ; Signed Integer                                                                            ;
; PKT_SRC_ID_H              ; 90    ; Signed Integer                                                                            ;
; PKT_SRC_ID_L              ; 87    ; Signed Integer                                                                            ;
; PKT_DEST_ID_H             ; 94    ; Signed Integer                                                                            ;
; PKT_DEST_ID_L             ; 91    ; Signed Integer                                                                            ;
; PKT_BURSTWRAP_H           ; 77    ; Signed Integer                                                                            ;
; PKT_BURSTWRAP_L           ; 77    ; Signed Integer                                                                            ;
; PKT_BYTE_CNT_H            ; 76    ; Signed Integer                                                                            ;
; PKT_BYTE_CNT_L            ; 74    ; Signed Integer                                                                            ;
; PKT_PROTECTION_H          ; 98    ; Signed Integer                                                                            ;
; PKT_PROTECTION_L          ; 96    ; Signed Integer                                                                            ;
; PKT_RESPONSE_STATUS_H     ; 104   ; Signed Integer                                                                            ;
; PKT_RESPONSE_STATUS_L     ; 103   ; Signed Integer                                                                            ;
; PKT_BURST_SIZE_H          ; 80    ; Signed Integer                                                                            ;
; PKT_BURST_SIZE_L          ; 78    ; Signed Integer                                                                            ;
; PKT_ORI_BURST_SIZE_L      ; 105   ; Signed Integer                                                                            ;
; PKT_ORI_BURST_SIZE_H      ; 107   ; Signed Integer                                                                            ;
; ST_DATA_W                 ; 108   ; Signed Integer                                                                            ;
; ST_CHANNEL_W              ; 11    ; Signed Integer                                                                            ;
; ADDR_W                    ; 32    ; Signed Integer                                                                            ;
; AVS_DATA_W                ; 32    ; Signed Integer                                                                            ;
; AVS_BURSTCOUNT_W          ; 3     ; Signed Integer                                                                            ;
; PKT_SYMBOLS               ; 4     ; Signed Integer                                                                            ;
; PREVENT_FIFO_OVERFLOW     ; 1     ; Signed Integer                                                                            ;
; SUPPRESS_0_BYTEEN_CMD     ; 1     ; Signed Integer                                                                            ;
; USE_READRESPONSE          ; 0     ; Signed Integer                                                                            ;
; USE_WRITERESPONSE         ; 0     ; Signed Integer                                                                            ;
; AVS_BE_W                  ; 4     ; Signed Integer                                                                            ;
; BURST_SIZE_W              ; 3     ; Signed Integer                                                                            ;
; FIFO_DATA_W               ; 109   ; Signed Integer                                                                            ;
; ECC_ENABLE                ; 0     ; Signed Integer                                                                            ;
+---------------------------+-------+-------------------------------------------------------------------------------------------+
Note: In order to hide this table in the UI and the text report file, please set the "Show Parameter Settings in Synthesis Report" option in "Analysis and Synthesis Settings -> More Settings" to "Off".


+-----------------------------------------------------------------------------------------------------------------------------------------------------------------------------+
; Parameter Settings for User Entity Instance: Lab3_mm_interconnect_0:mm_interconnect_0|altera_merlin_slave_agent:hex0_s1_agent|altera_merlin_burst_uncompressor:uncompressor ;
+----------------+-------+----------------------------------------------------------------------------------------------------------------------------------------------------+
; Parameter Name ; Value ; Type                                                                                                                                               ;
+----------------+-------+----------------------------------------------------------------------------------------------------------------------------------------------------+
; ADDR_W         ; 32    ; Signed Integer                                                                                                                                     ;
; BURSTWRAP_W    ; 1     ; Signed Integer                                                                                                                                     ;
; BYTE_CNT_W     ; 3     ; Signed Integer                                                                                                                                     ;
; PKT_SYMBOLS    ; 4     ; Signed Integer                                                                                                                                     ;
; BURST_SIZE_W   ; 3     ; Signed Integer                                                                                                                                     ;
+----------------+-------+----------------------------------------------------------------------------------------------------------------------------------------------------+
Note: In order to hide this table in the UI and the text report file, please set the "Show Parameter Settings in Synthesis Report" option in "Analysis and Synthesis Settings -> More Settings" to "Off".


+------------------------------------------------------------------------------------------------------------------------------------+
; Parameter Settings for User Entity Instance: Lab3_mm_interconnect_0:mm_interconnect_0|altera_avalon_sc_fifo:hex0_s1_agent_rsp_fifo ;
+---------------------+-------+------------------------------------------------------------------------------------------------------+
; Parameter Name      ; Value ; Type                                                                                                 ;
+---------------------+-------+------------------------------------------------------------------------------------------------------+
; SYMBOLS_PER_BEAT    ; 1     ; Signed Integer                                                                                       ;
; BITS_PER_SYMBOL     ; 109   ; Signed Integer                                                                                       ;
; FIFO_DEPTH          ; 2     ; Signed Integer                                                                                       ;
; CHANNEL_WIDTH       ; 0     ; Signed Integer                                                                                       ;
; ERROR_WIDTH         ; 0     ; Signed Integer                                                                                       ;
; USE_PACKETS         ; 1     ; Signed Integer                                                                                       ;
; USE_FILL_LEVEL      ; 0     ; Signed Integer                                                                                       ;
; USE_STORE_FORWARD   ; 0     ; Signed Integer                                                                                       ;
; USE_ALMOST_FULL_IF  ; 0     ; Signed Integer                                                                                       ;
; USE_ALMOST_EMPTY_IF ; 0     ; Signed Integer                                                                                       ;
; EMPTY_LATENCY       ; 1     ; Signed Integer                                                                                       ;
; USE_MEMORY_BLOCKS   ; 0     ; Signed Integer                                                                                       ;
; DATA_WIDTH          ; 109   ; Signed Integer                                                                                       ;
; EMPTY_WIDTH         ; 0     ; Signed Integer                                                                                       ;
+---------------------+-------+------------------------------------------------------------------------------------------------------+
Note: In order to hide this table in the UI and the text report file, please set the "Show Parameter Settings in Synthesis Report" option in "Analysis and Synthesis Settings -> More Settings" to "Off".


+--------------------------------------------------------------------------------------------------------------------------------------+
; Parameter Settings for User Entity Instance: Lab3_mm_interconnect_0:mm_interconnect_0|altera_avalon_sc_fifo:hex0_s1_agent_rdata_fifo ;
+---------------------+-------+--------------------------------------------------------------------------------------------------------+
; Parameter Name      ; Value ; Type                                                                                                   ;
+---------------------+-------+--------------------------------------------------------------------------------------------------------+
; SYMBOLS_PER_BEAT    ; 1     ; Signed Integer                                                                                         ;
; BITS_PER_SYMBOL     ; 34    ; Signed Integer                                                                                         ;
; FIFO_DEPTH          ; 2     ; Signed Integer                                                                                         ;
; CHANNEL_WIDTH       ; 0     ; Signed Integer                                                                                         ;
; ERROR_WIDTH         ; 0     ; Signed Integer                                                                                         ;
; USE_PACKETS         ; 0     ; Signed Integer                                                                                         ;
; USE_FILL_LEVEL      ; 0     ; Signed Integer                                                                                         ;
; USE_STORE_FORWARD   ; 0     ; Signed Integer                                                                                         ;
; USE_ALMOST_FULL_IF  ; 0     ; Signed Integer                                                                                         ;
; USE_ALMOST_EMPTY_IF ; 0     ; Signed Integer                                                                                         ;
; EMPTY_LATENCY       ; 0     ; Signed Integer                                                                                         ;
; USE_MEMORY_BLOCKS   ; 0     ; Signed Integer                                                                                         ;
; DATA_WIDTH          ; 34    ; Signed Integer                                                                                         ;
; EMPTY_WIDTH         ; 0     ; Signed Integer                                                                                         ;
+---------------------+-------+--------------------------------------------------------------------------------------------------------+
Note: In order to hide this table in the UI and the text report file, please set the "Show Parameter Settings in Synthesis Report" option in "Analysis and Synthesis Settings -> More Settings" to "Off".


+-------------------------------------------------------------------------------------------------------------------------------+
; Parameter Settings for User Entity Instance: Lab3_mm_interconnect_0:mm_interconnect_0|altera_merlin_slave_agent:hex1_s1_agent ;
+---------------------------+-------+-------------------------------------------------------------------------------------------+
; Parameter Name            ; Value ; Type                                                                                      ;
+---------------------------+-------+-------------------------------------------------------------------------------------------+
; PKT_BEGIN_BURST           ; 85    ; Signed Integer                                                                            ;
; PKT_DATA_H                ; 31    ; Signed Integer                                                                            ;
; PKT_DATA_L                ; 0     ; Signed Integer                                                                            ;
; PKT_SYMBOL_W              ; 8     ; Signed Integer                                                                            ;
; PKT_BYTEEN_H              ; 35    ; Signed Integer                                                                            ;
; PKT_BYTEEN_L              ; 32    ; Signed Integer                                                                            ;
; PKT_ADDR_H                ; 67    ; Signed Integer                                                                            ;
; PKT_ADDR_L                ; 36    ; Signed Integer                                                                            ;
; PKT_TRANS_LOCK            ; 72    ; Signed Integer                                                                            ;
; PKT_TRANS_COMPRESSED_READ ; 68    ; Signed Integer                                                                            ;
; PKT_TRANS_POSTED          ; 69    ; Signed Integer                                                                            ;
; PKT_TRANS_WRITE           ; 70    ; Signed Integer                                                                            ;
; PKT_TRANS_READ            ; 71    ; Signed Integer                                                                            ;
; PKT_SRC_ID_H              ; 90    ; Signed Integer                                                                            ;
; PKT_SRC_ID_L              ; 87    ; Signed Integer                                                                            ;
; PKT_DEST_ID_H             ; 94    ; Signed Integer                                                                            ;
; PKT_DEST_ID_L             ; 91    ; Signed Integer                                                                            ;
; PKT_BURSTWRAP_H           ; 77    ; Signed Integer                                                                            ;
; PKT_BURSTWRAP_L           ; 77    ; Signed Integer                                                                            ;
; PKT_BYTE_CNT_H            ; 76    ; Signed Integer                                                                            ;
; PKT_BYTE_CNT_L            ; 74    ; Signed Integer                                                                            ;
; PKT_PROTECTION_H          ; 98    ; Signed Integer                                                                            ;
; PKT_PROTECTION_L          ; 96    ; Signed Integer                                                                            ;
; PKT_RESPONSE_STATUS_H     ; 104   ; Signed Integer                                                                            ;
; PKT_RESPONSE_STATUS_L     ; 103   ; Signed Integer                                                                            ;
; PKT_BURST_SIZE_H          ; 80    ; Signed Integer                                                                            ;
; PKT_BURST_SIZE_L          ; 78    ; Signed Integer                                                                            ;
; PKT_ORI_BURST_SIZE_L      ; 105   ; Signed Integer                                                                            ;
; PKT_ORI_BURST_SIZE_H      ; 107   ; Signed Integer                                                                            ;
; ST_DATA_W                 ; 108   ; Signed Integer                                                                            ;
; ST_CHANNEL_W              ; 11    ; Signed Integer                                                                            ;
; ADDR_W                    ; 32    ; Signed Integer                                                                            ;
; AVS_DATA_W                ; 32    ; Signed Integer                                                                            ;
; AVS_BURSTCOUNT_W          ; 3     ; Signed Integer                                                                            ;
; PKT_SYMBOLS               ; 4     ; Signed Integer                                                                            ;
; PREVENT_FIFO_OVERFLOW     ; 1     ; Signed Integer                                                                            ;
; SUPPRESS_0_BYTEEN_CMD     ; 1     ; Signed Integer                                                                            ;
; USE_READRESPONSE          ; 0     ; Signed Integer                                                                            ;
; USE_WRITERESPONSE         ; 0     ; Signed Integer                                                                            ;
; AVS_BE_W                  ; 4     ; Signed Integer                                                                            ;
; BURST_SIZE_W              ; 3     ; Signed Integer                                                                            ;
; FIFO_DATA_W               ; 109   ; Signed Integer                                                                            ;
; ECC_ENABLE                ; 0     ; Signed Integer                                                                            ;
+---------------------------+-------+-------------------------------------------------------------------------------------------+
Note: In order to hide this table in the UI and the text report file, please set the "Show Parameter Settings in Synthesis Report" option in "Analysis and Synthesis Settings -> More Settings" to "Off".


+-----------------------------------------------------------------------------------------------------------------------------------------------------------------------------+
; Parameter Settings for User Entity Instance: Lab3_mm_interconnect_0:mm_interconnect_0|altera_merlin_slave_agent:hex1_s1_agent|altera_merlin_burst_uncompressor:uncompressor ;
+----------------+-------+----------------------------------------------------------------------------------------------------------------------------------------------------+
; Parameter Name ; Value ; Type                                                                                                                                               ;
+----------------+-------+----------------------------------------------------------------------------------------------------------------------------------------------------+
; ADDR_W         ; 32    ; Signed Integer                                                                                                                                     ;
; BURSTWRAP_W    ; 1     ; Signed Integer                                                                                                                                     ;
; BYTE_CNT_W     ; 3     ; Signed Integer                                                                                                                                     ;
; PKT_SYMBOLS    ; 4     ; Signed Integer                                                                                                                                     ;
; BURST_SIZE_W   ; 3     ; Signed Integer                                                                                                                                     ;
+----------------+-------+----------------------------------------------------------------------------------------------------------------------------------------------------+
Note: In order to hide this table in the UI and the text report file, please set the "Show Parameter Settings in Synthesis Report" option in "Analysis and Synthesis Settings -> More Settings" to "Off".


+------------------------------------------------------------------------------------------------------------------------------------+
; Parameter Settings for User Entity Instance: Lab3_mm_interconnect_0:mm_interconnect_0|altera_avalon_sc_fifo:hex1_s1_agent_rsp_fifo ;
+---------------------+-------+------------------------------------------------------------------------------------------------------+
; Parameter Name      ; Value ; Type                                                                                                 ;
+---------------------+-------+------------------------------------------------------------------------------------------------------+
; SYMBOLS_PER_BEAT    ; 1     ; Signed Integer                                                                                       ;
; BITS_PER_SYMBOL     ; 109   ; Signed Integer                                                                                       ;
; FIFO_DEPTH          ; 2     ; Signed Integer                                                                                       ;
; CHANNEL_WIDTH       ; 0     ; Signed Integer                                                                                       ;
; ERROR_WIDTH         ; 0     ; Signed Integer                                                                                       ;
; USE_PACKETS         ; 1     ; Signed Integer                                                                                       ;
; USE_FILL_LEVEL      ; 0     ; Signed Integer                                                                                       ;
; USE_STORE_FORWARD   ; 0     ; Signed Integer                                                                                       ;
; USE_ALMOST_FULL_IF  ; 0     ; Signed Integer                                                                                       ;
; USE_ALMOST_EMPTY_IF ; 0     ; Signed Integer                                                                                       ;
; EMPTY_LATENCY       ; 1     ; Signed Integer                                                                                       ;
; USE_MEMORY_BLOCKS   ; 0     ; Signed Integer                                                                                       ;
; DATA_WIDTH          ; 109   ; Signed Integer                                                                                       ;
; EMPTY_WIDTH         ; 0     ; Signed Integer                                                                                       ;
+---------------------+-------+------------------------------------------------------------------------------------------------------+
Note: In order to hide this table in the UI and the text report file, please set the "Show Parameter Settings in Synthesis Report" option in "Analysis and Synthesis Settings -> More Settings" to "Off".


+--------------------------------------------------------------------------------------------------------------------------------------+
; Parameter Settings for User Entity Instance: Lab3_mm_interconnect_0:mm_interconnect_0|altera_avalon_sc_fifo:hex1_s1_agent_rdata_fifo ;
+---------------------+-------+--------------------------------------------------------------------------------------------------------+
; Parameter Name      ; Value ; Type                                                                                                   ;
+---------------------+-------+--------------------------------------------------------------------------------------------------------+
; SYMBOLS_PER_BEAT    ; 1     ; Signed Integer                                                                                         ;
; BITS_PER_SYMBOL     ; 34    ; Signed Integer                                                                                         ;
; FIFO_DEPTH          ; 2     ; Signed Integer                                                                                         ;
; CHANNEL_WIDTH       ; 0     ; Signed Integer                                                                                         ;
; ERROR_WIDTH         ; 0     ; Signed Integer                                                                                         ;
; USE_PACKETS         ; 0     ; Signed Integer                                                                                         ;
; USE_FILL_LEVEL      ; 0     ; Signed Integer                                                                                         ;
; USE_STORE_FORWARD   ; 0     ; Signed Integer                                                                                         ;
; USE_ALMOST_FULL_IF  ; 0     ; Signed Integer                                                                                         ;
; USE_ALMOST_EMPTY_IF ; 0     ; Signed Integer                                                                                         ;
; EMPTY_LATENCY       ; 0     ; Signed Integer                                                                                         ;
; USE_MEMORY_BLOCKS   ; 0     ; Signed Integer                                                                                         ;
; DATA_WIDTH          ; 34    ; Signed Integer                                                                                         ;
; EMPTY_WIDTH         ; 0     ; Signed Integer                                                                                         ;
+---------------------+-------+--------------------------------------------------------------------------------------------------------+
Note: In order to hide this table in the UI and the text report file, please set the "Show Parameter Settings in Synthesis Report" option in "Analysis and Synthesis Settings -> More Settings" to "Off".


+-------------------------------------------------------------------------------------------------------------------------------+
; Parameter Settings for User Entity Instance: Lab3_mm_interconnect_0:mm_interconnect_0|altera_merlin_slave_agent:hex2_s1_agent ;
+---------------------------+-------+-------------------------------------------------------------------------------------------+
; Parameter Name            ; Value ; Type                                                                                      ;
+---------------------------+-------+-------------------------------------------------------------------------------------------+
; PKT_BEGIN_BURST           ; 85    ; Signed Integer                                                                            ;
; PKT_DATA_H                ; 31    ; Signed Integer                                                                            ;
; PKT_DATA_L                ; 0     ; Signed Integer                                                                            ;
; PKT_SYMBOL_W              ; 8     ; Signed Integer                                                                            ;
; PKT_BYTEEN_H              ; 35    ; Signed Integer                                                                            ;
; PKT_BYTEEN_L              ; 32    ; Signed Integer                                                                            ;
; PKT_ADDR_H                ; 67    ; Signed Integer                                                                            ;
; PKT_ADDR_L                ; 36    ; Signed Integer                                                                            ;
; PKT_TRANS_LOCK            ; 72    ; Signed Integer                                                                            ;
; PKT_TRANS_COMPRESSED_READ ; 68    ; Signed Integer                                                                            ;
; PKT_TRANS_POSTED          ; 69    ; Signed Integer                                                                            ;
; PKT_TRANS_WRITE           ; 70    ; Signed Integer                                                                            ;
; PKT_TRANS_READ            ; 71    ; Signed Integer                                                                            ;
; PKT_SRC_ID_H              ; 90    ; Signed Integer                                                                            ;
; PKT_SRC_ID_L              ; 87    ; Signed Integer                                                                            ;
; PKT_DEST_ID_H             ; 94    ; Signed Integer                                                                            ;
; PKT_DEST_ID_L             ; 91    ; Signed Integer                                                                            ;
; PKT_BURSTWRAP_H           ; 77    ; Signed Integer                                                                            ;
; PKT_BURSTWRAP_L           ; 77    ; Signed Integer                                                                            ;
; PKT_BYTE_CNT_H            ; 76    ; Signed Integer                                                                            ;
; PKT_BYTE_CNT_L            ; 74    ; Signed Integer                                                                            ;
; PKT_PROTECTION_H          ; 98    ; Signed Integer                                                                            ;
; PKT_PROTECTION_L          ; 96    ; Signed Integer                                                                            ;
; PKT_RESPONSE_STATUS_H     ; 104   ; Signed Integer                                                                            ;
; PKT_RESPONSE_STATUS_L     ; 103   ; Signed Integer                                                                            ;
; PKT_BURST_SIZE_H          ; 80    ; Signed Integer                                                                            ;
; PKT_BURST_SIZE_L          ; 78    ; Signed Integer                                                                            ;
; PKT_ORI_BURST_SIZE_L      ; 105   ; Signed Integer                                                                            ;
; PKT_ORI_BURST_SIZE_H      ; 107   ; Signed Integer                                                                            ;
; ST_DATA_W                 ; 108   ; Signed Integer                                                                            ;
; ST_CHANNEL_W              ; 11    ; Signed Integer                                                                            ;
; ADDR_W                    ; 32    ; Signed Integer                                                                            ;
; AVS_DATA_W                ; 32    ; Signed Integer                                                                            ;
; AVS_BURSTCOUNT_W          ; 3     ; Signed Integer                                                                            ;
; PKT_SYMBOLS               ; 4     ; Signed Integer                                                                            ;
; PREVENT_FIFO_OVERFLOW     ; 1     ; Signed Integer                                                                            ;
; SUPPRESS_0_BYTEEN_CMD     ; 1     ; Signed Integer                                                                            ;
; USE_READRESPONSE          ; 0     ; Signed Integer                                                                            ;
; USE_WRITERESPONSE         ; 0     ; Signed Integer                                                                            ;
; AVS_BE_W                  ; 4     ; Signed Integer                                                                            ;
; BURST_SIZE_W              ; 3     ; Signed Integer                                                                            ;
; FIFO_DATA_W               ; 109   ; Signed Integer                                                                            ;
; ECC_ENABLE                ; 0     ; Signed Integer                                                                            ;
+---------------------------+-------+-------------------------------------------------------------------------------------------+
Note: In order to hide this table in the UI and the text report file, please set the "Show Parameter Settings in Synthesis Report" option in "Analysis and Synthesis Settings -> More Settings" to "Off".


+-----------------------------------------------------------------------------------------------------------------------------------------------------------------------------+
; Parameter Settings for User Entity Instance: Lab3_mm_interconnect_0:mm_interconnect_0|altera_merlin_slave_agent:hex2_s1_agent|altera_merlin_burst_uncompressor:uncompressor ;
+----------------+-------+----------------------------------------------------------------------------------------------------------------------------------------------------+
; Parameter Name ; Value ; Type                                                                                                                                               ;
+----------------+-------+----------------------------------------------------------------------------------------------------------------------------------------------------+
; ADDR_W         ; 32    ; Signed Integer                                                                                                                                     ;
; BURSTWRAP_W    ; 1     ; Signed Integer                                                                                                                                     ;
; BYTE_CNT_W     ; 3     ; Signed Integer                                                                                                                                     ;
; PKT_SYMBOLS    ; 4     ; Signed Integer                                                                                                                                     ;
; BURST_SIZE_W   ; 3     ; Signed Integer                                                                                                                                     ;
+----------------+-------+----------------------------------------------------------------------------------------------------------------------------------------------------+
Note: In order to hide this table in the UI and the text report file, please set the "Show Parameter Settings in Synthesis Report" option in "Analysis and Synthesis Settings -> More Settings" to "Off".


+------------------------------------------------------------------------------------------------------------------------------------+
; Parameter Settings for User Entity Instance: Lab3_mm_interconnect_0:mm_interconnect_0|altera_avalon_sc_fifo:hex2_s1_agent_rsp_fifo ;
+---------------------+-------+------------------------------------------------------------------------------------------------------+
; Parameter Name      ; Value ; Type                                                                                                 ;
+---------------------+-------+------------------------------------------------------------------------------------------------------+
; SYMBOLS_PER_BEAT    ; 1     ; Signed Integer                                                                                       ;
; BITS_PER_SYMBOL     ; 109   ; Signed Integer                                                                                       ;
; FIFO_DEPTH          ; 2     ; Signed Integer                                                                                       ;
; CHANNEL_WIDTH       ; 0     ; Signed Integer                                                                                       ;
; ERROR_WIDTH         ; 0     ; Signed Integer                                                                                       ;
; USE_PACKETS         ; 1     ; Signed Integer                                                                                       ;
; USE_FILL_LEVEL      ; 0     ; Signed Integer                                                                                       ;
; USE_STORE_FORWARD   ; 0     ; Signed Integer                                                                                       ;
; USE_ALMOST_FULL_IF  ; 0     ; Signed Integer                                                                                       ;
; USE_ALMOST_EMPTY_IF ; 0     ; Signed Integer                                                                                       ;
; EMPTY_LATENCY       ; 1     ; Signed Integer                                                                                       ;
; USE_MEMORY_BLOCKS   ; 0     ; Signed Integer                                                                                       ;
; DATA_WIDTH          ; 109   ; Signed Integer                                                                                       ;
; EMPTY_WIDTH         ; 0     ; Signed Integer                                                                                       ;
+---------------------+-------+------------------------------------------------------------------------------------------------------+
Note: In order to hide this table in the UI and the text report file, please set the "Show Parameter Settings in Synthesis Report" option in "Analysis and Synthesis Settings -> More Settings" to "Off".


+--------------------------------------------------------------------------------------------------------------------------------------+
; Parameter Settings for User Entity Instance: Lab3_mm_interconnect_0:mm_interconnect_0|altera_avalon_sc_fifo:hex2_s1_agent_rdata_fifo ;
+---------------------+-------+--------------------------------------------------------------------------------------------------------+
; Parameter Name      ; Value ; Type                                                                                                   ;
+---------------------+-------+--------------------------------------------------------------------------------------------------------+
; SYMBOLS_PER_BEAT    ; 1     ; Signed Integer                                                                                         ;
; BITS_PER_SYMBOL     ; 34    ; Signed Integer                                                                                         ;
; FIFO_DEPTH          ; 2     ; Signed Integer                                                                                         ;
; CHANNEL_WIDTH       ; 0     ; Signed Integer                                                                                         ;
; ERROR_WIDTH         ; 0     ; Signed Integer                                                                                         ;
; USE_PACKETS         ; 0     ; Signed Integer                                                                                         ;
; USE_FILL_LEVEL      ; 0     ; Signed Integer                                                                                         ;
; USE_STORE_FORWARD   ; 0     ; Signed Integer                                                                                         ;
; USE_ALMOST_FULL_IF  ; 0     ; Signed Integer                                                                                         ;
; USE_ALMOST_EMPTY_IF ; 0     ; Signed Integer                                                                                         ;
; EMPTY_LATENCY       ; 0     ; Signed Integer                                                                                         ;
; USE_MEMORY_BLOCKS   ; 0     ; Signed Integer                                                                                         ;
; DATA_WIDTH          ; 34    ; Signed Integer                                                                                         ;
; EMPTY_WIDTH         ; 0     ; Signed Integer                                                                                         ;
+---------------------+-------+--------------------------------------------------------------------------------------------------------+
Note: In order to hide this table in the UI and the text report file, please set the "Show Parameter Settings in Synthesis Report" option in "Analysis and Synthesis Settings -> More Settings" to "Off".


+-------------------------------------------------------------------------------------------------------------------------------+
; Parameter Settings for User Entity Instance: Lab3_mm_interconnect_0:mm_interconnect_0|altera_merlin_slave_agent:hex3_s1_agent ;
+---------------------------+-------+-------------------------------------------------------------------------------------------+
; Parameter Name            ; Value ; Type                                                                                      ;
+---------------------------+-------+-------------------------------------------------------------------------------------------+
; PKT_BEGIN_BURST           ; 85    ; Signed Integer                                                                            ;
; PKT_DATA_H                ; 31    ; Signed Integer                                                                            ;
; PKT_DATA_L                ; 0     ; Signed Integer                                                                            ;
; PKT_SYMBOL_W              ; 8     ; Signed Integer                                                                            ;
; PKT_BYTEEN_H              ; 35    ; Signed Integer                                                                            ;
; PKT_BYTEEN_L              ; 32    ; Signed Integer                                                                            ;
; PKT_ADDR_H                ; 67    ; Signed Integer                                                                            ;
; PKT_ADDR_L                ; 36    ; Signed Integer                                                                            ;
; PKT_TRANS_LOCK            ; 72    ; Signed Integer                                                                            ;
; PKT_TRANS_COMPRESSED_READ ; 68    ; Signed Integer                                                                            ;
; PKT_TRANS_POSTED          ; 69    ; Signed Integer                                                                            ;
; PKT_TRANS_WRITE           ; 70    ; Signed Integer                                                                            ;
; PKT_TRANS_READ            ; 71    ; Signed Integer                                                                            ;
; PKT_SRC_ID_H              ; 90    ; Signed Integer                                                                            ;
; PKT_SRC_ID_L              ; 87    ; Signed Integer                                                                            ;
; PKT_DEST_ID_H             ; 94    ; Signed Integer                                                                            ;
; PKT_DEST_ID_L             ; 91    ; Signed Integer                                                                            ;
; PKT_BURSTWRAP_H           ; 77    ; Signed Integer                                                                            ;
; PKT_BURSTWRAP_L           ; 77    ; Signed Integer                                                                            ;
; PKT_BYTE_CNT_H            ; 76    ; Signed Integer                                                                            ;
; PKT_BYTE_CNT_L            ; 74    ; Signed Integer                                                                            ;
; PKT_PROTECTION_H          ; 98    ; Signed Integer                                                                            ;
; PKT_PROTECTION_L          ; 96    ; Signed Integer                                                                            ;
; PKT_RESPONSE_STATUS_H     ; 104   ; Signed Integer                                                                            ;
; PKT_RESPONSE_STATUS_L     ; 103   ; Signed Integer                                                                            ;
; PKT_BURST_SIZE_H          ; 80    ; Signed Integer                                                                            ;
; PKT_BURST_SIZE_L          ; 78    ; Signed Integer                                                                            ;
; PKT_ORI_BURST_SIZE_L      ; 105   ; Signed Integer                                                                            ;
; PKT_ORI_BURST_SIZE_H      ; 107   ; Signed Integer                                                                            ;
; ST_DATA_W                 ; 108   ; Signed Integer                                                                            ;
; ST_CHANNEL_W              ; 11    ; Signed Integer                                                                            ;
; ADDR_W                    ; 32    ; Signed Integer                                                                            ;
; AVS_DATA_W                ; 32    ; Signed Integer                                                                            ;
; AVS_BURSTCOUNT_W          ; 3     ; Signed Integer                                                                            ;
; PKT_SYMBOLS               ; 4     ; Signed Integer                                                                            ;
; PREVENT_FIFO_OVERFLOW     ; 1     ; Signed Integer                                                                            ;
; SUPPRESS_0_BYTEEN_CMD     ; 1     ; Signed Integer                                                                            ;
; USE_READRESPONSE          ; 0     ; Signed Integer                                                                            ;
; USE_WRITERESPONSE         ; 0     ; Signed Integer                                                                            ;
; AVS_BE_W                  ; 4     ; Signed Integer                                                                            ;
; BURST_SIZE_W              ; 3     ; Signed Integer                                                                            ;
; FIFO_DATA_W               ; 109   ; Signed Integer                                                                            ;
; ECC_ENABLE                ; 0     ; Signed Integer                                                                            ;
+---------------------------+-------+-------------------------------------------------------------------------------------------+
Note: In order to hide this table in the UI and the text report file, please set the "Show Parameter Settings in Synthesis Report" option in "Analysis and Synthesis Settings -> More Settings" to "Off".


+-----------------------------------------------------------------------------------------------------------------------------------------------------------------------------+
; Parameter Settings for User Entity Instance: Lab3_mm_interconnect_0:mm_interconnect_0|altera_merlin_slave_agent:hex3_s1_agent|altera_merlin_burst_uncompressor:uncompressor ;
+----------------+-------+----------------------------------------------------------------------------------------------------------------------------------------------------+
; Parameter Name ; Value ; Type                                                                                                                                               ;
+----------------+-------+----------------------------------------------------------------------------------------------------------------------------------------------------+
; ADDR_W         ; 32    ; Signed Integer                                                                                                                                     ;
; BURSTWRAP_W    ; 1     ; Signed Integer                                                                                                                                     ;
; BYTE_CNT_W     ; 3     ; Signed Integer                                                                                                                                     ;
; PKT_SYMBOLS    ; 4     ; Signed Integer                                                                                                                                     ;
; BURST_SIZE_W   ; 3     ; Signed Integer                                                                                                                                     ;
+----------------+-------+----------------------------------------------------------------------------------------------------------------------------------------------------+
Note: In order to hide this table in the UI and the text report file, please set the "Show Parameter Settings in Synthesis Report" option in "Analysis and Synthesis Settings -> More Settings" to "Off".


+------------------------------------------------------------------------------------------------------------------------------------+
; Parameter Settings for User Entity Instance: Lab3_mm_interconnect_0:mm_interconnect_0|altera_avalon_sc_fifo:hex3_s1_agent_rsp_fifo ;
+---------------------+-------+------------------------------------------------------------------------------------------------------+
; Parameter Name      ; Value ; Type                                                                                                 ;
+---------------------+-------+------------------------------------------------------------------------------------------------------+
; SYMBOLS_PER_BEAT    ; 1     ; Signed Integer                                                                                       ;
; BITS_PER_SYMBOL     ; 109   ; Signed Integer                                                                                       ;
; FIFO_DEPTH          ; 2     ; Signed Integer                                                                                       ;
; CHANNEL_WIDTH       ; 0     ; Signed Integer                                                                                       ;
; ERROR_WIDTH         ; 0     ; Signed Integer                                                                                       ;
; USE_PACKETS         ; 1     ; Signed Integer                                                                                       ;
; USE_FILL_LEVEL      ; 0     ; Signed Integer                                                                                       ;
; USE_STORE_FORWARD   ; 0     ; Signed Integer                                                                                       ;
; USE_ALMOST_FULL_IF  ; 0     ; Signed Integer                                                                                       ;
; USE_ALMOST_EMPTY_IF ; 0     ; Signed Integer                                                                                       ;
; EMPTY_LATENCY       ; 1     ; Signed Integer                                                                                       ;
; USE_MEMORY_BLOCKS   ; 0     ; Signed Integer                                                                                       ;
; DATA_WIDTH          ; 109   ; Signed Integer                                                                                       ;
; EMPTY_WIDTH         ; 0     ; Signed Integer                                                                                       ;
+---------------------+-------+------------------------------------------------------------------------------------------------------+
Note: In order to hide this table in the UI and the text report file, please set the "Show Parameter Settings in Synthesis Report" option in "Analysis and Synthesis Settings -> More Settings" to "Off".


+--------------------------------------------------------------------------------------------------------------------------------------+
; Parameter Settings for User Entity Instance: Lab3_mm_interconnect_0:mm_interconnect_0|altera_avalon_sc_fifo:hex3_s1_agent_rdata_fifo ;
+---------------------+-------+--------------------------------------------------------------------------------------------------------+
; Parameter Name      ; Value ; Type                                                                                                   ;
+---------------------+-------+--------------------------------------------------------------------------------------------------------+
; SYMBOLS_PER_BEAT    ; 1     ; Signed Integer                                                                                         ;
; BITS_PER_SYMBOL     ; 34    ; Signed Integer                                                                                         ;
; FIFO_DEPTH          ; 2     ; Signed Integer                                                                                         ;
; CHANNEL_WIDTH       ; 0     ; Signed Integer                                                                                         ;
; ERROR_WIDTH         ; 0     ; Signed Integer                                                                                         ;
; USE_PACKETS         ; 0     ; Signed Integer                                                                                         ;
; USE_FILL_LEVEL      ; 0     ; Signed Integer                                                                                         ;
; USE_STORE_FORWARD   ; 0     ; Signed Integer                                                                                         ;
; USE_ALMOST_FULL_IF  ; 0     ; Signed Integer                                                                                         ;
; USE_ALMOST_EMPTY_IF ; 0     ; Signed Integer                                                                                         ;
; EMPTY_LATENCY       ; 0     ; Signed Integer                                                                                         ;
; USE_MEMORY_BLOCKS   ; 0     ; Signed Integer                                                                                         ;
; DATA_WIDTH          ; 34    ; Signed Integer                                                                                         ;
; EMPTY_WIDTH         ; 0     ; Signed Integer                                                                                         ;
+---------------------+-------+--------------------------------------------------------------------------------------------------------+
Note: In order to hide this table in the UI and the text report file, please set the "Show Parameter Settings in Synthesis Report" option in "Analysis and Synthesis Settings -> More Settings" to "Off".


+-------------------------------------------------------------------------------------------------------------------------------+
; Parameter Settings for User Entity Instance: Lab3_mm_interconnect_0:mm_interconnect_0|altera_merlin_slave_agent:hex4_s1_agent ;
+---------------------------+-------+-------------------------------------------------------------------------------------------+
; Parameter Name            ; Value ; Type                                                                                      ;
+---------------------------+-------+-------------------------------------------------------------------------------------------+
; PKT_BEGIN_BURST           ; 85    ; Signed Integer                                                                            ;
; PKT_DATA_H                ; 31    ; Signed Integer                                                                            ;
; PKT_DATA_L                ; 0     ; Signed Integer                                                                            ;
; PKT_SYMBOL_W              ; 8     ; Signed Integer                                                                            ;
; PKT_BYTEEN_H              ; 35    ; Signed Integer                                                                            ;
; PKT_BYTEEN_L              ; 32    ; Signed Integer                                                                            ;
; PKT_ADDR_H                ; 67    ; Signed Integer                                                                            ;
; PKT_ADDR_L                ; 36    ; Signed Integer                                                                            ;
; PKT_TRANS_LOCK            ; 72    ; Signed Integer                                                                            ;
; PKT_TRANS_COMPRESSED_READ ; 68    ; Signed Integer                                                                            ;
; PKT_TRANS_POSTED          ; 69    ; Signed Integer                                                                            ;
; PKT_TRANS_WRITE           ; 70    ; Signed Integer                                                                            ;
; PKT_TRANS_READ            ; 71    ; Signed Integer                                                                            ;
; PKT_SRC_ID_H              ; 90    ; Signed Integer                                                                            ;
; PKT_SRC_ID_L              ; 87    ; Signed Integer                                                                            ;
; PKT_DEST_ID_H             ; 94    ; Signed Integer                                                                            ;
; PKT_DEST_ID_L             ; 91    ; Signed Integer                                                                            ;
; PKT_BURSTWRAP_H           ; 77    ; Signed Integer                                                                            ;
; PKT_BURSTWRAP_L           ; 77    ; Signed Integer                                                                            ;
; PKT_BYTE_CNT_H            ; 76    ; Signed Integer                                                                            ;
; PKT_BYTE_CNT_L            ; 74    ; Signed Integer                                                                            ;
; PKT_PROTECTION_H          ; 98    ; Signed Integer                                                                            ;
; PKT_PROTECTION_L          ; 96    ; Signed Integer                                                                            ;
; PKT_RESPONSE_STATUS_H     ; 104   ; Signed Integer                                                                            ;
; PKT_RESPONSE_STATUS_L     ; 103   ; Signed Integer                                                                            ;
; PKT_BURST_SIZE_H          ; 80    ; Signed Integer                                                                            ;
; PKT_BURST_SIZE_L          ; 78    ; Signed Integer                                                                            ;
; PKT_ORI_BURST_SIZE_L      ; 105   ; Signed Integer                                                                            ;
; PKT_ORI_BURST_SIZE_H      ; 107   ; Signed Integer                                                                            ;
; ST_DATA_W                 ; 108   ; Signed Integer                                                                            ;
; ST_CHANNEL_W              ; 11    ; Signed Integer                                                                            ;
; ADDR_W                    ; 32    ; Signed Integer                                                                            ;
; AVS_DATA_W                ; 32    ; Signed Integer                                                                            ;
; AVS_BURSTCOUNT_W          ; 3     ; Signed Integer                                                                            ;
; PKT_SYMBOLS               ; 4     ; Signed Integer                                                                            ;
; PREVENT_FIFO_OVERFLOW     ; 1     ; Signed Integer                                                                            ;
; SUPPRESS_0_BYTEEN_CMD     ; 1     ; Signed Integer                                                                            ;
; USE_READRESPONSE          ; 0     ; Signed Integer                                                                            ;
; USE_WRITERESPONSE         ; 0     ; Signed Integer                                                                            ;
; AVS_BE_W                  ; 4     ; Signed Integer                                                                            ;
; BURST_SIZE_W              ; 3     ; Signed Integer                                                                            ;
; FIFO_DATA_W               ; 109   ; Signed Integer                                                                            ;
; ECC_ENABLE                ; 0     ; Signed Integer                                                                            ;
+---------------------------+-------+-------------------------------------------------------------------------------------------+
Note: In order to hide this table in the UI and the text report file, please set the "Show Parameter Settings in Synthesis Report" option in "Analysis and Synthesis Settings -> More Settings" to "Off".


+-----------------------------------------------------------------------------------------------------------------------------------------------------------------------------+
; Parameter Settings for User Entity Instance: Lab3_mm_interconnect_0:mm_interconnect_0|altera_merlin_slave_agent:hex4_s1_agent|altera_merlin_burst_uncompressor:uncompressor ;
+----------------+-------+----------------------------------------------------------------------------------------------------------------------------------------------------+
; Parameter Name ; Value ; Type                                                                                                                                               ;
+----------------+-------+----------------------------------------------------------------------------------------------------------------------------------------------------+
; ADDR_W         ; 32    ; Signed Integer                                                                                                                                     ;
; BURSTWRAP_W    ; 1     ; Signed Integer                                                                                                                                     ;
; BYTE_CNT_W     ; 3     ; Signed Integer                                                                                                                                     ;
; PKT_SYMBOLS    ; 4     ; Signed Integer                                                                                                                                     ;
; BURST_SIZE_W   ; 3     ; Signed Integer                                                                                                                                     ;
+----------------+-------+----------------------------------------------------------------------------------------------------------------------------------------------------+
Note: In order to hide this table in the UI and the text report file, please set the "Show Parameter Settings in Synthesis Report" option in "Analysis and Synthesis Settings -> More Settings" to "Off".


+------------------------------------------------------------------------------------------------------------------------------------+
; Parameter Settings for User Entity Instance: Lab3_mm_interconnect_0:mm_interconnect_0|altera_avalon_sc_fifo:hex4_s1_agent_rsp_fifo ;
+---------------------+-------+------------------------------------------------------------------------------------------------------+
; Parameter Name      ; Value ; Type                                                                                                 ;
+---------------------+-------+------------------------------------------------------------------------------------------------------+
; SYMBOLS_PER_BEAT    ; 1     ; Signed Integer                                                                                       ;
; BITS_PER_SYMBOL     ; 109   ; Signed Integer                                                                                       ;
; FIFO_DEPTH          ; 2     ; Signed Integer                                                                                       ;
; CHANNEL_WIDTH       ; 0     ; Signed Integer                                                                                       ;
; ERROR_WIDTH         ; 0     ; Signed Integer                                                                                       ;
; USE_PACKETS         ; 1     ; Signed Integer                                                                                       ;
; USE_FILL_LEVEL      ; 0     ; Signed Integer                                                                                       ;
; USE_STORE_FORWARD   ; 0     ; Signed Integer                                                                                       ;
; USE_ALMOST_FULL_IF  ; 0     ; Signed Integer                                                                                       ;
; USE_ALMOST_EMPTY_IF ; 0     ; Signed Integer                                                                                       ;
; EMPTY_LATENCY       ; 1     ; Signed Integer                                                                                       ;
; USE_MEMORY_BLOCKS   ; 0     ; Signed Integer                                                                                       ;
; DATA_WIDTH          ; 109   ; Signed Integer                                                                                       ;
; EMPTY_WIDTH         ; 0     ; Signed Integer                                                                                       ;
+---------------------+-------+------------------------------------------------------------------------------------------------------+
Note: In order to hide this table in the UI and the text report file, please set the "Show Parameter Settings in Synthesis Report" option in "Analysis and Synthesis Settings -> More Settings" to "Off".


+--------------------------------------------------------------------------------------------------------------------------------------+
; Parameter Settings for User Entity Instance: Lab3_mm_interconnect_0:mm_interconnect_0|altera_avalon_sc_fifo:hex4_s1_agent_rdata_fifo ;
+---------------------+-------+--------------------------------------------------------------------------------------------------------+
; Parameter Name      ; Value ; Type                                                                                                   ;
+---------------------+-------+--------------------------------------------------------------------------------------------------------+
; SYMBOLS_PER_BEAT    ; 1     ; Signed Integer                                                                                         ;
; BITS_PER_SYMBOL     ; 34    ; Signed Integer                                                                                         ;
; FIFO_DEPTH          ; 2     ; Signed Integer                                                                                         ;
; CHANNEL_WIDTH       ; 0     ; Signed Integer                                                                                         ;
; ERROR_WIDTH         ; 0     ; Signed Integer                                                                                         ;
; USE_PACKETS         ; 0     ; Signed Integer                                                                                         ;
; USE_FILL_LEVEL      ; 0     ; Signed Integer                                                                                         ;
; USE_STORE_FORWARD   ; 0     ; Signed Integer                                                                                         ;
; USE_ALMOST_FULL_IF  ; 0     ; Signed Integer                                                                                         ;
; USE_ALMOST_EMPTY_IF ; 0     ; Signed Integer                                                                                         ;
; EMPTY_LATENCY       ; 0     ; Signed Integer                                                                                         ;
; USE_MEMORY_BLOCKS   ; 0     ; Signed Integer                                                                                         ;
; DATA_WIDTH          ; 34    ; Signed Integer                                                                                         ;
; EMPTY_WIDTH         ; 0     ; Signed Integer                                                                                         ;
+---------------------+-------+--------------------------------------------------------------------------------------------------------+
Note: In order to hide this table in the UI and the text report file, please set the "Show Parameter Settings in Synthesis Report" option in "Analysis and Synthesis Settings -> More Settings" to "Off".


+-------------------------------------------------------------------------------------------------------------------------------+
; Parameter Settings for User Entity Instance: Lab3_mm_interconnect_0:mm_interconnect_0|altera_merlin_slave_agent:hex5_s1_agent ;
+---------------------------+-------+-------------------------------------------------------------------------------------------+
; Parameter Name            ; Value ; Type                                                                                      ;
+---------------------------+-------+-------------------------------------------------------------------------------------------+
; PKT_BEGIN_BURST           ; 85    ; Signed Integer                                                                            ;
; PKT_DATA_H                ; 31    ; Signed Integer                                                                            ;
; PKT_DATA_L                ; 0     ; Signed Integer                                                                            ;
; PKT_SYMBOL_W              ; 8     ; Signed Integer                                                                            ;
; PKT_BYTEEN_H              ; 35    ; Signed Integer                                                                            ;
; PKT_BYTEEN_L              ; 32    ; Signed Integer                                                                            ;
; PKT_ADDR_H                ; 67    ; Signed Integer                                                                            ;
; PKT_ADDR_L                ; 36    ; Signed Integer                                                                            ;
; PKT_TRANS_LOCK            ; 72    ; Signed Integer                                                                            ;
; PKT_TRANS_COMPRESSED_READ ; 68    ; Signed Integer                                                                            ;
; PKT_TRANS_POSTED          ; 69    ; Signed Integer                                                                            ;
; PKT_TRANS_WRITE           ; 70    ; Signed Integer                                                                            ;
; PKT_TRANS_READ            ; 71    ; Signed Integer                                                                            ;
; PKT_SRC_ID_H              ; 90    ; Signed Integer                                                                            ;
; PKT_SRC_ID_L              ; 87    ; Signed Integer                                                                            ;
; PKT_DEST_ID_H             ; 94    ; Signed Integer                                                                            ;
; PKT_DEST_ID_L             ; 91    ; Signed Integer                                                                            ;
; PKT_BURSTWRAP_H           ; 77    ; Signed Integer                                                                            ;
; PKT_BURSTWRAP_L           ; 77    ; Signed Integer                                                                            ;
; PKT_BYTE_CNT_H            ; 76    ; Signed Integer                                                                            ;
; PKT_BYTE_CNT_L            ; 74    ; Signed Integer                                                                            ;
; PKT_PROTECTION_H          ; 98    ; Signed Integer                                                                            ;
; PKT_PROTECTION_L          ; 96    ; Signed Integer                                                                            ;
; PKT_RESPONSE_STATUS_H     ; 104   ; Signed Integer                                                                            ;
; PKT_RESPONSE_STATUS_L     ; 103   ; Signed Integer                                                                            ;
; PKT_BURST_SIZE_H          ; 80    ; Signed Integer                                                                            ;
; PKT_BURST_SIZE_L          ; 78    ; Signed Integer                                                                            ;
; PKT_ORI_BURST_SIZE_L      ; 105   ; Signed Integer                                                                            ;
; PKT_ORI_BURST_SIZE_H      ; 107   ; Signed Integer                                                                            ;
; ST_DATA_W                 ; 108   ; Signed Integer                                                                            ;
; ST_CHANNEL_W              ; 11    ; Signed Integer                                                                            ;
; ADDR_W                    ; 32    ; Signed Integer                                                                            ;
; AVS_DATA_W                ; 32    ; Signed Integer                                                                            ;
; AVS_BURSTCOUNT_W          ; 3     ; Signed Integer                                                                            ;
; PKT_SYMBOLS               ; 4     ; Signed Integer                                                                            ;
; PREVENT_FIFO_OVERFLOW     ; 1     ; Signed Integer                                                                            ;
; SUPPRESS_0_BYTEEN_CMD     ; 1     ; Signed Integer                                                                            ;
; USE_READRESPONSE          ; 0     ; Signed Integer                                                                            ;
; USE_WRITERESPONSE         ; 0     ; Signed Integer                                                                            ;
; AVS_BE_W                  ; 4     ; Signed Integer                                                                            ;
; BURST_SIZE_W              ; 3     ; Signed Integer                                                                            ;
; FIFO_DATA_W               ; 109   ; Signed Integer                                                                            ;
; ECC_ENABLE                ; 0     ; Signed Integer                                                                            ;
+---------------------------+-------+-------------------------------------------------------------------------------------------+
Note: In order to hide this table in the UI and the text report file, please set the "Show Parameter Settings in Synthesis Report" option in "Analysis and Synthesis Settings -> More Settings" to "Off".


+-----------------------------------------------------------------------------------------------------------------------------------------------------------------------------+
; Parameter Settings for User Entity Instance: Lab3_mm_interconnect_0:mm_interconnect_0|altera_merlin_slave_agent:hex5_s1_agent|altera_merlin_burst_uncompressor:uncompressor ;
+----------------+-------+----------------------------------------------------------------------------------------------------------------------------------------------------+
; Parameter Name ; Value ; Type                                                                                                                                               ;
+----------------+-------+----------------------------------------------------------------------------------------------------------------------------------------------------+
; ADDR_W         ; 32    ; Signed Integer                                                                                                                                     ;
; BURSTWRAP_W    ; 1     ; Signed Integer                                                                                                                                     ;
; BYTE_CNT_W     ; 3     ; Signed Integer                                                                                                                                     ;
; PKT_SYMBOLS    ; 4     ; Signed Integer                                                                                                                                     ;
; BURST_SIZE_W   ; 3     ; Signed Integer                                                                                                                                     ;
+----------------+-------+----------------------------------------------------------------------------------------------------------------------------------------------------+
Note: In order to hide this table in the UI and the text report file, please set the "Show Parameter Settings in Synthesis Report" option in "Analysis and Synthesis Settings -> More Settings" to "Off".


+------------------------------------------------------------------------------------------------------------------------------------+
; Parameter Settings for User Entity Instance: Lab3_mm_interconnect_0:mm_interconnect_0|altera_avalon_sc_fifo:hex5_s1_agent_rsp_fifo ;
+---------------------+-------+------------------------------------------------------------------------------------------------------+
; Parameter Name      ; Value ; Type                                                                                                 ;
+---------------------+-------+------------------------------------------------------------------------------------------------------+
; SYMBOLS_PER_BEAT    ; 1     ; Signed Integer                                                                                       ;
; BITS_PER_SYMBOL     ; 109   ; Signed Integer                                                                                       ;
; FIFO_DEPTH          ; 2     ; Signed Integer                                                                                       ;
; CHANNEL_WIDTH       ; 0     ; Signed Integer                                                                                       ;
; ERROR_WIDTH         ; 0     ; Signed Integer                                                                                       ;
; USE_PACKETS         ; 1     ; Signed Integer                                                                                       ;
; USE_FILL_LEVEL      ; 0     ; Signed Integer                                                                                       ;
; USE_STORE_FORWARD   ; 0     ; Signed Integer                                                                                       ;
; USE_ALMOST_FULL_IF  ; 0     ; Signed Integer                                                                                       ;
; USE_ALMOST_EMPTY_IF ; 0     ; Signed Integer                                                                                       ;
; EMPTY_LATENCY       ; 1     ; Signed Integer                                                                                       ;
; USE_MEMORY_BLOCKS   ; 0     ; Signed Integer                                                                                       ;
; DATA_WIDTH          ; 109   ; Signed Integer                                                                                       ;
; EMPTY_WIDTH         ; 0     ; Signed Integer                                                                                       ;
+---------------------+-------+------------------------------------------------------------------------------------------------------+
Note: In order to hide this table in the UI and the text report file, please set the "Show Parameter Settings in Synthesis Report" option in "Analysis and Synthesis Settings -> More Settings" to "Off".


+--------------------------------------------------------------------------------------------------------------------------------------+
; Parameter Settings for User Entity Instance: Lab3_mm_interconnect_0:mm_interconnect_0|altera_avalon_sc_fifo:hex5_s1_agent_rdata_fifo ;
+---------------------+-------+--------------------------------------------------------------------------------------------------------+
; Parameter Name      ; Value ; Type                                                                                                   ;
+---------------------+-------+--------------------------------------------------------------------------------------------------------+
; SYMBOLS_PER_BEAT    ; 1     ; Signed Integer                                                                                         ;
; BITS_PER_SYMBOL     ; 34    ; Signed Integer                                                                                         ;
; FIFO_DEPTH          ; 2     ; Signed Integer                                                                                         ;
; CHANNEL_WIDTH       ; 0     ; Signed Integer                                                                                         ;
; ERROR_WIDTH         ; 0     ; Signed Integer                                                                                         ;
; USE_PACKETS         ; 0     ; Signed Integer                                                                                         ;
; USE_FILL_LEVEL      ; 0     ; Signed Integer                                                                                         ;
; USE_STORE_FORWARD   ; 0     ; Signed Integer                                                                                         ;
; USE_ALMOST_FULL_IF  ; 0     ; Signed Integer                                                                                         ;
; USE_ALMOST_EMPTY_IF ; 0     ; Signed Integer                                                                                         ;
; EMPTY_LATENCY       ; 0     ; Signed Integer                                                                                         ;
; USE_MEMORY_BLOCKS   ; 0     ; Signed Integer                                                                                         ;
; DATA_WIDTH          ; 34    ; Signed Integer                                                                                         ;
; EMPTY_WIDTH         ; 0     ; Signed Integer                                                                                         ;
+---------------------+-------+--------------------------------------------------------------------------------------------------------+
Note: In order to hide this table in the UI and the text report file, please set the "Show Parameter Settings in Synthesis Report" option in "Analysis and Synthesis Settings -> More Settings" to "Off".


+-----------------------------------------------------------------------------------------------------------------------------------+
; Parameter Settings for User Entity Instance: Lab3_mm_interconnect_0:mm_interconnect_0|altera_merlin_slave_agent:switches_s1_agent ;
+---------------------------+-------+-----------------------------------------------------------------------------------------------+
; Parameter Name            ; Value ; Type                                                                                          ;
+---------------------------+-------+-----------------------------------------------------------------------------------------------+
; PKT_BEGIN_BURST           ; 85    ; Signed Integer                                                                                ;
; PKT_DATA_H                ; 31    ; Signed Integer                                                                                ;
; PKT_DATA_L                ; 0     ; Signed Integer                                                                                ;
; PKT_SYMBOL_W              ; 8     ; Signed Integer                                                                                ;
; PKT_BYTEEN_H              ; 35    ; Signed Integer                                                                                ;
; PKT_BYTEEN_L              ; 32    ; Signed Integer                                                                                ;
; PKT_ADDR_H                ; 67    ; Signed Integer                                                                                ;
; PKT_ADDR_L                ; 36    ; Signed Integer                                                                                ;
; PKT_TRANS_LOCK            ; 72    ; Signed Integer                                                                                ;
; PKT_TRANS_COMPRESSED_READ ; 68    ; Signed Integer                                                                                ;
; PKT_TRANS_POSTED          ; 69    ; Signed Integer                                                                                ;
; PKT_TRANS_WRITE           ; 70    ; Signed Integer                                                                                ;
; PKT_TRANS_READ            ; 71    ; Signed Integer                                                                                ;
; PKT_SRC_ID_H              ; 90    ; Signed Integer                                                                                ;
; PKT_SRC_ID_L              ; 87    ; Signed Integer                                                                                ;
; PKT_DEST_ID_H             ; 94    ; Signed Integer                                                                                ;
; PKT_DEST_ID_L             ; 91    ; Signed Integer                                                                                ;
; PKT_BURSTWRAP_H           ; 77    ; Signed Integer                                                                                ;
; PKT_BURSTWRAP_L           ; 77    ; Signed Integer                                                                                ;
; PKT_BYTE_CNT_H            ; 76    ; Signed Integer                                                                                ;
; PKT_BYTE_CNT_L            ; 74    ; Signed Integer                                                                                ;
; PKT_PROTECTION_H          ; 98    ; Signed Integer                                                                                ;
; PKT_PROTECTION_L          ; 96    ; Signed Integer                                                                                ;
; PKT_RESPONSE_STATUS_H     ; 104   ; Signed Integer                                                                                ;
; PKT_RESPONSE_STATUS_L     ; 103   ; Signed Integer                                                                                ;
; PKT_BURST_SIZE_H          ; 80    ; Signed Integer                                                                                ;
; PKT_BURST_SIZE_L          ; 78    ; Signed Integer                                                                                ;
; PKT_ORI_BURST_SIZE_L      ; 105   ; Signed Integer                                                                                ;
; PKT_ORI_BURST_SIZE_H      ; 107   ; Signed Integer                                                                                ;
; ST_DATA_W                 ; 108   ; Signed Integer                                                                                ;
; ST_CHANNEL_W              ; 11    ; Signed Integer                                                                                ;
; ADDR_W                    ; 32    ; Signed Integer                                                                                ;
; AVS_DATA_W                ; 32    ; Signed Integer                                                                                ;
; AVS_BURSTCOUNT_W          ; 3     ; Signed Integer                                                                                ;
; PKT_SYMBOLS               ; 4     ; Signed Integer                                                                                ;
; PREVENT_FIFO_OVERFLOW     ; 1     ; Signed Integer                                                                                ;
; SUPPRESS_0_BYTEEN_CMD     ; 1     ; Signed Integer                                                                                ;
; USE_READRESPONSE          ; 0     ; Signed Integer                                                                                ;
; USE_WRITERESPONSE         ; 0     ; Signed Integer                                                                                ;
; AVS_BE_W                  ; 4     ; Signed Integer                                                                                ;
; BURST_SIZE_W              ; 3     ; Signed Integer                                                                                ;
; FIFO_DATA_W               ; 109   ; Signed Integer                                                                                ;
; ECC_ENABLE                ; 0     ; Signed Integer                                                                                ;
+---------------------------+-------+-----------------------------------------------------------------------------------------------+
Note: In order to hide this table in the UI and the text report file, please set the "Show Parameter Settings in Synthesis Report" option in "Analysis and Synthesis Settings -> More Settings" to "Off".


+---------------------------------------------------------------------------------------------------------------------------------------------------------------------------------+
; Parameter Settings for User Entity Instance: Lab3_mm_interconnect_0:mm_interconnect_0|altera_merlin_slave_agent:switches_s1_agent|altera_merlin_burst_uncompressor:uncompressor ;
+----------------+-------+--------------------------------------------------------------------------------------------------------------------------------------------------------+
; Parameter Name ; Value ; Type                                                                                                                                                   ;
+----------------+-------+--------------------------------------------------------------------------------------------------------------------------------------------------------+
; ADDR_W         ; 32    ; Signed Integer                                                                                                                                         ;
; BURSTWRAP_W    ; 1     ; Signed Integer                                                                                                                                         ;
; BYTE_CNT_W     ; 3     ; Signed Integer                                                                                                                                         ;
; PKT_SYMBOLS    ; 4     ; Signed Integer                                                                                                                                         ;
; BURST_SIZE_W   ; 3     ; Signed Integer                                                                                                                                         ;
+----------------+-------+--------------------------------------------------------------------------------------------------------------------------------------------------------+
Note: In order to hide this table in the UI and the text report file, please set the "Show Parameter Settings in Synthesis Report" option in "Analysis and Synthesis Settings -> More Settings" to "Off".


+----------------------------------------------------------------------------------------------------------------------------------------+
; Parameter Settings for User Entity Instance: Lab3_mm_interconnect_0:mm_interconnect_0|altera_avalon_sc_fifo:switches_s1_agent_rsp_fifo ;
+---------------------+-------+----------------------------------------------------------------------------------------------------------+
; Parameter Name      ; Value ; Type                                                                                                     ;
+---------------------+-------+----------------------------------------------------------------------------------------------------------+
; SYMBOLS_PER_BEAT    ; 1     ; Signed Integer                                                                                           ;
; BITS_PER_SYMBOL     ; 109   ; Signed Integer                                                                                           ;
; FIFO_DEPTH          ; 2     ; Signed Integer                                                                                           ;
; CHANNEL_WIDTH       ; 0     ; Signed Integer                                                                                           ;
; ERROR_WIDTH         ; 0     ; Signed Integer                                                                                           ;
; USE_PACKETS         ; 1     ; Signed Integer                                                                                           ;
; USE_FILL_LEVEL      ; 0     ; Signed Integer                                                                                           ;
; USE_STORE_FORWARD   ; 0     ; Signed Integer                                                                                           ;
; USE_ALMOST_FULL_IF  ; 0     ; Signed Integer                                                                                           ;
; USE_ALMOST_EMPTY_IF ; 0     ; Signed Integer                                                                                           ;
; EMPTY_LATENCY       ; 1     ; Signed Integer                                                                                           ;
; USE_MEMORY_BLOCKS   ; 0     ; Signed Integer                                                                                           ;
; DATA_WIDTH          ; 109   ; Signed Integer                                                                                           ;
; EMPTY_WIDTH         ; 0     ; Signed Integer                                                                                           ;
+---------------------+-------+----------------------------------------------------------------------------------------------------------+
Note: In order to hide this table in the UI and the text report file, please set the "Show Parameter Settings in Synthesis Report" option in "Analysis and Synthesis Settings -> More Settings" to "Off".


+------------------------------------------------------------------------------------------------------------------------------------------+
; Parameter Settings for User Entity Instance: Lab3_mm_interconnect_0:mm_interconnect_0|altera_avalon_sc_fifo:switches_s1_agent_rdata_fifo ;
+---------------------+-------+------------------------------------------------------------------------------------------------------------+
; Parameter Name      ; Value ; Type                                                                                                       ;
+---------------------+-------+------------------------------------------------------------------------------------------------------------+
; SYMBOLS_PER_BEAT    ; 1     ; Signed Integer                                                                                             ;
; BITS_PER_SYMBOL     ; 34    ; Signed Integer                                                                                             ;
; FIFO_DEPTH          ; 2     ; Signed Integer                                                                                             ;
; CHANNEL_WIDTH       ; 0     ; Signed Integer                                                                                             ;
; ERROR_WIDTH         ; 0     ; Signed Integer                                                                                             ;
; USE_PACKETS         ; 0     ; Signed Integer                                                                                             ;
; USE_FILL_LEVEL      ; 0     ; Signed Integer                                                                                             ;
; USE_STORE_FORWARD   ; 0     ; Signed Integer                                                                                             ;
; USE_ALMOST_FULL_IF  ; 0     ; Signed Integer                                                                                             ;
; USE_ALMOST_EMPTY_IF ; 0     ; Signed Integer                                                                                             ;
; EMPTY_LATENCY       ; 0     ; Signed Integer                                                                                             ;
; USE_MEMORY_BLOCKS   ; 0     ; Signed Integer                                                                                             ;
; DATA_WIDTH          ; 34    ; Signed Integer                                                                                             ;
; EMPTY_WIDTH         ; 0     ; Signed Integer                                                                                             ;
+---------------------+-------+------------------------------------------------------------------------------------------------------------+
Note: In order to hide this table in the UI and the text report file, please set the "Show Parameter Settings in Synthesis Report" option in "Analysis and Synthesis Settings -> More Settings" to "Off".


+-------------------------------------------------------------------------------------------------------------------------------------------+
; Parameter Settings for User Entity Instance: Lab3_mm_interconnect_0:mm_interconnect_0|altera_merlin_slave_agent:lab3_timer_sw_agent_agent ;
+---------------------------+-------+-------------------------------------------------------------------------------------------------------+
; Parameter Name            ; Value ; Type                                                                                                  ;
+---------------------------+-------+-------------------------------------------------------------------------------------------------------+
; PKT_BEGIN_BURST           ; 85    ; Signed Integer                                                                                        ;
; PKT_DATA_H                ; 31    ; Signed Integer                                                                                        ;
; PKT_DATA_L                ; 0     ; Signed Integer                                                                                        ;
; PKT_SYMBOL_W              ; 8     ; Signed Integer                                                                                        ;
; PKT_BYTEEN_H              ; 35    ; Signed Integer                                                                                        ;
; PKT_BYTEEN_L              ; 32    ; Signed Integer                                                                                        ;
; PKT_ADDR_H                ; 67    ; Signed Integer                                                                                        ;
; PKT_ADDR_L                ; 36    ; Signed Integer                                                                                        ;
; PKT_TRANS_LOCK            ; 72    ; Signed Integer                                                                                        ;
; PKT_TRANS_COMPRESSED_READ ; 68    ; Signed Integer                                                                                        ;
; PKT_TRANS_POSTED          ; 69    ; Signed Integer                                                                                        ;
; PKT_TRANS_WRITE           ; 70    ; Signed Integer                                                                                        ;
; PKT_TRANS_READ            ; 71    ; Signed Integer                                                                                        ;
; PKT_SRC_ID_H              ; 90    ; Signed Integer                                                                                        ;
; PKT_SRC_ID_L              ; 87    ; Signed Integer                                                                                        ;
; PKT_DEST_ID_H             ; 94    ; Signed Integer                                                                                        ;
; PKT_DEST_ID_L             ; 91    ; Signed Integer                                                                                        ;
; PKT_BURSTWRAP_H           ; 77    ; Signed Integer                                                                                        ;
; PKT_BURSTWRAP_L           ; 77    ; Signed Integer                                                                                        ;
; PKT_BYTE_CNT_H            ; 76    ; Signed Integer                                                                                        ;
; PKT_BYTE_CNT_L            ; 74    ; Signed Integer                                                                                        ;
; PKT_PROTECTION_H          ; 98    ; Signed Integer                                                                                        ;
; PKT_PROTECTION_L          ; 96    ; Signed Integer                                                                                        ;
; PKT_RESPONSE_STATUS_H     ; 104   ; Signed Integer                                                                                        ;
; PKT_RESPONSE_STATUS_L     ; 103   ; Signed Integer                                                                                        ;
; PKT_BURST_SIZE_H          ; 80    ; Signed Integer                                                                                        ;
; PKT_BURST_SIZE_L          ; 78    ; Signed Integer                                                                                        ;
; PKT_ORI_BURST_SIZE_L      ; 105   ; Signed Integer                                                                                        ;
; PKT_ORI_BURST_SIZE_H      ; 107   ; Signed Integer                                                                                        ;
; ST_DATA_W                 ; 108   ; Signed Integer                                                                                        ;
; ST_CHANNEL_W              ; 11    ; Signed Integer                                                                                        ;
; ADDR_W                    ; 32    ; Signed Integer                                                                                        ;
; AVS_DATA_W                ; 32    ; Signed Integer                                                                                        ;
; AVS_BURSTCOUNT_W          ; 3     ; Signed Integer                                                                                        ;
; PKT_SYMBOLS               ; 4     ; Signed Integer                                                                                        ;
; PREVENT_FIFO_OVERFLOW     ; 1     ; Signed Integer                                                                                        ;
; SUPPRESS_0_BYTEEN_CMD     ; 1     ; Signed Integer                                                                                        ;
; USE_READRESPONSE          ; 0     ; Signed Integer                                                                                        ;
; USE_WRITERESPONSE         ; 0     ; Signed Integer                                                                                        ;
; AVS_BE_W                  ; 4     ; Signed Integer                                                                                        ;
; BURST_SIZE_W              ; 3     ; Signed Integer                                                                                        ;
; FIFO_DATA_W               ; 109   ; Signed Integer                                                                                        ;
; ECC_ENABLE                ; 0     ; Signed Integer                                                                                        ;
+---------------------------+-------+-------------------------------------------------------------------------------------------------------+
Note: In order to hide this table in the UI and the text report file, please set the "Show Parameter Settings in Synthesis Report" option in "Analysis and Synthesis Settings -> More Settings" to "Off".


+-----------------------------------------------------------------------------------------------------------------------------------------------------------------------------------------+
; Parameter Settings for User Entity Instance: Lab3_mm_interconnect_0:mm_interconnect_0|altera_merlin_slave_agent:lab3_timer_sw_agent_agent|altera_merlin_burst_uncompressor:uncompressor ;
+----------------+-------+----------------------------------------------------------------------------------------------------------------------------------------------------------------+
; Parameter Name ; Value ; Type                                                                                                                                                           ;
+----------------+-------+----------------------------------------------------------------------------------------------------------------------------------------------------------------+
; ADDR_W         ; 32    ; Signed Integer                                                                                                                                                 ;
; BURSTWRAP_W    ; 1     ; Signed Integer                                                                                                                                                 ;
; BYTE_CNT_W     ; 3     ; Signed Integer                                                                                                                                                 ;
; PKT_SYMBOLS    ; 4     ; Signed Integer                                                                                                                                                 ;
; BURST_SIZE_W   ; 3     ; Signed Integer                                                                                                                                                 ;
+----------------+-------+----------------------------------------------------------------------------------------------------------------------------------------------------------------+
Note: In order to hide this table in the UI and the text report file, please set the "Show Parameter Settings in Synthesis Report" option in "Analysis and Synthesis Settings -> More Settings" to "Off".


+------------------------------------------------------------------------------------------------------------------------------------------------+
; Parameter Settings for User Entity Instance: Lab3_mm_interconnect_0:mm_interconnect_0|altera_avalon_sc_fifo:lab3_timer_sw_agent_agent_rsp_fifo ;
+---------------------+-------+------------------------------------------------------------------------------------------------------------------+
; Parameter Name      ; Value ; Type                                                                                                             ;
+---------------------+-------+------------------------------------------------------------------------------------------------------------------+
; SYMBOLS_PER_BEAT    ; 1     ; Signed Integer                                                                                                   ;
; BITS_PER_SYMBOL     ; 109   ; Signed Integer                                                                                                   ;
; FIFO_DEPTH          ; 3     ; Signed Integer                                                                                                   ;
; CHANNEL_WIDTH       ; 0     ; Signed Integer                                                                                                   ;
; ERROR_WIDTH         ; 0     ; Signed Integer                                                                                                   ;
; USE_PACKETS         ; 1     ; Signed Integer                                                                                                   ;
; USE_FILL_LEVEL      ; 0     ; Signed Integer                                                                                                   ;
; USE_STORE_FORWARD   ; 0     ; Signed Integer                                                                                                   ;
; USE_ALMOST_FULL_IF  ; 0     ; Signed Integer                                                                                                   ;
; USE_ALMOST_EMPTY_IF ; 0     ; Signed Integer                                                                                                   ;
; EMPTY_LATENCY       ; 1     ; Signed Integer                                                                                                   ;
; USE_MEMORY_BLOCKS   ; 0     ; Signed Integer                                                                                                   ;
; DATA_WIDTH          ; 109   ; Signed Integer                                                                                                   ;
; EMPTY_WIDTH         ; 0     ; Signed Integer                                                                                                   ;
+---------------------+-------+------------------------------------------------------------------------------------------------------------------+
Note: In order to hide this table in the UI and the text report file, please set the "Show Parameter Settings in Synthesis Report" option in "Analysis and Synthesis Settings -> More Settings" to "Off".


+--------------------------------------------------------------------------------------------------------------------------------------------------+
; Parameter Settings for User Entity Instance: Lab3_mm_interconnect_0:mm_interconnect_0|altera_avalon_sc_fifo:lab3_timer_sw_agent_agent_rdata_fifo ;
+---------------------+-------+--------------------------------------------------------------------------------------------------------------------+
; Parameter Name      ; Value ; Type                                                                                                               ;
+---------------------+-------+--------------------------------------------------------------------------------------------------------------------+
; SYMBOLS_PER_BEAT    ; 1     ; Signed Integer                                                                                                     ;
; BITS_PER_SYMBOL     ; 34    ; Signed Integer                                                                                                     ;
; FIFO_DEPTH          ; 3     ; Signed Integer                                                                                                     ;
; CHANNEL_WIDTH       ; 0     ; Signed Integer                                                                                                     ;
; ERROR_WIDTH         ; 0     ; Signed Integer                                                                                                     ;
; USE_PACKETS         ; 0     ; Signed Integer                                                                                                     ;
; USE_FILL_LEVEL      ; 0     ; Signed Integer                                                                                                     ;
; USE_STORE_FORWARD   ; 0     ; Signed Integer                                                                                                     ;
; USE_ALMOST_FULL_IF  ; 0     ; Signed Integer                                                                                                     ;
; USE_ALMOST_EMPTY_IF ; 0     ; Signed Integer                                                                                                     ;
; EMPTY_LATENCY       ; 0     ; Signed Integer                                                                                                     ;
; USE_MEMORY_BLOCKS   ; 0     ; Signed Integer                                                                                                     ;
; DATA_WIDTH          ; 34    ; Signed Integer                                                                                                     ;
; EMPTY_WIDTH         ; 0     ; Signed Integer                                                                                                     ;
+---------------------+-------+--------------------------------------------------------------------------------------------------------------------+
Note: In order to hide this table in the UI and the text report file, please set the "Show Parameter Settings in Synthesis Report" option in "Analysis and Synthesis Settings -> More Settings" to "Off".


+--------------------------------------------------------------------------------------------------------------------------------------------------------------------------------------------+
; Parameter Settings for User Entity Instance: Lab3_mm_interconnect_0:mm_interconnect_0|Lab3_mm_interconnect_0_router:router|Lab3_mm_interconnect_0_router_default_decode:the_default_decode ;
+--------------------+-------+---------------------------------------------------------------------------------------------------------------------------------------------------------------+
; Parameter Name     ; Value ; Type                                                                                                                                                          ;
+--------------------+-------+---------------------------------------------------------------------------------------------------------------------------------------------------------------+
; DEFAULT_CHANNEL    ; 2     ; Signed Integer                                                                                                                                                ;
; DEFAULT_WR_CHANNEL ; -1    ; Signed Integer                                                                                                                                                ;
; DEFAULT_RD_CHANNEL ; -1    ; Signed Integer                                                                                                                                                ;
; DEFAULT_DESTID     ; 9     ; Signed Integer                                                                                                                                                ;
+--------------------+-------+---------------------------------------------------------------------------------------------------------------------------------------------------------------+
Note: In order to hide this table in the UI and the text report file, please set the "Show Parameter Settings in Synthesis Report" option in "Analysis and Synthesis Settings -> More Settings" to "Off".


+------------------------------------------------------------------------------------------------------------------------------------------------------------------------------------------------+
; Parameter Settings for User Entity Instance: Lab3_mm_interconnect_0:mm_interconnect_0|Lab3_mm_interconnect_0_router:router_001|Lab3_mm_interconnect_0_router_default_decode:the_default_decode ;
+--------------------+-------+-------------------------------------------------------------------------------------------------------------------------------------------------------------------+
; Parameter Name     ; Value ; Type                                                                                                                                                              ;
+--------------------+-------+-------------------------------------------------------------------------------------------------------------------------------------------------------------------+
; DEFAULT_CHANNEL    ; 2     ; Signed Integer                                                                                                                                                    ;
; DEFAULT_WR_CHANNEL ; -1    ; Signed Integer                                                                                                                                                    ;
; DEFAULT_RD_CHANNEL ; -1    ; Signed Integer                                                                                                                                                    ;
; DEFAULT_DESTID     ; 9     ; Signed Integer                                                                                                                                                    ;
+--------------------+-------+-------------------------------------------------------------------------------------------------------------------------------------------------------------------+
Note: In order to hide this table in the UI and the text report file, please set the "Show Parameter Settings in Synthesis Report" option in "Analysis and Synthesis Settings -> More Settings" to "Off".


+--------------------------------------------------------------------------------------------------------------------------------------------------------------------------------------------------------+
; Parameter Settings for User Entity Instance: Lab3_mm_interconnect_0:mm_interconnect_0|Lab3_mm_interconnect_0_router_002:router_002|Lab3_mm_interconnect_0_router_002_default_decode:the_default_decode ;
+--------------------+-------+---------------------------------------------------------------------------------------------------------------------------------------------------------------------------+
; Parameter Name     ; Value ; Type                                                                                                                                                                      ;
+--------------------+-------+---------------------------------------------------------------------------------------------------------------------------------------------------------------------------+
; DEFAULT_CHANNEL    ; 1     ; Signed Integer                                                                                                                                                            ;
; DEFAULT_WR_CHANNEL ; -1    ; Signed Integer                                                                                                                                                            ;
; DEFAULT_RD_CHANNEL ; -1    ; Signed Integer                                                                                                                                                            ;
; DEFAULT_DESTID     ; 9     ; Signed Integer                                                                                                                                                            ;
+--------------------+-------+---------------------------------------------------------------------------------------------------------------------------------------------------------------------------+
Note: In order to hide this table in the UI and the text report file, please set the "Show Parameter Settings in Synthesis Report" option in "Analysis and Synthesis Settings -> More Settings" to "Off".


+--------------------------------------------------------------------------------------------------------------------------------------------------------------------------------------------------------+
; Parameter Settings for User Entity Instance: Lab3_mm_interconnect_0:mm_interconnect_0|Lab3_mm_interconnect_0_router_002:router_003|Lab3_mm_interconnect_0_router_002_default_decode:the_default_decode ;
+--------------------+-------+---------------------------------------------------------------------------------------------------------------------------------------------------------------------------+
; Parameter Name     ; Value ; Type                                                                                                                                                                      ;
+--------------------+-------+---------------------------------------------------------------------------------------------------------------------------------------------------------------------------+
; DEFAULT_CHANNEL    ; 1     ; Signed Integer                                                                                                                                                            ;
; DEFAULT_WR_CHANNEL ; -1    ; Signed Integer                                                                                                                                                            ;
; DEFAULT_RD_CHANNEL ; -1    ; Signed Integer                                                                                                                                                            ;
; DEFAULT_DESTID     ; 9     ; Signed Integer                                                                                                                                                            ;
+--------------------+-------+---------------------------------------------------------------------------------------------------------------------------------------------------------------------------+
Note: In order to hide this table in the UI and the text report file, please set the "Show Parameter Settings in Synthesis Report" option in "Analysis and Synthesis Settings -> More Settings" to "Off".


+--------------------------------------------------------------------------------------------------------------------------------------------------------------------------------------------------------+
; Parameter Settings for User Entity Instance: Lab3_mm_interconnect_0:mm_interconnect_0|Lab3_mm_interconnect_0_router_004:router_004|Lab3_mm_interconnect_0_router_004_default_decode:the_default_decode ;
+--------------------+-------+---------------------------------------------------------------------------------------------------------------------------------------------------------------------------+
; Parameter Name     ; Value ; Type                                                                                                                                                                      ;
+--------------------+-------+---------------------------------------------------------------------------------------------------------------------------------------------------------------------------+
; DEFAULT_CHANNEL    ; -1    ; Signed Integer                                                                                                                                                            ;
; DEFAULT_WR_CHANNEL ; 0     ; Signed Integer                                                                                                                                                            ;
; DEFAULT_RD_CHANNEL ; 1     ; Signed Integer                                                                                                                                                            ;
; DEFAULT_DESTID     ; 0     ; Signed Integer                                                                                                                                                            ;
+--------------------+-------+---------------------------------------------------------------------------------------------------------------------------------------------------------------------------+
Note: In order to hide this table in the UI and the text report file, please set the "Show Parameter Settings in Synthesis Report" option in "Analysis and Synthesis Settings -> More Settings" to "Off".


+--------------------------------------------------------------------------------------------------------------------------------------------------------------------------------------------------------+
; Parameter Settings for User Entity Instance: Lab3_mm_interconnect_0:mm_interconnect_0|Lab3_mm_interconnect_0_router_005:router_005|Lab3_mm_interconnect_0_router_005_default_decode:the_default_decode ;
+--------------------+-------+---------------------------------------------------------------------------------------------------------------------------------------------------------------------------+
; Parameter Name     ; Value ; Type                                                                                                                                                                      ;
+--------------------+-------+---------------------------------------------------------------------------------------------------------------------------------------------------------------------------+
; DEFAULT_CHANNEL    ; -1    ; Signed Integer                                                                                                                                                            ;
; DEFAULT_WR_CHANNEL ; 0     ; Signed Integer                                                                                                                                                            ;
; DEFAULT_RD_CHANNEL ; 1     ; Signed Integer                                                                                                                                                            ;
; DEFAULT_DESTID     ; 0     ; Signed Integer                                                                                                                                                            ;
+--------------------+-------+---------------------------------------------------------------------------------------------------------------------------------------------------------------------------+
Note: In order to hide this table in the UI and the text report file, please set the "Show Parameter Settings in Synthesis Report" option in "Analysis and Synthesis Settings -> More Settings" to "Off".


+--------------------------------------------------------------------------------------------------------------------------------------------------------------------------------------------------------+
; Parameter Settings for User Entity Instance: Lab3_mm_interconnect_0:mm_interconnect_0|Lab3_mm_interconnect_0_router_005:router_006|Lab3_mm_interconnect_0_router_005_default_decode:the_default_decode ;
+--------------------+-------+---------------------------------------------------------------------------------------------------------------------------------------------------------------------------+
; Parameter Name     ; Value ; Type                                                                                                                                                                      ;
+--------------------+-------+---------------------------------------------------------------------------------------------------------------------------------------------------------------------------+
; DEFAULT_CHANNEL    ; -1    ; Signed Integer                                                                                                                                                            ;
; DEFAULT_WR_CHANNEL ; 0     ; Signed Integer                                                                                                                                                            ;
; DEFAULT_RD_CHANNEL ; 1     ; Signed Integer                                                                                                                                                            ;
; DEFAULT_DESTID     ; 0     ; Signed Integer                                                                                                                                                            ;
+--------------------+-------+---------------------------------------------------------------------------------------------------------------------------------------------------------------------------+
Note: In order to hide this table in the UI and the text report file, please set the "Show Parameter Settings in Synthesis Report" option in "Analysis and Synthesis Settings -> More Settings" to "Off".


+--------------------------------------------------------------------------------------------------------------------------------------------------------------------------------------------------------+
; Parameter Settings for User Entity Instance: Lab3_mm_interconnect_0:mm_interconnect_0|Lab3_mm_interconnect_0_router_004:router_007|Lab3_mm_interconnect_0_router_004_default_decode:the_default_decode ;
+--------------------+-------+---------------------------------------------------------------------------------------------------------------------------------------------------------------------------+
; Parameter Name     ; Value ; Type                                                                                                                                                                      ;
+--------------------+-------+---------------------------------------------------------------------------------------------------------------------------------------------------------------------------+
; DEFAULT_CHANNEL    ; -1    ; Signed Integer                                                                                                                                                            ;
; DEFAULT_WR_CHANNEL ; 0     ; Signed Integer                                                                                                                                                            ;
; DEFAULT_RD_CHANNEL ; 1     ; Signed Integer                                                                                                                                                            ;
; DEFAULT_DESTID     ; 0     ; Signed Integer                                                                                                                                                            ;
+--------------------+-------+---------------------------------------------------------------------------------------------------------------------------------------------------------------------------+
Note: In order to hide this table in the UI and the text report file, please set the "Show Parameter Settings in Synthesis Report" option in "Analysis and Synthesis Settings -> More Settings" to "Off".


+--------------------------------------------------------------------------------------------------------------------------------------------------------------------------------------------------------+
; Parameter Settings for User Entity Instance: Lab3_mm_interconnect_0:mm_interconnect_0|Lab3_mm_interconnect_0_router_004:router_008|Lab3_mm_interconnect_0_router_004_default_decode:the_default_decode ;
+--------------------+-------+---------------------------------------------------------------------------------------------------------------------------------------------------------------------------+
; Parameter Name     ; Value ; Type                                                                                                                                                                      ;
+--------------------+-------+---------------------------------------------------------------------------------------------------------------------------------------------------------------------------+
; DEFAULT_CHANNEL    ; -1    ; Signed Integer                                                                                                                                                            ;
; DEFAULT_WR_CHANNEL ; 0     ; Signed Integer                                                                                                                                                            ;
; DEFAULT_RD_CHANNEL ; 1     ; Signed Integer                                                                                                                                                            ;
; DEFAULT_DESTID     ; 0     ; Signed Integer                                                                                                                                                            ;
+--------------------+-------+---------------------------------------------------------------------------------------------------------------------------------------------------------------------------+
Note: In order to hide this table in the UI and the text report file, please set the "Show Parameter Settings in Synthesis Report" option in "Analysis and Synthesis Settings -> More Settings" to "Off".


+--------------------------------------------------------------------------------------------------------------------------------------------------------------------------------------------------------+
; Parameter Settings for User Entity Instance: Lab3_mm_interconnect_0:mm_interconnect_0|Lab3_mm_interconnect_0_router_004:router_009|Lab3_mm_interconnect_0_router_004_default_decode:the_default_decode ;
+--------------------+-------+---------------------------------------------------------------------------------------------------------------------------------------------------------------------------+
; Parameter Name     ; Value ; Type                                                                                                                                                                      ;
+--------------------+-------+---------------------------------------------------------------------------------------------------------------------------------------------------------------------------+
; DEFAULT_CHANNEL    ; -1    ; Signed Integer                                                                                                                                                            ;
; DEFAULT_WR_CHANNEL ; 0     ; Signed Integer                                                                                                                                                            ;
; DEFAULT_RD_CHANNEL ; 1     ; Signed Integer                                                                                                                                                            ;
; DEFAULT_DESTID     ; 0     ; Signed Integer                                                                                                                                                            ;
+--------------------+-------+---------------------------------------------------------------------------------------------------------------------------------------------------------------------------+
Note: In order to hide this table in the UI and the text report file, please set the "Show Parameter Settings in Synthesis Report" option in "Analysis and Synthesis Settings -> More Settings" to "Off".


+--------------------------------------------------------------------------------------------------------------------------------------------------------------------------------------------------------+
; Parameter Settings for User Entity Instance: Lab3_mm_interconnect_0:mm_interconnect_0|Lab3_mm_interconnect_0_router_004:router_010|Lab3_mm_interconnect_0_router_004_default_decode:the_default_decode ;
+--------------------+-------+---------------------------------------------------------------------------------------------------------------------------------------------------------------------------+
; Parameter Name     ; Value ; Type                                                                                                                                                                      ;
+--------------------+-------+---------------------------------------------------------------------------------------------------------------------------------------------------------------------------+
; DEFAULT_CHANNEL    ; -1    ; Signed Integer                                                                                                                                                            ;
; DEFAULT_WR_CHANNEL ; 0     ; Signed Integer                                                                                                                                                            ;
; DEFAULT_RD_CHANNEL ; 1     ; Signed Integer                                                                                                                                                            ;
; DEFAULT_DESTID     ; 0     ; Signed Integer                                                                                                                                                            ;
+--------------------+-------+---------------------------------------------------------------------------------------------------------------------------------------------------------------------------+
Note: In order to hide this table in the UI and the text report file, please set the "Show Parameter Settings in Synthesis Report" option in "Analysis and Synthesis Settings -> More Settings" to "Off".


+--------------------------------------------------------------------------------------------------------------------------------------------------------------------------------------------------------+
; Parameter Settings for User Entity Instance: Lab3_mm_interconnect_0:mm_interconnect_0|Lab3_mm_interconnect_0_router_004:router_011|Lab3_mm_interconnect_0_router_004_default_decode:the_default_decode ;
+--------------------+-------+---------------------------------------------------------------------------------------------------------------------------------------------------------------------------+
; Parameter Name     ; Value ; Type                                                                                                                                                                      ;
+--------------------+-------+---------------------------------------------------------------------------------------------------------------------------------------------------------------------------+
; DEFAULT_CHANNEL    ; -1    ; Signed Integer                                                                                                                                                            ;
; DEFAULT_WR_CHANNEL ; 0     ; Signed Integer                                                                                                                                                            ;
; DEFAULT_RD_CHANNEL ; 1     ; Signed Integer                                                                                                                                                            ;
; DEFAULT_DESTID     ; 0     ; Signed Integer                                                                                                                                                            ;
+--------------------+-------+---------------------------------------------------------------------------------------------------------------------------------------------------------------------------+
Note: In order to hide this table in the UI and the text report file, please set the "Show Parameter Settings in Synthesis Report" option in "Analysis and Synthesis Settings -> More Settings" to "Off".


+--------------------------------------------------------------------------------------------------------------------------------------------------------------------------------------------------------+
; Parameter Settings for User Entity Instance: Lab3_mm_interconnect_0:mm_interconnect_0|Lab3_mm_interconnect_0_router_004:router_012|Lab3_mm_interconnect_0_router_004_default_decode:the_default_decode ;
+--------------------+-------+---------------------------------------------------------------------------------------------------------------------------------------------------------------------------+
; Parameter Name     ; Value ; Type                                                                                                                                                                      ;
+--------------------+-------+---------------------------------------------------------------------------------------------------------------------------------------------------------------------------+
; DEFAULT_CHANNEL    ; -1    ; Signed Integer                                                                                                                                                            ;
; DEFAULT_WR_CHANNEL ; 0     ; Signed Integer                                                                                                                                                            ;
; DEFAULT_RD_CHANNEL ; 1     ; Signed Integer                                                                                                                                                            ;
; DEFAULT_DESTID     ; 0     ; Signed Integer                                                                                                                                                            ;
+--------------------+-------+---------------------------------------------------------------------------------------------------------------------------------------------------------------------------+
Note: In order to hide this table in the UI and the text report file, please set the "Show Parameter Settings in Synthesis Report" option in "Analysis and Synthesis Settings -> More Settings" to "Off".


+--------------------------------------------------------------------------------------------------------------------------------------------------------------------------------------------------------+
; Parameter Settings for User Entity Instance: Lab3_mm_interconnect_0:mm_interconnect_0|Lab3_mm_interconnect_0_router_004:router_013|Lab3_mm_interconnect_0_router_004_default_decode:the_default_decode ;
+--------------------+-------+---------------------------------------------------------------------------------------------------------------------------------------------------------------------------+
; Parameter Name     ; Value ; Type                                                                                                                                                                      ;
+--------------------+-------+---------------------------------------------------------------------------------------------------------------------------------------------------------------------------+
; DEFAULT_CHANNEL    ; -1    ; Signed Integer                                                                                                                                                            ;
; DEFAULT_WR_CHANNEL ; 0     ; Signed Integer                                                                                                                                                            ;
; DEFAULT_RD_CHANNEL ; 1     ; Signed Integer                                                                                                                                                            ;
; DEFAULT_DESTID     ; 0     ; Signed Integer                                                                                                                                                            ;
+--------------------+-------+---------------------------------------------------------------------------------------------------------------------------------------------------------------------------+
Note: In order to hide this table in the UI and the text report file, please set the "Show Parameter Settings in Synthesis Report" option in "Analysis and Synthesis Settings -> More Settings" to "Off".


+--------------------------------------------------------------------------------------------------------------------------------------------------------------------------------------------------------+
; Parameter Settings for User Entity Instance: Lab3_mm_interconnect_0:mm_interconnect_0|Lab3_mm_interconnect_0_router_004:router_014|Lab3_mm_interconnect_0_router_004_default_decode:the_default_decode ;
+--------------------+-------+---------------------------------------------------------------------------------------------------------------------------------------------------------------------------+
; Parameter Name     ; Value ; Type                                                                                                                                                                      ;
+--------------------+-------+---------------------------------------------------------------------------------------------------------------------------------------------------------------------------+
; DEFAULT_CHANNEL    ; -1    ; Signed Integer                                                                                                                                                            ;
; DEFAULT_WR_CHANNEL ; 0     ; Signed Integer                                                                                                                                                            ;
; DEFAULT_RD_CHANNEL ; 1     ; Signed Integer                                                                                                                                                            ;
; DEFAULT_DESTID     ; 0     ; Signed Integer                                                                                                                                                            ;
+--------------------+-------+---------------------------------------------------------------------------------------------------------------------------------------------------------------------------+
Note: In order to hide this table in the UI and the text report file, please set the "Show Parameter Settings in Synthesis Report" option in "Analysis and Synthesis Settings -> More Settings" to "Off".


+---------------------------------------------------------------------------------------------------------------------------------------------------------+
; Parameter Settings for User Entity Instance: Lab3_mm_interconnect_0:mm_interconnect_0|altera_merlin_traffic_limiter:lab3_instruction_manager_wr_limiter ;
+---------------------------+-------+---------------------------------------------------------------------------------------------------------------------+
; Parameter Name            ; Value ; Type                                                                                                                ;
+---------------------------+-------+---------------------------------------------------------------------------------------------------------------------+
; PKT_TRANS_POSTED          ; 69    ; Signed Integer                                                                                                      ;
; PKT_DEST_ID_H             ; 94    ; Signed Integer                                                                                                      ;
; PKT_DEST_ID_L             ; 91    ; Signed Integer                                                                                                      ;
; PKT_SRC_ID_H              ; 90    ; Signed Integer                                                                                                      ;
; PKT_SRC_ID_L              ; 87    ; Signed Integer                                                                                                      ;
; PKT_BYTE_CNT_H            ; 76    ; Signed Integer                                                                                                      ;
; PKT_BYTE_CNT_L            ; 74    ; Signed Integer                                                                                                      ;
; PKT_BYTEEN_H              ; 35    ; Signed Integer                                                                                                      ;
; PKT_BYTEEN_L              ; 32    ; Signed Integer                                                                                                      ;
; PKT_TRANS_WRITE           ; 70    ; Signed Integer                                                                                                      ;
; PKT_TRANS_READ            ; 0     ; Signed Integer                                                                                                      ;
; ST_DATA_W                 ; 108   ; Signed Integer                                                                                                      ;
; ST_CHANNEL_W              ; 11    ; Signed Integer                                                                                                      ;
; MAX_OUTSTANDING_RESPONSES ; 2     ; Signed Integer                                                                                                      ;
; PIPELINED                 ; 0     ; Signed Integer                                                                                                      ;
; ENFORCE_ORDER             ; 1     ; Signed Integer                                                                                                      ;
; VALID_WIDTH               ; 11    ; Signed Integer                                                                                                      ;
; PREVENT_HAZARDS           ; 0     ; Signed Integer                                                                                                      ;
; SUPPORTS_POSTED_WRITES    ; 1     ; Signed Integer                                                                                                      ;
; SUPPORTS_NONPOSTED_WRITES ; 0     ; Signed Integer                                                                                                      ;
; REORDER                   ; 0     ; Signed Integer                                                                                                      ;
+---------------------------+-------+---------------------------------------------------------------------------------------------------------------------+
Note: In order to hide this table in the UI and the text report file, please set the "Show Parameter Settings in Synthesis Report" option in "Analysis and Synthesis Settings -> More Settings" to "Off".


+---------------------------------------------------------------------------------------------------------------------------------------------------------+
; Parameter Settings for User Entity Instance: Lab3_mm_interconnect_0:mm_interconnect_0|altera_merlin_traffic_limiter:lab3_instruction_manager_rd_limiter ;
+---------------------------+-------+---------------------------------------------------------------------------------------------------------------------+
; Parameter Name            ; Value ; Type                                                                                                                ;
+---------------------------+-------+---------------------------------------------------------------------------------------------------------------------+
; PKT_TRANS_POSTED          ; 69    ; Signed Integer                                                                                                      ;
; PKT_DEST_ID_H             ; 94    ; Signed Integer                                                                                                      ;
; PKT_DEST_ID_L             ; 91    ; Signed Integer                                                                                                      ;
; PKT_SRC_ID_H              ; 90    ; Signed Integer                                                                                                      ;
; PKT_SRC_ID_L              ; 87    ; Signed Integer                                                                                                      ;
; PKT_BYTE_CNT_H            ; 76    ; Signed Integer                                                                                                      ;
; PKT_BYTE_CNT_L            ; 74    ; Signed Integer                                                                                                      ;
; PKT_BYTEEN_H              ; 35    ; Signed Integer                                                                                                      ;
; PKT_BYTEEN_L              ; 32    ; Signed Integer                                                                                                      ;
; PKT_TRANS_WRITE           ; 70    ; Signed Integer                                                                                                      ;
; PKT_TRANS_READ            ; 0     ; Signed Integer                                                                                                      ;
; ST_DATA_W                 ; 108   ; Signed Integer                                                                                                      ;
; ST_CHANNEL_W              ; 11    ; Signed Integer                                                                                                      ;
; MAX_OUTSTANDING_RESPONSES ; 2     ; Signed Integer                                                                                                      ;
; PIPELINED                 ; 0     ; Signed Integer                                                                                                      ;
; ENFORCE_ORDER             ; 1     ; Signed Integer                                                                                                      ;
; VALID_WIDTH               ; 11    ; Signed Integer                                                                                                      ;
; PREVENT_HAZARDS           ; 0     ; Signed Integer                                                                                                      ;
; SUPPORTS_POSTED_WRITES    ; 1     ; Signed Integer                                                                                                      ;
; SUPPORTS_NONPOSTED_WRITES ; 0     ; Signed Integer                                                                                                      ;
; REORDER                   ; 0     ; Signed Integer                                                                                                      ;
+---------------------------+-------+---------------------------------------------------------------------------------------------------------------------+
Note: In order to hide this table in the UI and the text report file, please set the "Show Parameter Settings in Synthesis Report" option in "Analysis and Synthesis Settings -> More Settings" to "Off".


+-----------------------------------------------------------------------------------------------------------------------------------------------------------+
; Parameter Settings for User Entity Instance: Lab3_mm_interconnect_0:mm_interconnect_0|Lab3_mm_interconnect_0_cmd_mux:cmd_mux|altera_merlin_arbitrator:arb ;
+----------------+-------------+----------------------------------------------------------------------------------------------------------------------------+
; Parameter Name ; Value       ; Type                                                                                                                       ;
+----------------+-------------+----------------------------------------------------------------------------------------------------------------------------+
; NUM_REQUESTERS ; 2           ; Signed Integer                                                                                                             ;
; SCHEME         ; round-robin ; String                                                                                                                     ;
; PIPELINE       ; 1           ; Signed Integer                                                                                                             ;
+----------------+-------------+----------------------------------------------------------------------------------------------------------------------------+
Note: In order to hide this table in the UI and the text report file, please set the "Show Parameter Settings in Synthesis Report" option in "Analysis and Synthesis Settings -> More Settings" to "Off".


+-----------------------------------------------------------------------------------------------------------------------------------------------------------------------------------------+
; Parameter Settings for User Entity Instance: Lab3_mm_interconnect_0:mm_interconnect_0|Lab3_mm_interconnect_0_cmd_mux:cmd_mux|altera_merlin_arbitrator:arb|altera_merlin_arb_adder:adder ;
+----------------+-------+----------------------------------------------------------------------------------------------------------------------------------------------------------------+
; Parameter Name ; Value ; Type                                                                                                                                                           ;
+----------------+-------+----------------------------------------------------------------------------------------------------------------------------------------------------------------+
; WIDTH          ; 4     ; Signed Integer                                                                                                                                                 ;
+----------------+-------+----------------------------------------------------------------------------------------------------------------------------------------------------------------+
Note: In order to hide this table in the UI and the text report file, please set the "Show Parameter Settings in Synthesis Report" option in "Analysis and Synthesis Settings -> More Settings" to "Off".


+-------------------------------------------------------------------------------------------------------------------------------------------------------------------+
; Parameter Settings for User Entity Instance: Lab3_mm_interconnect_0:mm_interconnect_0|Lab3_mm_interconnect_0_cmd_mux_001:cmd_mux_001|altera_merlin_arbitrator:arb ;
+----------------+-------------+------------------------------------------------------------------------------------------------------------------------------------+
; Parameter Name ; Value       ; Type                                                                                                                               ;
+----------------+-------------+------------------------------------------------------------------------------------------------------------------------------------+
; NUM_REQUESTERS ; 4           ; Signed Integer                                                                                                                     ;
; SCHEME         ; round-robin ; String                                                                                                                             ;
; PIPELINE       ; 1           ; Signed Integer                                                                                                                     ;
+----------------+-------------+------------------------------------------------------------------------------------------------------------------------------------+
Note: In order to hide this table in the UI and the text report file, please set the "Show Parameter Settings in Synthesis Report" option in "Analysis and Synthesis Settings -> More Settings" to "Off".


+-------------------------------------------------------------------------------------------------------------------------------------------------------------------------------------------------+
; Parameter Settings for User Entity Instance: Lab3_mm_interconnect_0:mm_interconnect_0|Lab3_mm_interconnect_0_cmd_mux_001:cmd_mux_001|altera_merlin_arbitrator:arb|altera_merlin_arb_adder:adder ;
+----------------+-------+------------------------------------------------------------------------------------------------------------------------------------------------------------------------+
; Parameter Name ; Value ; Type                                                                                                                                                                   ;
+----------------+-------+------------------------------------------------------------------------------------------------------------------------------------------------------------------------+
; WIDTH          ; 8     ; Signed Integer                                                                                                                                                         ;
+----------------+-------+------------------------------------------------------------------------------------------------------------------------------------------------------------------------+
Note: In order to hide this table in the UI and the text report file, please set the "Show Parameter Settings in Synthesis Report" option in "Analysis and Synthesis Settings -> More Settings" to "Off".


+-------------------------------------------------------------------------------------------------------------------------------------------------------------------+
; Parameter Settings for User Entity Instance: Lab3_mm_interconnect_0:mm_interconnect_0|Lab3_mm_interconnect_0_cmd_mux_001:cmd_mux_002|altera_merlin_arbitrator:arb ;
+----------------+-------------+------------------------------------------------------------------------------------------------------------------------------------+
; Parameter Name ; Value       ; Type                                                                                                                               ;
+----------------+-------------+------------------------------------------------------------------------------------------------------------------------------------+
; NUM_REQUESTERS ; 4           ; Signed Integer                                                                                                                     ;
; SCHEME         ; round-robin ; String                                                                                                                             ;
; PIPELINE       ; 1           ; Signed Integer                                                                                                                     ;
+----------------+-------------+------------------------------------------------------------------------------------------------------------------------------------+
Note: In order to hide this table in the UI and the text report file, please set the "Show Parameter Settings in Synthesis Report" option in "Analysis and Synthesis Settings -> More Settings" to "Off".


+-------------------------------------------------------------------------------------------------------------------------------------------------------------------------------------------------+
; Parameter Settings for User Entity Instance: Lab3_mm_interconnect_0:mm_interconnect_0|Lab3_mm_interconnect_0_cmd_mux_001:cmd_mux_002|altera_merlin_arbitrator:arb|altera_merlin_arb_adder:adder ;
+----------------+-------+------------------------------------------------------------------------------------------------------------------------------------------------------------------------+
; Parameter Name ; Value ; Type                                                                                                                                                                   ;
+----------------+-------+------------------------------------------------------------------------------------------------------------------------------------------------------------------------+
; WIDTH          ; 8     ; Signed Integer                                                                                                                                                         ;
+----------------+-------+------------------------------------------------------------------------------------------------------------------------------------------------------------------------+
Note: In order to hide this table in the UI and the text report file, please set the "Show Parameter Settings in Synthesis Report" option in "Analysis and Synthesis Settings -> More Settings" to "Off".


+---------------------------------------------------------------------------------------------------------------------------------------------------------------+
; Parameter Settings for User Entity Instance: Lab3_mm_interconnect_0:mm_interconnect_0|Lab3_mm_interconnect_0_cmd_mux:cmd_mux_003|altera_merlin_arbitrator:arb ;
+----------------+-------------+--------------------------------------------------------------------------------------------------------------------------------+
; Parameter Name ; Value       ; Type                                                                                                                           ;
+----------------+-------------+--------------------------------------------------------------------------------------------------------------------------------+
; NUM_REQUESTERS ; 2           ; Signed Integer                                                                                                                 ;
; SCHEME         ; round-robin ; String                                                                                                                         ;
; PIPELINE       ; 1           ; Signed Integer                                                                                                                 ;
+----------------+-------------+--------------------------------------------------------------------------------------------------------------------------------+
Note: In order to hide this table in the UI and the text report file, please set the "Show Parameter Settings in Synthesis Report" option in "Analysis and Synthesis Settings -> More Settings" to "Off".


+---------------------------------------------------------------------------------------------------------------------------------------------------------------------------------------------+
; Parameter Settings for User Entity Instance: Lab3_mm_interconnect_0:mm_interconnect_0|Lab3_mm_interconnect_0_cmd_mux:cmd_mux_003|altera_merlin_arbitrator:arb|altera_merlin_arb_adder:adder ;
+----------------+-------+--------------------------------------------------------------------------------------------------------------------------------------------------------------------+
; Parameter Name ; Value ; Type                                                                                                                                                               ;
+----------------+-------+--------------------------------------------------------------------------------------------------------------------------------------------------------------------+
; WIDTH          ; 4     ; Signed Integer                                                                                                                                                     ;
+----------------+-------+--------------------------------------------------------------------------------------------------------------------------------------------------------------------+
Note: In order to hide this table in the UI and the text report file, please set the "Show Parameter Settings in Synthesis Report" option in "Analysis and Synthesis Settings -> More Settings" to "Off".


+---------------------------------------------------------------------------------------------------------------------------------------------------------------+
; Parameter Settings for User Entity Instance: Lab3_mm_interconnect_0:mm_interconnect_0|Lab3_mm_interconnect_0_cmd_mux:cmd_mux_004|altera_merlin_arbitrator:arb ;
+----------------+-------------+--------------------------------------------------------------------------------------------------------------------------------+
; Parameter Name ; Value       ; Type                                                                                                                           ;
+----------------+-------------+--------------------------------------------------------------------------------------------------------------------------------+
; NUM_REQUESTERS ; 2           ; Signed Integer                                                                                                                 ;
; SCHEME         ; round-robin ; String                                                                                                                         ;
; PIPELINE       ; 1           ; Signed Integer                                                                                                                 ;
+----------------+-------------+--------------------------------------------------------------------------------------------------------------------------------+
Note: In order to hide this table in the UI and the text report file, please set the "Show Parameter Settings in Synthesis Report" option in "Analysis and Synthesis Settings -> More Settings" to "Off".


+---------------------------------------------------------------------------------------------------------------------------------------------------------------------------------------------+
; Parameter Settings for User Entity Instance: Lab3_mm_interconnect_0:mm_interconnect_0|Lab3_mm_interconnect_0_cmd_mux:cmd_mux_004|altera_merlin_arbitrator:arb|altera_merlin_arb_adder:adder ;
+----------------+-------+--------------------------------------------------------------------------------------------------------------------------------------------------------------------+
; Parameter Name ; Value ; Type                                                                                                                                                               ;
+----------------+-------+--------------------------------------------------------------------------------------------------------------------------------------------------------------------+
; WIDTH          ; 4     ; Signed Integer                                                                                                                                                     ;
+----------------+-------+--------------------------------------------------------------------------------------------------------------------------------------------------------------------+
Note: In order to hide this table in the UI and the text report file, please set the "Show Parameter Settings in Synthesis Report" option in "Analysis and Synthesis Settings -> More Settings" to "Off".


+---------------------------------------------------------------------------------------------------------------------------------------------------------------+
; Parameter Settings for User Entity Instance: Lab3_mm_interconnect_0:mm_interconnect_0|Lab3_mm_interconnect_0_cmd_mux:cmd_mux_005|altera_merlin_arbitrator:arb ;
+----------------+-------------+--------------------------------------------------------------------------------------------------------------------------------+
; Parameter Name ; Value       ; Type                                                                                                                           ;
+----------------+-------------+--------------------------------------------------------------------------------------------------------------------------------+
; NUM_REQUESTERS ; 2           ; Signed Integer                                                                                                                 ;
; SCHEME         ; round-robin ; String                                                                                                                         ;
; PIPELINE       ; 1           ; Signed Integer                                                                                                                 ;
+----------------+-------------+--------------------------------------------------------------------------------------------------------------------------------+
Note: In order to hide this table in the UI and the text report file, please set the "Show Parameter Settings in Synthesis Report" option in "Analysis and Synthesis Settings -> More Settings" to "Off".


+---------------------------------------------------------------------------------------------------------------------------------------------------------------------------------------------+
; Parameter Settings for User Entity Instance: Lab3_mm_interconnect_0:mm_interconnect_0|Lab3_mm_interconnect_0_cmd_mux:cmd_mux_005|altera_merlin_arbitrator:arb|altera_merlin_arb_adder:adder ;
+----------------+-------+--------------------------------------------------------------------------------------------------------------------------------------------------------------------+
; Parameter Name ; Value ; Type                                                                                                                                                               ;
+----------------+-------+--------------------------------------------------------------------------------------------------------------------------------------------------------------------+
; WIDTH          ; 4     ; Signed Integer                                                                                                                                                     ;
+----------------+-------+--------------------------------------------------------------------------------------------------------------------------------------------------------------------+
Note: In order to hide this table in the UI and the text report file, please set the "Show Parameter Settings in Synthesis Report" option in "Analysis and Synthesis Settings -> More Settings" to "Off".


+---------------------------------------------------------------------------------------------------------------------------------------------------------------+
; Parameter Settings for User Entity Instance: Lab3_mm_interconnect_0:mm_interconnect_0|Lab3_mm_interconnect_0_cmd_mux:cmd_mux_006|altera_merlin_arbitrator:arb ;
+----------------+-------------+--------------------------------------------------------------------------------------------------------------------------------+
; Parameter Name ; Value       ; Type                                                                                                                           ;
+----------------+-------------+--------------------------------------------------------------------------------------------------------------------------------+
; NUM_REQUESTERS ; 2           ; Signed Integer                                                                                                                 ;
; SCHEME         ; round-robin ; String                                                                                                                         ;
; PIPELINE       ; 1           ; Signed Integer                                                                                                                 ;
+----------------+-------------+--------------------------------------------------------------------------------------------------------------------------------+
Note: In order to hide this table in the UI and the text report file, please set the "Show Parameter Settings in Synthesis Report" option in "Analysis and Synthesis Settings -> More Settings" to "Off".


+---------------------------------------------------------------------------------------------------------------------------------------------------------------------------------------------+
; Parameter Settings for User Entity Instance: Lab3_mm_interconnect_0:mm_interconnect_0|Lab3_mm_interconnect_0_cmd_mux:cmd_mux_006|altera_merlin_arbitrator:arb|altera_merlin_arb_adder:adder ;
+----------------+-------+--------------------------------------------------------------------------------------------------------------------------------------------------------------------+
; Parameter Name ; Value ; Type                                                                                                                                                               ;
+----------------+-------+--------------------------------------------------------------------------------------------------------------------------------------------------------------------+
; WIDTH          ; 4     ; Signed Integer                                                                                                                                                     ;
+----------------+-------+--------------------------------------------------------------------------------------------------------------------------------------------------------------------+
Note: In order to hide this table in the UI and the text report file, please set the "Show Parameter Settings in Synthesis Report" option in "Analysis and Synthesis Settings -> More Settings" to "Off".


+---------------------------------------------------------------------------------------------------------------------------------------------------------------+
; Parameter Settings for User Entity Instance: Lab3_mm_interconnect_0:mm_interconnect_0|Lab3_mm_interconnect_0_cmd_mux:cmd_mux_007|altera_merlin_arbitrator:arb ;
+----------------+-------------+--------------------------------------------------------------------------------------------------------------------------------+
; Parameter Name ; Value       ; Type                                                                                                                           ;
+----------------+-------------+--------------------------------------------------------------------------------------------------------------------------------+
; NUM_REQUESTERS ; 2           ; Signed Integer                                                                                                                 ;
; SCHEME         ; round-robin ; String                                                                                                                         ;
; PIPELINE       ; 1           ; Signed Integer                                                                                                                 ;
+----------------+-------------+--------------------------------------------------------------------------------------------------------------------------------+
Note: In order to hide this table in the UI and the text report file, please set the "Show Parameter Settings in Synthesis Report" option in "Analysis and Synthesis Settings -> More Settings" to "Off".


+---------------------------------------------------------------------------------------------------------------------------------------------------------------------------------------------+
; Parameter Settings for User Entity Instance: Lab3_mm_interconnect_0:mm_interconnect_0|Lab3_mm_interconnect_0_cmd_mux:cmd_mux_007|altera_merlin_arbitrator:arb|altera_merlin_arb_adder:adder ;
+----------------+-------+--------------------------------------------------------------------------------------------------------------------------------------------------------------------+
; Parameter Name ; Value ; Type                                                                                                                                                               ;
+----------------+-------+--------------------------------------------------------------------------------------------------------------------------------------------------------------------+
; WIDTH          ; 4     ; Signed Integer                                                                                                                                                     ;
+----------------+-------+--------------------------------------------------------------------------------------------------------------------------------------------------------------------+
Note: In order to hide this table in the UI and the text report file, please set the "Show Parameter Settings in Synthesis Report" option in "Analysis and Synthesis Settings -> More Settings" to "Off".


+---------------------------------------------------------------------------------------------------------------------------------------------------------------+
; Parameter Settings for User Entity Instance: Lab3_mm_interconnect_0:mm_interconnect_0|Lab3_mm_interconnect_0_cmd_mux:cmd_mux_008|altera_merlin_arbitrator:arb ;
+----------------+-------------+--------------------------------------------------------------------------------------------------------------------------------+
; Parameter Name ; Value       ; Type                                                                                                                           ;
+----------------+-------------+--------------------------------------------------------------------------------------------------------------------------------+
; NUM_REQUESTERS ; 2           ; Signed Integer                                                                                                                 ;
; SCHEME         ; round-robin ; String                                                                                                                         ;
; PIPELINE       ; 1           ; Signed Integer                                                                                                                 ;
+----------------+-------------+--------------------------------------------------------------------------------------------------------------------------------+
Note: In order to hide this table in the UI and the text report file, please set the "Show Parameter Settings in Synthesis Report" option in "Analysis and Synthesis Settings -> More Settings" to "Off".


+---------------------------------------------------------------------------------------------------------------------------------------------------------------------------------------------+
; Parameter Settings for User Entity Instance: Lab3_mm_interconnect_0:mm_interconnect_0|Lab3_mm_interconnect_0_cmd_mux:cmd_mux_008|altera_merlin_arbitrator:arb|altera_merlin_arb_adder:adder ;
+----------------+-------+--------------------------------------------------------------------------------------------------------------------------------------------------------------------+
; Parameter Name ; Value ; Type                                                                                                                                                               ;
+----------------+-------+--------------------------------------------------------------------------------------------------------------------------------------------------------------------+
; WIDTH          ; 4     ; Signed Integer                                                                                                                                                     ;
+----------------+-------+--------------------------------------------------------------------------------------------------------------------------------------------------------------------+
Note: In order to hide this table in the UI and the text report file, please set the "Show Parameter Settings in Synthesis Report" option in "Analysis and Synthesis Settings -> More Settings" to "Off".


+---------------------------------------------------------------------------------------------------------------------------------------------------------------+
; Parameter Settings for User Entity Instance: Lab3_mm_interconnect_0:mm_interconnect_0|Lab3_mm_interconnect_0_cmd_mux:cmd_mux_009|altera_merlin_arbitrator:arb ;
+----------------+-------------+--------------------------------------------------------------------------------------------------------------------------------+
; Parameter Name ; Value       ; Type                                                                                                                           ;
+----------------+-------------+--------------------------------------------------------------------------------------------------------------------------------+
; NUM_REQUESTERS ; 2           ; Signed Integer                                                                                                                 ;
; SCHEME         ; round-robin ; String                                                                                                                         ;
; PIPELINE       ; 1           ; Signed Integer                                                                                                                 ;
+----------------+-------------+--------------------------------------------------------------------------------------------------------------------------------+
Note: In order to hide this table in the UI and the text report file, please set the "Show Parameter Settings in Synthesis Report" option in "Analysis and Synthesis Settings -> More Settings" to "Off".


+---------------------------------------------------------------------------------------------------------------------------------------------------------------------------------------------+
; Parameter Settings for User Entity Instance: Lab3_mm_interconnect_0:mm_interconnect_0|Lab3_mm_interconnect_0_cmd_mux:cmd_mux_009|altera_merlin_arbitrator:arb|altera_merlin_arb_adder:adder ;
+----------------+-------+--------------------------------------------------------------------------------------------------------------------------------------------------------------------+
; Parameter Name ; Value ; Type                                                                                                                                                               ;
+----------------+-------+--------------------------------------------------------------------------------------------------------------------------------------------------------------------+
; WIDTH          ; 4     ; Signed Integer                                                                                                                                                     ;
+----------------+-------+--------------------------------------------------------------------------------------------------------------------------------------------------------------------+
Note: In order to hide this table in the UI and the text report file, please set the "Show Parameter Settings in Synthesis Report" option in "Analysis and Synthesis Settings -> More Settings" to "Off".


+---------------------------------------------------------------------------------------------------------------------------------------------------------------+
; Parameter Settings for User Entity Instance: Lab3_mm_interconnect_0:mm_interconnect_0|Lab3_mm_interconnect_0_cmd_mux:cmd_mux_010|altera_merlin_arbitrator:arb ;
+----------------+-------------+--------------------------------------------------------------------------------------------------------------------------------+
; Parameter Name ; Value       ; Type                                                                                                                           ;
+----------------+-------------+--------------------------------------------------------------------------------------------------------------------------------+
; NUM_REQUESTERS ; 2           ; Signed Integer                                                                                                                 ;
; SCHEME         ; round-robin ; String                                                                                                                         ;
; PIPELINE       ; 1           ; Signed Integer                                                                                                                 ;
+----------------+-------------+--------------------------------------------------------------------------------------------------------------------------------+
Note: In order to hide this table in the UI and the text report file, please set the "Show Parameter Settings in Synthesis Report" option in "Analysis and Synthesis Settings -> More Settings" to "Off".


+---------------------------------------------------------------------------------------------------------------------------------------------------------------------------------------------+
; Parameter Settings for User Entity Instance: Lab3_mm_interconnect_0:mm_interconnect_0|Lab3_mm_interconnect_0_cmd_mux:cmd_mux_010|altera_merlin_arbitrator:arb|altera_merlin_arb_adder:adder ;
+----------------+-------+--------------------------------------------------------------------------------------------------------------------------------------------------------------------+
; Parameter Name ; Value ; Type                                                                                                                                                               ;
+----------------+-------+--------------------------------------------------------------------------------------------------------------------------------------------------------------------+
; WIDTH          ; 4     ; Signed Integer                                                                                                                                                     ;
+----------------+-------+--------------------------------------------------------------------------------------------------------------------------------------------------------------------+
Note: In order to hide this table in the UI and the text report file, please set the "Show Parameter Settings in Synthesis Report" option in "Analysis and Synthesis Settings -> More Settings" to "Off".


+-----------------------------------------------------------------------------------------------------------------------------------------------------------+
; Parameter Settings for User Entity Instance: Lab3_mm_interconnect_0:mm_interconnect_0|Lab3_mm_interconnect_0_rsp_mux:rsp_mux|altera_merlin_arbitrator:arb ;
+----------------+--------+---------------------------------------------------------------------------------------------------------------------------------+
; Parameter Name ; Value  ; Type                                                                                                                            ;
+----------------+--------+---------------------------------------------------------------------------------------------------------------------------------+
; NUM_REQUESTERS ; 11     ; Signed Integer                                                                                                                  ;
; SCHEME         ; no-arb ; String                                                                                                                          ;
; PIPELINE       ; 0      ; Signed Integer                                                                                                                  ;
+----------------+--------+---------------------------------------------------------------------------------------------------------------------------------+
Note: In order to hide this table in the UI and the text report file, please set the "Show Parameter Settings in Synthesis Report" option in "Analysis and Synthesis Settings -> More Settings" to "Off".


+-----------------------------------------------------------------------------------------------------------------------------------------------------------------------------------------+
; Parameter Settings for User Entity Instance: Lab3_mm_interconnect_0:mm_interconnect_0|Lab3_mm_interconnect_0_rsp_mux:rsp_mux|altera_merlin_arbitrator:arb|altera_merlin_arb_adder:adder ;
+----------------+-------+----------------------------------------------------------------------------------------------------------------------------------------------------------------+
; Parameter Name ; Value ; Type                                                                                                                                                           ;
+----------------+-------+----------------------------------------------------------------------------------------------------------------------------------------------------------------+
; WIDTH          ; 22    ; Signed Integer                                                                                                                                                 ;
+----------------+-------+----------------------------------------------------------------------------------------------------------------------------------------------------------------+
Note: In order to hide this table in the UI and the text report file, please set the "Show Parameter Settings in Synthesis Report" option in "Analysis and Synthesis Settings -> More Settings" to "Off".


+---------------------------------------------------------------------------------------------------------------------------------------------------------------+
; Parameter Settings for User Entity Instance: Lab3_mm_interconnect_0:mm_interconnect_0|Lab3_mm_interconnect_0_rsp_mux:rsp_mux_001|altera_merlin_arbitrator:arb ;
+----------------+--------+-------------------------------------------------------------------------------------------------------------------------------------+
; Parameter Name ; Value  ; Type                                                                                                                                ;
+----------------+--------+-------------------------------------------------------------------------------------------------------------------------------------+
; NUM_REQUESTERS ; 11     ; Signed Integer                                                                                                                      ;
; SCHEME         ; no-arb ; String                                                                                                                              ;
; PIPELINE       ; 0      ; Signed Integer                                                                                                                      ;
+----------------+--------+-------------------------------------------------------------------------------------------------------------------------------------+
Note: In order to hide this table in the UI and the text report file, please set the "Show Parameter Settings in Synthesis Report" option in "Analysis and Synthesis Settings -> More Settings" to "Off".


+---------------------------------------------------------------------------------------------------------------------------------------------------------------------------------------------+
; Parameter Settings for User Entity Instance: Lab3_mm_interconnect_0:mm_interconnect_0|Lab3_mm_interconnect_0_rsp_mux:rsp_mux_001|altera_merlin_arbitrator:arb|altera_merlin_arb_adder:adder ;
+----------------+-------+--------------------------------------------------------------------------------------------------------------------------------------------------------------------+
; Parameter Name ; Value ; Type                                                                                                                                                               ;
+----------------+-------+--------------------------------------------------------------------------------------------------------------------------------------------------------------------+
; WIDTH          ; 22    ; Signed Integer                                                                                                                                                     ;
+----------------+-------+--------------------------------------------------------------------------------------------------------------------------------------------------------------------+
Note: In order to hide this table in the UI and the text report file, please set the "Show Parameter Settings in Synthesis Report" option in "Analysis and Synthesis Settings -> More Settings" to "Off".


+-------------------------------------------------------------------------------------------------------------------------------------------------------------------+
; Parameter Settings for User Entity Instance: Lab3_mm_interconnect_0:mm_interconnect_0|Lab3_mm_interconnect_0_rsp_mux_002:rsp_mux_002|altera_merlin_arbitrator:arb ;
+----------------+--------+-----------------------------------------------------------------------------------------------------------------------------------------+
; Parameter Name ; Value  ; Type                                                                                                                                    ;
+----------------+--------+-----------------------------------------------------------------------------------------------------------------------------------------+
; NUM_REQUESTERS ; 2      ; Signed Integer                                                                                                                          ;
; SCHEME         ; no-arb ; String                                                                                                                                  ;
; PIPELINE       ; 0      ; Signed Integer                                                                                                                          ;
+----------------+--------+-----------------------------------------------------------------------------------------------------------------------------------------+
Note: In order to hide this table in the UI and the text report file, please set the "Show Parameter Settings in Synthesis Report" option in "Analysis and Synthesis Settings -> More Settings" to "Off".


+-------------------------------------------------------------------------------------------------------------------------------------------------------------------------------------------------+
; Parameter Settings for User Entity Instance: Lab3_mm_interconnect_0:mm_interconnect_0|Lab3_mm_interconnect_0_rsp_mux_002:rsp_mux_002|altera_merlin_arbitrator:arb|altera_merlin_arb_adder:adder ;
+----------------+-------+------------------------------------------------------------------------------------------------------------------------------------------------------------------------+
; Parameter Name ; Value ; Type                                                                                                                                                                   ;
+----------------+-------+------------------------------------------------------------------------------------------------------------------------------------------------------------------------+
; WIDTH          ; 4     ; Signed Integer                                                                                                                                                         ;
+----------------+-------+------------------------------------------------------------------------------------------------------------------------------------------------------------------------+
Note: In order to hide this table in the UI and the text report file, please set the "Show Parameter Settings in Synthesis Report" option in "Analysis and Synthesis Settings -> More Settings" to "Off".


+-------------------------------------------------------------------------------------------------------------------------------------------------------------------+
; Parameter Settings for User Entity Instance: Lab3_mm_interconnect_0:mm_interconnect_0|Lab3_mm_interconnect_0_rsp_mux_002:rsp_mux_003|altera_merlin_arbitrator:arb ;
+----------------+--------+-----------------------------------------------------------------------------------------------------------------------------------------+
; Parameter Name ; Value  ; Type                                                                                                                                    ;
+----------------+--------+-----------------------------------------------------------------------------------------------------------------------------------------+
; NUM_REQUESTERS ; 2      ; Signed Integer                                                                                                                          ;
; SCHEME         ; no-arb ; String                                                                                                                                  ;
; PIPELINE       ; 0      ; Signed Integer                                                                                                                          ;
+----------------+--------+-----------------------------------------------------------------------------------------------------------------------------------------+
Note: In order to hide this table in the UI and the text report file, please set the "Show Parameter Settings in Synthesis Report" option in "Analysis and Synthesis Settings -> More Settings" to "Off".


+-------------------------------------------------------------------------------------------------------------------------------------------------------------------------------------------------+
; Parameter Settings for User Entity Instance: Lab3_mm_interconnect_0:mm_interconnect_0|Lab3_mm_interconnect_0_rsp_mux_002:rsp_mux_003|altera_merlin_arbitrator:arb|altera_merlin_arb_adder:adder ;
+----------------+-------+------------------------------------------------------------------------------------------------------------------------------------------------------------------------+
; Parameter Name ; Value ; Type                                                                                                                                                                   ;
+----------------+-------+------------------------------------------------------------------------------------------------------------------------------------------------------------------------+
; WIDTH          ; 4     ; Signed Integer                                                                                                                                                         ;
+----------------+-------+------------------------------------------------------------------------------------------------------------------------------------------------------------------------+
Note: In order to hide this table in the UI and the text report file, please set the "Show Parameter Settings in Synthesis Report" option in "Analysis and Synthesis Settings -> More Settings" to "Off".


+--------------------------------------------------------------------------------------------------------------------------------------------------+
; Parameter Settings for User Entity Instance: Lab3_mm_interconnect_0:mm_interconnect_0|Lab3_mm_interconnect_0_avalon_st_adapter:avalon_st_adapter ;
+-----------------+-------+------------------------------------------------------------------------------------------------------------------------+
; Parameter Name  ; Value ; Type                                                                                                                   ;
+-----------------+-------+------------------------------------------------------------------------------------------------------------------------+
; inBitsPerSymbol ; 34    ; Signed Integer                                                                                                         ;
; inUsePackets    ; 0     ; Signed Integer                                                                                                         ;
; inDataWidth     ; 34    ; Signed Integer                                                                                                         ;
; inChannelWidth  ; 0     ; Signed Integer                                                                                                         ;
; inErrorWidth    ; 0     ; Signed Integer                                                                                                         ;
; inUseEmptyPort  ; 0     ; Signed Integer                                                                                                         ;
; inUseValid      ; 1     ; Signed Integer                                                                                                         ;
; inUseReady      ; 1     ; Signed Integer                                                                                                         ;
; inReadyLatency  ; 0     ; Signed Integer                                                                                                         ;
; outDataWidth    ; 34    ; Signed Integer                                                                                                         ;
; outChannelWidth ; 0     ; Signed Integer                                                                                                         ;
; outErrorWidth   ; 1     ; Signed Integer                                                                                                         ;
; outUseEmptyPort ; 0     ; Signed Integer                                                                                                         ;
; outUseValid     ; 1     ; Signed Integer                                                                                                         ;
; outUseReady     ; 1     ; Signed Integer                                                                                                         ;
; outReadyLatency ; 0     ; Signed Integer                                                                                                         ;
+-----------------+-------+------------------------------------------------------------------------------------------------------------------------+
Note: In order to hide this table in the UI and the text report file, please set the "Show Parameter Settings in Synthesis Report" option in "Analysis and Synthesis Settings -> More Settings" to "Off".


+------------------------------------------------------------------------------------------------------------------------------------------------------+
; Parameter Settings for User Entity Instance: Lab3_mm_interconnect_0:mm_interconnect_0|Lab3_mm_interconnect_0_avalon_st_adapter:avalon_st_adapter_001 ;
+-----------------+-------+----------------------------------------------------------------------------------------------------------------------------+
; Parameter Name  ; Value ; Type                                                                                                                       ;
+-----------------+-------+----------------------------------------------------------------------------------------------------------------------------+
; inBitsPerSymbol ; 34    ; Signed Integer                                                                                                             ;
; inUsePackets    ; 0     ; Signed Integer                                                                                                             ;
; inDataWidth     ; 34    ; Signed Integer                                                                                                             ;
; inChannelWidth  ; 0     ; Signed Integer                                                                                                             ;
; inErrorWidth    ; 0     ; Signed Integer                                                                                                             ;
; inUseEmptyPort  ; 0     ; Signed Integer                                                                                                             ;
; inUseValid      ; 1     ; Signed Integer                                                                                                             ;
; inUseReady      ; 1     ; Signed Integer                                                                                                             ;
; inReadyLatency  ; 0     ; Signed Integer                                                                                                             ;
; outDataWidth    ; 34    ; Signed Integer                                                                                                             ;
; outChannelWidth ; 0     ; Signed Integer                                                                                                             ;
; outErrorWidth   ; 1     ; Signed Integer                                                                                                             ;
; outUseEmptyPort ; 0     ; Signed Integer                                                                                                             ;
; outUseValid     ; 1     ; Signed Integer                                                                                                             ;
; outUseReady     ; 1     ; Signed Integer                                                                                                             ;
; outReadyLatency ; 0     ; Signed Integer                                                                                                             ;
+-----------------+-------+----------------------------------------------------------------------------------------------------------------------------+
Note: In order to hide this table in the UI and the text report file, please set the "Show Parameter Settings in Synthesis Report" option in "Analysis and Synthesis Settings -> More Settings" to "Off".


+------------------------------------------------------------------------------------------------------------------------------------------------------+
; Parameter Settings for User Entity Instance: Lab3_mm_interconnect_0:mm_interconnect_0|Lab3_mm_interconnect_0_avalon_st_adapter:avalon_st_adapter_002 ;
+-----------------+-------+----------------------------------------------------------------------------------------------------------------------------+
; Parameter Name  ; Value ; Type                                                                                                                       ;
+-----------------+-------+----------------------------------------------------------------------------------------------------------------------------+
; inBitsPerSymbol ; 34    ; Signed Integer                                                                                                             ;
; inUsePackets    ; 0     ; Signed Integer                                                                                                             ;
; inDataWidth     ; 34    ; Signed Integer                                                                                                             ;
; inChannelWidth  ; 0     ; Signed Integer                                                                                                             ;
; inErrorWidth    ; 0     ; Signed Integer                                                                                                             ;
; inUseEmptyPort  ; 0     ; Signed Integer                                                                                                             ;
; inUseValid      ; 1     ; Signed Integer                                                                                                             ;
; inUseReady      ; 1     ; Signed Integer                                                                                                             ;
; inReadyLatency  ; 0     ; Signed Integer                                                                                                             ;
; outDataWidth    ; 34    ; Signed Integer                                                                                                             ;
; outChannelWidth ; 0     ; Signed Integer                                                                                                             ;
; outErrorWidth   ; 1     ; Signed Integer                                                                                                             ;
; outUseEmptyPort ; 0     ; Signed Integer                                                                                                             ;
; outUseValid     ; 1     ; Signed Integer                                                                                                             ;
; outUseReady     ; 1     ; Signed Integer                                                                                                             ;
; outReadyLatency ; 0     ; Signed Integer                                                                                                             ;
+-----------------+-------+----------------------------------------------------------------------------------------------------------------------------+
Note: In order to hide this table in the UI and the text report file, please set the "Show Parameter Settings in Synthesis Report" option in "Analysis and Synthesis Settings -> More Settings" to "Off".


+------------------------------------------------------------------------------------------------------------------------------------------------------+
; Parameter Settings for User Entity Instance: Lab3_mm_interconnect_0:mm_interconnect_0|Lab3_mm_interconnect_0_avalon_st_adapter:avalon_st_adapter_003 ;
+-----------------+-------+----------------------------------------------------------------------------------------------------------------------------+
; Parameter Name  ; Value ; Type                                                                                                                       ;
+-----------------+-------+----------------------------------------------------------------------------------------------------------------------------+
; inBitsPerSymbol ; 34    ; Signed Integer                                                                                                             ;
; inUsePackets    ; 0     ; Signed Integer                                                                                                             ;
; inDataWidth     ; 34    ; Signed Integer                                                                                                             ;
; inChannelWidth  ; 0     ; Signed Integer                                                                                                             ;
; inErrorWidth    ; 0     ; Signed Integer                                                                                                             ;
; inUseEmptyPort  ; 0     ; Signed Integer                                                                                                             ;
; inUseValid      ; 1     ; Signed Integer                                                                                                             ;
; inUseReady      ; 1     ; Signed Integer                                                                                                             ;
; inReadyLatency  ; 0     ; Signed Integer                                                                                                             ;
; outDataWidth    ; 34    ; Signed Integer                                                                                                             ;
; outChannelWidth ; 0     ; Signed Integer                                                                                                             ;
; outErrorWidth   ; 1     ; Signed Integer                                                                                                             ;
; outUseEmptyPort ; 0     ; Signed Integer                                                                                                             ;
; outUseValid     ; 1     ; Signed Integer                                                                                                             ;
; outUseReady     ; 1     ; Signed Integer                                                                                                             ;
; outReadyLatency ; 0     ; Signed Integer                                                                                                             ;
+-----------------+-------+----------------------------------------------------------------------------------------------------------------------------+
Note: In order to hide this table in the UI and the text report file, please set the "Show Parameter Settings in Synthesis Report" option in "Analysis and Synthesis Settings -> More Settings" to "Off".


+------------------------------------------------------------------------------------------------------------------------------------------------------+
; Parameter Settings for User Entity Instance: Lab3_mm_interconnect_0:mm_interconnect_0|Lab3_mm_interconnect_0_avalon_st_adapter:avalon_st_adapter_004 ;
+-----------------+-------+----------------------------------------------------------------------------------------------------------------------------+
; Parameter Name  ; Value ; Type                                                                                                                       ;
+-----------------+-------+----------------------------------------------------------------------------------------------------------------------------+
; inBitsPerSymbol ; 34    ; Signed Integer                                                                                                             ;
; inUsePackets    ; 0     ; Signed Integer                                                                                                             ;
; inDataWidth     ; 34    ; Signed Integer                                                                                                             ;
; inChannelWidth  ; 0     ; Signed Integer                                                                                                             ;
; inErrorWidth    ; 0     ; Signed Integer                                                                                                             ;
; inUseEmptyPort  ; 0     ; Signed Integer                                                                                                             ;
; inUseValid      ; 1     ; Signed Integer                                                                                                             ;
; inUseReady      ; 1     ; Signed Integer                                                                                                             ;
; inReadyLatency  ; 0     ; Signed Integer                                                                                                             ;
; outDataWidth    ; 34    ; Signed Integer                                                                                                             ;
; outChannelWidth ; 0     ; Signed Integer                                                                                                             ;
; outErrorWidth   ; 1     ; Signed Integer                                                                                                             ;
; outUseEmptyPort ; 0     ; Signed Integer                                                                                                             ;
; outUseValid     ; 1     ; Signed Integer                                                                                                             ;
; outUseReady     ; 1     ; Signed Integer                                                                                                             ;
; outReadyLatency ; 0     ; Signed Integer                                                                                                             ;
+-----------------+-------+----------------------------------------------------------------------------------------------------------------------------+
Note: In order to hide this table in the UI and the text report file, please set the "Show Parameter Settings in Synthesis Report" option in "Analysis and Synthesis Settings -> More Settings" to "Off".


+------------------------------------------------------------------------------------------------------------------------------------------------------+
; Parameter Settings for User Entity Instance: Lab3_mm_interconnect_0:mm_interconnect_0|Lab3_mm_interconnect_0_avalon_st_adapter:avalon_st_adapter_005 ;
+-----------------+-------+----------------------------------------------------------------------------------------------------------------------------+
; Parameter Name  ; Value ; Type                                                                                                                       ;
+-----------------+-------+----------------------------------------------------------------------------------------------------------------------------+
; inBitsPerSymbol ; 34    ; Signed Integer                                                                                                             ;
; inUsePackets    ; 0     ; Signed Integer                                                                                                             ;
; inDataWidth     ; 34    ; Signed Integer                                                                                                             ;
; inChannelWidth  ; 0     ; Signed Integer                                                                                                             ;
; inErrorWidth    ; 0     ; Signed Integer                                                                                                             ;
; inUseEmptyPort  ; 0     ; Signed Integer                                                                                                             ;
; inUseValid      ; 1     ; Signed Integer                                                                                                             ;
; inUseReady      ; 1     ; Signed Integer                                                                                                             ;
; inReadyLatency  ; 0     ; Signed Integer                                                                                                             ;
; outDataWidth    ; 34    ; Signed Integer                                                                                                             ;
; outChannelWidth ; 0     ; Signed Integer                                                                                                             ;
; outErrorWidth   ; 1     ; Signed Integer                                                                                                             ;
; outUseEmptyPort ; 0     ; Signed Integer                                                                                                             ;
; outUseValid     ; 1     ; Signed Integer                                                                                                             ;
; outUseReady     ; 1     ; Signed Integer                                                                                                             ;
; outReadyLatency ; 0     ; Signed Integer                                                                                                             ;
+-----------------+-------+----------------------------------------------------------------------------------------------------------------------------+
Note: In order to hide this table in the UI and the text report file, please set the "Show Parameter Settings in Synthesis Report" option in "Analysis and Synthesis Settings -> More Settings" to "Off".


+------------------------------------------------------------------------------------------------------------------------------------------------------+
; Parameter Settings for User Entity Instance: Lab3_mm_interconnect_0:mm_interconnect_0|Lab3_mm_interconnect_0_avalon_st_adapter:avalon_st_adapter_006 ;
+-----------------+-------+----------------------------------------------------------------------------------------------------------------------------+
; Parameter Name  ; Value ; Type                                                                                                                       ;
+-----------------+-------+----------------------------------------------------------------------------------------------------------------------------+
; inBitsPerSymbol ; 34    ; Signed Integer                                                                                                             ;
; inUsePackets    ; 0     ; Signed Integer                                                                                                             ;
; inDataWidth     ; 34    ; Signed Integer                                                                                                             ;
; inChannelWidth  ; 0     ; Signed Integer                                                                                                             ;
; inErrorWidth    ; 0     ; Signed Integer                                                                                                             ;
; inUseEmptyPort  ; 0     ; Signed Integer                                                                                                             ;
; inUseValid      ; 1     ; Signed Integer                                                                                                             ;
; inUseReady      ; 1     ; Signed Integer                                                                                                             ;
; inReadyLatency  ; 0     ; Signed Integer                                                                                                             ;
; outDataWidth    ; 34    ; Signed Integer                                                                                                             ;
; outChannelWidth ; 0     ; Signed Integer                                                                                                             ;
; outErrorWidth   ; 1     ; Signed Integer                                                                                                             ;
; outUseEmptyPort ; 0     ; Signed Integer                                                                                                             ;
; outUseValid     ; 1     ; Signed Integer                                                                                                             ;
; outUseReady     ; 1     ; Signed Integer                                                                                                             ;
; outReadyLatency ; 0     ; Signed Integer                                                                                                             ;
+-----------------+-------+----------------------------------------------------------------------------------------------------------------------------+
Note: In order to hide this table in the UI and the text report file, please set the "Show Parameter Settings in Synthesis Report" option in "Analysis and Synthesis Settings -> More Settings" to "Off".


+------------------------------------------------------------------------------------------------------------------------------------------------------+
; Parameter Settings for User Entity Instance: Lab3_mm_interconnect_0:mm_interconnect_0|Lab3_mm_interconnect_0_avalon_st_adapter:avalon_st_adapter_007 ;
+-----------------+-------+----------------------------------------------------------------------------------------------------------------------------+
; Parameter Name  ; Value ; Type                                                                                                                       ;
+-----------------+-------+----------------------------------------------------------------------------------------------------------------------------+
; inBitsPerSymbol ; 34    ; Signed Integer                                                                                                             ;
; inUsePackets    ; 0     ; Signed Integer                                                                                                             ;
; inDataWidth     ; 34    ; Signed Integer                                                                                                             ;
; inChannelWidth  ; 0     ; Signed Integer                                                                                                             ;
; inErrorWidth    ; 0     ; Signed Integer                                                                                                             ;
; inUseEmptyPort  ; 0     ; Signed Integer                                                                                                             ;
; inUseValid      ; 1     ; Signed Integer                                                                                                             ;
; inUseReady      ; 1     ; Signed Integer                                                                                                             ;
; inReadyLatency  ; 0     ; Signed Integer                                                                                                             ;
; outDataWidth    ; 34    ; Signed Integer                                                                                                             ;
; outChannelWidth ; 0     ; Signed Integer                                                                                                             ;
; outErrorWidth   ; 1     ; Signed Integer                                                                                                             ;
; outUseEmptyPort ; 0     ; Signed Integer                                                                                                             ;
; outUseValid     ; 1     ; Signed Integer                                                                                                             ;
; outUseReady     ; 1     ; Signed Integer                                                                                                             ;
; outReadyLatency ; 0     ; Signed Integer                                                                                                             ;
+-----------------+-------+----------------------------------------------------------------------------------------------------------------------------+
Note: In order to hide this table in the UI and the text report file, please set the "Show Parameter Settings in Synthesis Report" option in "Analysis and Synthesis Settings -> More Settings" to "Off".


+------------------------------------------------------------------------------------------------------------------------------------------------------+
; Parameter Settings for User Entity Instance: Lab3_mm_interconnect_0:mm_interconnect_0|Lab3_mm_interconnect_0_avalon_st_adapter:avalon_st_adapter_008 ;
+-----------------+-------+----------------------------------------------------------------------------------------------------------------------------+
; Parameter Name  ; Value ; Type                                                                                                                       ;
+-----------------+-------+----------------------------------------------------------------------------------------------------------------------------+
; inBitsPerSymbol ; 34    ; Signed Integer                                                                                                             ;
; inUsePackets    ; 0     ; Signed Integer                                                                                                             ;
; inDataWidth     ; 34    ; Signed Integer                                                                                                             ;
; inChannelWidth  ; 0     ; Signed Integer                                                                                                             ;
; inErrorWidth    ; 0     ; Signed Integer                                                                                                             ;
; inUseEmptyPort  ; 0     ; Signed Integer                                                                                                             ;
; inUseValid      ; 1     ; Signed Integer                                                                                                             ;
; inUseReady      ; 1     ; Signed Integer                                                                                                             ;
; inReadyLatency  ; 0     ; Signed Integer                                                                                                             ;
; outDataWidth    ; 34    ; Signed Integer                                                                                                             ;
; outChannelWidth ; 0     ; Signed Integer                                                                                                             ;
; outErrorWidth   ; 1     ; Signed Integer                                                                                                             ;
; outUseEmptyPort ; 0     ; Signed Integer                                                                                                             ;
; outUseValid     ; 1     ; Signed Integer                                                                                                             ;
; outUseReady     ; 1     ; Signed Integer                                                                                                             ;
; outReadyLatency ; 0     ; Signed Integer                                                                                                             ;
+-----------------+-------+----------------------------------------------------------------------------------------------------------------------------+
Note: In order to hide this table in the UI and the text report file, please set the "Show Parameter Settings in Synthesis Report" option in "Analysis and Synthesis Settings -> More Settings" to "Off".


+------------------------------------------------------------------------------------------------------------------------------------------------------+
; Parameter Settings for User Entity Instance: Lab3_mm_interconnect_0:mm_interconnect_0|Lab3_mm_interconnect_0_avalon_st_adapter:avalon_st_adapter_009 ;
+-----------------+-------+----------------------------------------------------------------------------------------------------------------------------+
; Parameter Name  ; Value ; Type                                                                                                                       ;
+-----------------+-------+----------------------------------------------------------------------------------------------------------------------------+
; inBitsPerSymbol ; 34    ; Signed Integer                                                                                                             ;
; inUsePackets    ; 0     ; Signed Integer                                                                                                             ;
; inDataWidth     ; 34    ; Signed Integer                                                                                                             ;
; inChannelWidth  ; 0     ; Signed Integer                                                                                                             ;
; inErrorWidth    ; 0     ; Signed Integer                                                                                                             ;
; inUseEmptyPort  ; 0     ; Signed Integer                                                                                                             ;
; inUseValid      ; 1     ; Signed Integer                                                                                                             ;
; inUseReady      ; 1     ; Signed Integer                                                                                                             ;
; inReadyLatency  ; 0     ; Signed Integer                                                                                                             ;
; outDataWidth    ; 34    ; Signed Integer                                                                                                             ;
; outChannelWidth ; 0     ; Signed Integer                                                                                                             ;
; outErrorWidth   ; 1     ; Signed Integer                                                                                                             ;
; outUseEmptyPort ; 0     ; Signed Integer                                                                                                             ;
; outUseValid     ; 1     ; Signed Integer                                                                                                             ;
; outUseReady     ; 1     ; Signed Integer                                                                                                             ;
; outReadyLatency ; 0     ; Signed Integer                                                                                                             ;
+-----------------+-------+----------------------------------------------------------------------------------------------------------------------------+
Note: In order to hide this table in the UI and the text report file, please set the "Show Parameter Settings in Synthesis Report" option in "Analysis and Synthesis Settings -> More Settings" to "Off".


+------------------------------------------------------------------------------------------------------------------------------------------------------+
; Parameter Settings for User Entity Instance: Lab3_mm_interconnect_0:mm_interconnect_0|Lab3_mm_interconnect_0_avalon_st_adapter:avalon_st_adapter_010 ;
+-----------------+-------+----------------------------------------------------------------------------------------------------------------------------+
; Parameter Name  ; Value ; Type                                                                                                                       ;
+-----------------+-------+----------------------------------------------------------------------------------------------------------------------------+
; inBitsPerSymbol ; 34    ; Signed Integer                                                                                                             ;
; inUsePackets    ; 0     ; Signed Integer                                                                                                             ;
; inDataWidth     ; 34    ; Signed Integer                                                                                                             ;
; inChannelWidth  ; 0     ; Signed Integer                                                                                                             ;
; inErrorWidth    ; 0     ; Signed Integer                                                                                                             ;
; inUseEmptyPort  ; 0     ; Signed Integer                                                                                                             ;
; inUseValid      ; 1     ; Signed Integer                                                                                                             ;
; inUseReady      ; 1     ; Signed Integer                                                                                                             ;
; inReadyLatency  ; 0     ; Signed Integer                                                                                                             ;
; outDataWidth    ; 34    ; Signed Integer                                                                                                             ;
; outChannelWidth ; 0     ; Signed Integer                                                                                                             ;
; outErrorWidth   ; 1     ; Signed Integer                                                                                                             ;
; outUseEmptyPort ; 0     ; Signed Integer                                                                                                             ;
; outUseValid     ; 1     ; Signed Integer                                                                                                             ;
; outUseReady     ; 1     ; Signed Integer                                                                                                             ;
; outReadyLatency ; 0     ; Signed Integer                                                                                                             ;
+-----------------+-------+----------------------------------------------------------------------------------------------------------------------------+
Note: In order to hide this table in the UI and the text report file, please set the "Show Parameter Settings in Synthesis Report" option in "Analysis and Synthesis Settings -> More Settings" to "Off".


+-------------------------------------------------------------------------------------+
; Parameter Settings for User Entity Instance: altera_reset_controller:rst_controller ;
+---------------------------+----------+----------------------------------------------+
; Parameter Name            ; Value    ; Type                                         ;
+---------------------------+----------+----------------------------------------------+
; NUM_RESET_INPUTS          ; 1        ; Signed Integer                               ;
; USE_RESET_REQUEST_IN0     ; 0        ; Signed Integer                               ;
; USE_RESET_REQUEST_IN1     ; 0        ; Signed Integer                               ;
; USE_RESET_REQUEST_IN2     ; 0        ; Signed Integer                               ;
; USE_RESET_REQUEST_IN3     ; 0        ; Signed Integer                               ;
; USE_RESET_REQUEST_IN4     ; 0        ; Signed Integer                               ;
; USE_RESET_REQUEST_IN5     ; 0        ; Signed Integer                               ;
; USE_RESET_REQUEST_IN6     ; 0        ; Signed Integer                               ;
; USE_RESET_REQUEST_IN7     ; 0        ; Signed Integer                               ;
; USE_RESET_REQUEST_IN8     ; 0        ; Signed Integer                               ;
; USE_RESET_REQUEST_IN9     ; 0        ; Signed Integer                               ;
; USE_RESET_REQUEST_IN10    ; 0        ; Signed Integer                               ;
; USE_RESET_REQUEST_IN11    ; 0        ; Signed Integer                               ;
; USE_RESET_REQUEST_IN12    ; 0        ; Signed Integer                               ;
; USE_RESET_REQUEST_IN13    ; 0        ; Signed Integer                               ;
; USE_RESET_REQUEST_IN14    ; 0        ; Signed Integer                               ;
; USE_RESET_REQUEST_IN15    ; 0        ; Signed Integer                               ;
; OUTPUT_RESET_SYNC_EDGES   ; deassert ; String                                       ;
; SYNC_DEPTH                ; 2        ; Signed Integer                               ;
; RESET_REQUEST_PRESENT     ; 1        ; Signed Integer                               ;
; RESET_REQ_WAIT_TIME       ; 1        ; Signed Integer                               ;
; MIN_RST_ASSERTION_TIME    ; 3        ; Signed Integer                               ;
; RESET_REQ_EARLY_DSRT_TIME ; 1        ; Signed Integer                               ;
; ADAPT_RESET_REQUEST       ; 0        ; Signed Integer                               ;
+---------------------------+----------+----------------------------------------------+
Note: In order to hide this table in the UI and the text report file, please set the "Show Parameter Settings in Synthesis Report" option in "Analysis and Synthesis Settings -> More Settings" to "Off".


+--------------------------------------------------------------------------------------------------------------------------------+
; Parameter Settings for User Entity Instance: altera_reset_controller:rst_controller|altera_reset_synchronizer:alt_rst_sync_uq1 ;
+----------------+-------+-------------------------------------------------------------------------------------------------------+
; Parameter Name ; Value ; Type                                                                                                  ;
+----------------+-------+-------------------------------------------------------------------------------------------------------+
; ASYNC_RESET    ; 1     ; Unsigned Binary                                                                                       ;
; DEPTH          ; 2     ; Signed Integer                                                                                        ;
+----------------+-------+-------------------------------------------------------------------------------------------------------+
Note: In order to hide this table in the UI and the text report file, please set the "Show Parameter Settings in Synthesis Report" option in "Analysis and Synthesis Settings -> More Settings" to "Off".


+------------------------------------------------------------------------------------------------------------------------------------+
; Parameter Settings for User Entity Instance: altera_reset_controller:rst_controller|altera_reset_synchronizer:alt_rst_req_sync_uq1 ;
+----------------+-------+-----------------------------------------------------------------------------------------------------------+
; Parameter Name ; Value ; Type                                                                                                      ;
+----------------+-------+-----------------------------------------------------------------------------------------------------------+
; ASYNC_RESET    ; 0     ; Signed Integer                                                                                            ;
; DEPTH          ; 2     ; Signed Integer                                                                                            ;
+----------------+-------+-----------------------------------------------------------------------------------------------------------+
Note: In order to hide this table in the UI and the text report file, please set the "Show Parameter Settings in Synthesis Report" option in "Analysis and Synthesis Settings -> More Settings" to "Off".


+-----------------------------------------------------------------------------------------+
; Parameter Settings for User Entity Instance: altera_reset_controller:rst_controller_001 ;
+---------------------------+----------+--------------------------------------------------+
; Parameter Name            ; Value    ; Type                                             ;
+---------------------------+----------+--------------------------------------------------+
; NUM_RESET_INPUTS          ; 2        ; Signed Integer                                   ;
; USE_RESET_REQUEST_IN0     ; 0        ; Signed Integer                                   ;
; USE_RESET_REQUEST_IN1     ; 0        ; Signed Integer                                   ;
; USE_RESET_REQUEST_IN2     ; 0        ; Signed Integer                                   ;
; USE_RESET_REQUEST_IN3     ; 0        ; Signed Integer                                   ;
; USE_RESET_REQUEST_IN4     ; 0        ; Signed Integer                                   ;
; USE_RESET_REQUEST_IN5     ; 0        ; Signed Integer                                   ;
; USE_RESET_REQUEST_IN6     ; 0        ; Signed Integer                                   ;
; USE_RESET_REQUEST_IN7     ; 0        ; Signed Integer                                   ;
; USE_RESET_REQUEST_IN8     ; 0        ; Signed Integer                                   ;
; USE_RESET_REQUEST_IN9     ; 0        ; Signed Integer                                   ;
; USE_RESET_REQUEST_IN10    ; 0        ; Signed Integer                                   ;
; USE_RESET_REQUEST_IN11    ; 0        ; Signed Integer                                   ;
; USE_RESET_REQUEST_IN12    ; 0        ; Signed Integer                                   ;
; USE_RESET_REQUEST_IN13    ; 0        ; Signed Integer                                   ;
; USE_RESET_REQUEST_IN14    ; 0        ; Signed Integer                                   ;
; USE_RESET_REQUEST_IN15    ; 0        ; Signed Integer                                   ;
; OUTPUT_RESET_SYNC_EDGES   ; deassert ; String                                           ;
; SYNC_DEPTH                ; 2        ; Signed Integer                                   ;
; RESET_REQUEST_PRESENT     ; 0        ; Signed Integer                                   ;
; RESET_REQ_WAIT_TIME       ; 1        ; Signed Integer                                   ;
; MIN_RST_ASSERTION_TIME    ; 3        ; Signed Integer                                   ;
; RESET_REQ_EARLY_DSRT_TIME ; 1        ; Signed Integer                                   ;
; ADAPT_RESET_REQUEST       ; 0        ; Signed Integer                                   ;
+---------------------------+----------+--------------------------------------------------+
Note: In order to hide this table in the UI and the text report file, please set the "Show Parameter Settings in Synthesis Report" option in "Analysis and Synthesis Settings -> More Settings" to "Off".


+------------------------------------------------------------------------------------------------------------------------------------+
; Parameter Settings for User Entity Instance: altera_reset_controller:rst_controller_001|altera_reset_synchronizer:alt_rst_sync_uq1 ;
+----------------+-------+-----------------------------------------------------------------------------------------------------------+
; Parameter Name ; Value ; Type                                                                                                      ;
+----------------+-------+-----------------------------------------------------------------------------------------------------------+
; ASYNC_RESET    ; 1     ; Unsigned Binary                                                                                           ;
; DEPTH          ; 2     ; Signed Integer                                                                                            ;
+----------------+-------+-----------------------------------------------------------------------------------------------------------+
Note: In order to hide this table in the UI and the text report file, please set the "Show Parameter Settings in Synthesis Report" option in "Analysis and Synthesis Settings -> More Settings" to "Off".


+----------------------------------------------------------------------------------------------------------------------------------------+
; Parameter Settings for User Entity Instance: altera_reset_controller:rst_controller_001|altera_reset_synchronizer:alt_rst_req_sync_uq1 ;
+----------------+-------+---------------------------------------------------------------------------------------------------------------+
; Parameter Name ; Value ; Type                                                                                                          ;
+----------------+-------+---------------------------------------------------------------------------------------------------------------+
; ASYNC_RESET    ; 0     ; Signed Integer                                                                                                ;
; DEPTH          ; 2     ; Signed Integer                                                                                                ;
+----------------+-------+---------------------------------------------------------------------------------------------------------------+
Note: In order to hide this table in the UI and the text report file, please set the "Show Parameter Settings in Synthesis Report" option in "Analysis and Synthesis Settings -> More Settings" to "Off".


+--------------------------------------------------------------------------------------------------------+
; scfifo Parameter Settings by Entity Instance                                                           ;
+----------------------------+---------------------------------------------------------------------------+
; Name                       ; Value                                                                     ;
+----------------------------+---------------------------------------------------------------------------+
; Number of entity instances ; 2                                                                         ;
; Entity Instance            ; Lab3_DEBUG:debug|Lab3_DEBUG_scfifo_w:the_Lab3_DEBUG_scfifo_w|scfifo:wfifo ;
;     -- FIFO Type           ; Single Clock                                                              ;
;     -- lpm_width           ; 8                                                                         ;
;     -- LPM_NUMWORDS        ; 64                                                                        ;
;     -- LPM_SHOWAHEAD       ; OFF                                                                       ;
;     -- USE_EAB             ; ON                                                                        ;
; Entity Instance            ; Lab3_DEBUG:debug|Lab3_DEBUG_scfifo_r:the_Lab3_DEBUG_scfifo_r|scfifo:rfifo ;
;     -- FIFO Type           ; Single Clock                                                              ;
;     -- lpm_width           ; 8                                                                         ;
;     -- LPM_NUMWORDS        ; 64                                                                        ;
;     -- LPM_SHOWAHEAD       ; OFF                                                                       ;
;     -- USE_EAB             ; ON                                                                        ;
+----------------------------+---------------------------------------------------------------------------+


+--------------------------------------------------------------------------------------+
; altsyncram Parameter Settings by Entity Instance                                     ;
+-------------------------------------------+------------------------------------------+
; Name                                      ; Value                                    ;
+-------------------------------------------+------------------------------------------+
; Number of entity instances                ; 1                                        ;
; Entity Instance                           ; Lab3_SRAM:sram|altsyncram:the_altsyncram ;
;     -- OPERATION_MODE                     ; SINGLE_PORT                              ;
;     -- WIDTH_A                            ; 32                                       ;
;     -- NUMWORDS_A                         ; 51200                                    ;
;     -- OUTDATA_REG_A                      ; UNREGISTERED                             ;
;     -- WIDTH_B                            ; 1                                        ;
;     -- NUMWORDS_B                         ; 1                                        ;
;     -- ADDRESS_REG_B                      ; CLOCK1                                   ;
;     -- OUTDATA_REG_B                      ; UNREGISTERED                             ;
;     -- RAM_BLOCK_TYPE                     ; AUTO                                     ;
;     -- READ_DURING_WRITE_MODE_MIXED_PORTS ; DONT_CARE                                ;
+-------------------------------------------+------------------------------------------+


+---------------------------------------------------------------------------------------------------------------------------+
; Analysis & Elaboration Settings                                                                                           ;
+---------------------------------------------------------------------------------+--------------------+--------------------+
; Option                                                                          ; Setting            ; Default Value      ;
+---------------------------------------------------------------------------------+--------------------+--------------------+
; Device                                                                          ; 5CSXFC6D6F31C6     ;                    ;
; Top-level entity name                                                           ; Lab3               ; Lab3               ;
; Family name                                                                     ; Cyclone V          ; Cyclone V          ;
; Use smart compilation                                                           ; Off                ; Off                ;
; Enable parallel Assembler and Timing Analyzer during compilation                ; On                 ; On                 ;
; Enable compact report table                                                     ; Off                ; Off                ;
; Restructure Multiplexers                                                        ; Auto               ; Auto               ;
; MLAB Add Timing Constraints For Mixed-Port Feed-Through Mode Setting Don't Care ; Off                ; Off                ;
; Create Debugging Nodes for IP Cores                                             ; Off                ; Off                ;
; Preserve fewer node names                                                       ; On                 ; On                 ;
; Intel FPGA IP Evaluation Mode                                                   ; Enable             ; Enable             ;
; Verilog Version                                                                 ; Verilog_2001       ; Verilog_2001       ;
; VHDL Version                                                                    ; VHDL_1993          ; VHDL_1993          ;
; State Machine Processing                                                        ; Auto               ; Auto               ;
; Safe State Machine                                                              ; Off                ; Off                ;
; Extract Verilog State Machines                                                  ; On                 ; On                 ;
; Extract VHDL State Machines                                                     ; On                 ; On                 ;
; Ignore Verilog initial constructs                                               ; Off                ; Off                ;
; Iteration limit for constant Verilog loops                                      ; 5000               ; 5000               ;
; Iteration limit for non-constant Verilog loops                                  ; 250                ; 250                ;
; Add Pass-Through Logic to Inferred RAMs                                         ; On                 ; On                 ;
; Infer RAMs from Raw Logic                                                       ; On                 ; On                 ;
; Parallel Synthesis                                                              ; On                 ; On                 ;
; DSP Block Balancing                                                             ; Auto               ; Auto               ;
; NOT Gate Push-Back                                                              ; On                 ; On                 ;
; Power-Up Don't Care                                                             ; On                 ; On                 ;
; Remove Redundant Logic Cells                                                    ; Off                ; Off                ;
; Remove Duplicate Registers                                                      ; On                 ; On                 ;
; Ignore CARRY Buffers                                                            ; Off                ; Off                ;
; Ignore CASCADE Buffers                                                          ; Off                ; Off                ;
; Ignore GLOBAL Buffers                                                           ; Off                ; Off                ;
; Ignore ROW GLOBAL Buffers                                                       ; Off                ; Off                ;
; Ignore LCELL Buffers                                                            ; Off                ; Off                ;
; Ignore SOFT Buffers                                                             ; On                 ; On                 ;
; Limit AHDL Integers to 32 Bits                                                  ; Off                ; Off                ;
; Optimization Technique                                                          ; Balanced           ; Balanced           ;
; Carry Chain Length                                                              ; 70                 ; 70                 ;
; Auto Carry Chains                                                               ; On                 ; On                 ;
; Auto Open-Drain Pins                                                            ; On                 ; On                 ;
; Perform WYSIWYG Primitive Resynthesis                                           ; Off                ; Off                ;
; Auto ROM Replacement                                                            ; On                 ; On                 ;
; Auto RAM Replacement                                                            ; On                 ; On                 ;
; Auto DSP Block Replacement                                                      ; On                 ; On                 ;
; Auto Shift Register Replacement                                                 ; Auto               ; Auto               ;
; Allow Shift Register Merging across Hierarchies                                 ; Auto               ; Auto               ;
; Auto Clock Enable Replacement                                                   ; On                 ; On                 ;
; Strict RAM Replacement                                                          ; Off                ; Off                ;
; Allow Synchronous Control Signals                                               ; On                 ; On                 ;
; Force Use of Synchronous Clear Signals                                          ; Off                ; Off                ;
; Auto Resource Sharing                                                           ; Off                ; Off                ;
; Allow Any RAM Size For Recognition                                              ; Off                ; Off                ;
; Allow Any ROM Size For Recognition                                              ; Off                ; Off                ;
; Allow Any Shift Register Size For Recognition                                   ; Off                ; Off                ;
; Use LogicLock Constraints during Resource Balancing                             ; On                 ; On                 ;
; Ignore translate_off and synthesis_off directives                               ; Off                ; Off                ;
; Timing-Driven Synthesis                                                         ; On                 ; On                 ;
; Report Parameter Settings                                                       ; On                 ; On                 ;
; Report Source Assignments                                                       ; On                 ; On                 ;
; Report Connectivity Checks                                                      ; On                 ; On                 ;
; Ignore Maximum Fan-Out Assignments                                              ; Off                ; Off                ;
; Synchronization Register Chain Length                                           ; 3                  ; 3                  ;
; Power Optimization During Synthesis                                             ; Normal compilation ; Normal compilation ;
; HDL message level                                                               ; Level2             ; Level2             ;
; Suppress Register Optimization Related Messages                                 ; Off                ; Off                ;
; Number of Removed Registers Reported in Synthesis Report                        ; 5000               ; 5000               ;
; Number of Swept Nodes Reported in Synthesis Report                              ; 5000               ; 5000               ;
; Number of Inverted Registers Reported in Synthesis Report                       ; 100                ; 100                ;
; Clock MUX Protection                                                            ; On                 ; On                 ;
; Auto Gated Clock Conversion                                                     ; Off                ; Off                ;
; Block Design Naming                                                             ; Auto               ; Auto               ;
; SDC constraint protection                                                       ; Off                ; Off                ;
; Synthesis Effort                                                                ; Auto               ; Auto               ;
; Shift Register Replacement - Allow Asynchronous Clear Signal                    ; On                 ; On                 ;
; Pre-Mapping Resynthesis Optimization                                            ; Off                ; Off                ;
; Analysis & Synthesis Message Level                                              ; Medium             ; Medium             ;
; Disable Register Merging Across Hierarchies                                     ; Auto               ; Auto               ;
; Resource Aware Inference For Block RAM                                          ; On                 ; On                 ;
; Automatic Parallel Synthesis                                                    ; On                 ; On                 ;
; Partial Reconfiguration Bitstream ID                                            ; Off                ; Off                ;
+---------------------------------------------------------------------------------+--------------------+--------------------+


+------------------------------------------------------------------------+
; Port Connectivity Checks: "altera_reset_controller:rst_controller_001" ;
+----------------+--------+----------+-----------------------------------+
; Port           ; Type   ; Severity ; Details                           ;
+----------------+--------+----------+-----------------------------------+
; reset_req      ; Output ; Info     ; Explicitly unconnected            ;
; reset_req_in0  ; Input  ; Info     ; Stuck at GND                      ;
; reset_req_in1  ; Input  ; Info     ; Stuck at GND                      ;
; reset_in2      ; Input  ; Info     ; Stuck at GND                      ;
; reset_req_in2  ; Input  ; Info     ; Stuck at GND                      ;
; reset_in3      ; Input  ; Info     ; Stuck at GND                      ;
; reset_req_in3  ; Input  ; Info     ; Stuck at GND                      ;
; reset_in4      ; Input  ; Info     ; Stuck at GND                      ;
; reset_req_in4  ; Input  ; Info     ; Stuck at GND                      ;
; reset_in5      ; Input  ; Info     ; Stuck at GND                      ;
; reset_req_in5  ; Input  ; Info     ; Stuck at GND                      ;
; reset_in6      ; Input  ; Info     ; Stuck at GND                      ;
; reset_req_in6  ; Input  ; Info     ; Stuck at GND                      ;
; reset_in7      ; Input  ; Info     ; Stuck at GND                      ;
; reset_req_in7  ; Input  ; Info     ; Stuck at GND                      ;
; reset_in8      ; Input  ; Info     ; Stuck at GND                      ;
; reset_req_in8  ; Input  ; Info     ; Stuck at GND                      ;
; reset_in9      ; Input  ; Info     ; Stuck at GND                      ;
; reset_req_in9  ; Input  ; Info     ; Stuck at GND                      ;
; reset_in10     ; Input  ; Info     ; Stuck at GND                      ;
; reset_req_in10 ; Input  ; Info     ; Stuck at GND                      ;
; reset_in11     ; Input  ; Info     ; Stuck at GND                      ;
; reset_req_in11 ; Input  ; Info     ; Stuck at GND                      ;
; reset_in12     ; Input  ; Info     ; Stuck at GND                      ;
; reset_req_in12 ; Input  ; Info     ; Stuck at GND                      ;
; reset_in13     ; Input  ; Info     ; Stuck at GND                      ;
; reset_req_in13 ; Input  ; Info     ; Stuck at GND                      ;
; reset_in14     ; Input  ; Info     ; Stuck at GND                      ;
; reset_req_in14 ; Input  ; Info     ; Stuck at GND                      ;
; reset_in15     ; Input  ; Info     ; Stuck at GND                      ;
; reset_req_in15 ; Input  ; Info     ; Stuck at GND                      ;
+----------------+--------+----------+-----------------------------------+


+-------------------------------------------------------------------------------------------------------------------+
; Port Connectivity Checks: "altera_reset_controller:rst_controller|altera_reset_synchronizer:alt_rst_req_sync_uq1" ;
+----------+-------+----------+-------------------------------------------------------------------------------------+
; Port     ; Type  ; Severity ; Details                                                                             ;
+----------+-------+----------+-------------------------------------------------------------------------------------+
; reset_in ; Input ; Info     ; Stuck at GND                                                                        ;
+----------+-------+----------+-------------------------------------------------------------------------------------+


+--------------------------------------------------------------------+
; Port Connectivity Checks: "altera_reset_controller:rst_controller" ;
+----------------+-------+----------+--------------------------------+
; Port           ; Type  ; Severity ; Details                        ;
+----------------+-------+----------+--------------------------------+
; reset_req_in0  ; Input ; Info     ; Stuck at GND                   ;
; reset_in1      ; Input ; Info     ; Stuck at GND                   ;
; reset_req_in1  ; Input ; Info     ; Stuck at GND                   ;
; reset_in2      ; Input ; Info     ; Stuck at GND                   ;
; reset_req_in2  ; Input ; Info     ; Stuck at GND                   ;
; reset_in3      ; Input ; Info     ; Stuck at GND                   ;
; reset_req_in3  ; Input ; Info     ; Stuck at GND                   ;
; reset_in4      ; Input ; Info     ; Stuck at GND                   ;
; reset_req_in4  ; Input ; Info     ; Stuck at GND                   ;
; reset_in5      ; Input ; Info     ; Stuck at GND                   ;
; reset_req_in5  ; Input ; Info     ; Stuck at GND                   ;
; reset_in6      ; Input ; Info     ; Stuck at GND                   ;
; reset_req_in6  ; Input ; Info     ; Stuck at GND                   ;
; reset_in7      ; Input ; Info     ; Stuck at GND                   ;
; reset_req_in7  ; Input ; Info     ; Stuck at GND                   ;
; reset_in8      ; Input ; Info     ; Stuck at GND                   ;
; reset_req_in8  ; Input ; Info     ; Stuck at GND                   ;
; reset_in9      ; Input ; Info     ; Stuck at GND                   ;
; reset_req_in9  ; Input ; Info     ; Stuck at GND                   ;
; reset_in10     ; Input ; Info     ; Stuck at GND                   ;
; reset_req_in10 ; Input ; Info     ; Stuck at GND                   ;
; reset_in11     ; Input ; Info     ; Stuck at GND                   ;
; reset_req_in11 ; Input ; Info     ; Stuck at GND                   ;
; reset_in12     ; Input ; Info     ; Stuck at GND                   ;
; reset_req_in12 ; Input ; Info     ; Stuck at GND                   ;
; reset_in13     ; Input ; Info     ; Stuck at GND                   ;
; reset_req_in13 ; Input ; Info     ; Stuck at GND                   ;
; reset_in14     ; Input ; Info     ; Stuck at GND                   ;
; reset_req_in14 ; Input ; Info     ; Stuck at GND                   ;
; reset_in15     ; Input ; Info     ; Stuck at GND                   ;
; reset_req_in15 ; Input ; Info     ; Stuck at GND                   ;
+----------------+-------+----------+--------------------------------+


+--------------------------------------------------------------------------------------------------------------------------------------------------------------------------------+
; Port Connectivity Checks: "Lab3_mm_interconnect_0:mm_interconnect_0|Lab3_mm_interconnect_0_rsp_mux_002:rsp_mux_002|altera_merlin_arbitrator:arb|altera_merlin_arb_adder:adder" ;
+---------+--------+----------+--------------------------------------------------------------------------------------------------------------------------------------------------+
; Port    ; Type   ; Severity ; Details                                                                                                                                          ;
+---------+--------+----------+--------------------------------------------------------------------------------------------------------------------------------------------------+
; b[3..1] ; Input  ; Info     ; Stuck at GND                                                                                                                                     ;
; b[0]    ; Input  ; Info     ; Stuck at VCC                                                                                                                                     ;
; sum     ; Output ; Info     ; Connected to dangling logic. Logic that only feeds a dangling port will be removed.                                                              ;
+---------+--------+----------+--------------------------------------------------------------------------------------------------------------------------------------------------+


+------------------------------------------------------------------------------------------------------------------------------------------------------------------------+
; Port Connectivity Checks: "Lab3_mm_interconnect_0:mm_interconnect_0|Lab3_mm_interconnect_0_rsp_mux:rsp_mux|altera_merlin_arbitrator:arb|altera_merlin_arb_adder:adder" ;
+----------+--------+----------+-----------------------------------------------------------------------------------------------------------------------------------------+
; Port     ; Type   ; Severity ; Details                                                                                                                                 ;
+----------+--------+----------+-----------------------------------------------------------------------------------------------------------------------------------------+
; b[21..1] ; Input  ; Info     ; Stuck at GND                                                                                                                            ;
; b[0]     ; Input  ; Info     ; Stuck at VCC                                                                                                                            ;
; sum      ; Output ; Info     ; Connected to dangling logic. Logic that only feeds a dangling port will be removed.                                                     ;
+----------+--------+----------+-----------------------------------------------------------------------------------------------------------------------------------------+


+--------------------------------------------------------------------------------------------------------------------------------------------------------------------------------+
; Port Connectivity Checks: "Lab3_mm_interconnect_0:mm_interconnect_0|Lab3_mm_interconnect_0_cmd_mux_001:cmd_mux_001|altera_merlin_arbitrator:arb|altera_merlin_arb_adder:adder" ;
+---------+-------+----------+---------------------------------------------------------------------------------------------------------------------------------------------------+
; Port    ; Type  ; Severity ; Details                                                                                                                                           ;
+---------+-------+----------+---------------------------------------------------------------------------------------------------------------------------------------------------+
; b[7..4] ; Input ; Info     ; Stuck at GND                                                                                                                                      ;
+---------+-------+----------+---------------------------------------------------------------------------------------------------------------------------------------------------+


+------------------------------------------------------------------------------------------------------------------------------------------------------------------------+
; Port Connectivity Checks: "Lab3_mm_interconnect_0:mm_interconnect_0|Lab3_mm_interconnect_0_cmd_mux:cmd_mux|altera_merlin_arbitrator:arb|altera_merlin_arb_adder:adder" ;
+---------+-------+----------+-------------------------------------------------------------------------------------------------------------------------------------------+
; Port    ; Type  ; Severity ; Details                                                                                                                                   ;
+---------+-------+----------+-------------------------------------------------------------------------------------------------------------------------------------------+
; b[3..2] ; Input ; Info     ; Stuck at GND                                                                                                                              ;
+---------+-------+----------+-------------------------------------------------------------------------------------------------------------------------------------------+


+---------------------------------------------------------------------------------------------------------------------------------------------------------------------------------------+
; Port Connectivity Checks: "Lab3_mm_interconnect_0:mm_interconnect_0|Lab3_mm_interconnect_0_router_005:router_005|Lab3_mm_interconnect_0_router_005_default_decode:the_default_decode" ;
+------------------------+--------+----------+------------------------------------------------------------------------------------------------------------------------------------------+
; Port                   ; Type   ; Severity ; Details                                                                                                                                  ;
+------------------------+--------+----------+------------------------------------------------------------------------------------------------------------------------------------------+
; default_destination_id ; Output ; Info     ; Explicitly unconnected                                                                                                                   ;
; default_src_channel    ; Output ; Info     ; Explicitly unconnected                                                                                                                   ;
+------------------------+--------+----------+------------------------------------------------------------------------------------------------------------------------------------------+


+---------------------------------------------------------------------------------------------------------------------------------------------------------------------------------------+
; Port Connectivity Checks: "Lab3_mm_interconnect_0:mm_interconnect_0|Lab3_mm_interconnect_0_router_004:router_004|Lab3_mm_interconnect_0_router_004_default_decode:the_default_decode" ;
+------------------------+--------+----------+------------------------------------------------------------------------------------------------------------------------------------------+
; Port                   ; Type   ; Severity ; Details                                                                                                                                  ;
+------------------------+--------+----------+------------------------------------------------------------------------------------------------------------------------------------------+
; default_destination_id ; Output ; Info     ; Explicitly unconnected                                                                                                                   ;
; default_src_channel    ; Output ; Info     ; Explicitly unconnected                                                                                                                   ;
+------------------------+--------+----------+------------------------------------------------------------------------------------------------------------------------------------------+


+---------------------------------------------------------------------------------------------------------------------------------------------------------------------------------------+
; Port Connectivity Checks: "Lab3_mm_interconnect_0:mm_interconnect_0|Lab3_mm_interconnect_0_router_002:router_002|Lab3_mm_interconnect_0_router_002_default_decode:the_default_decode" ;
+--------------------+--------+----------+----------------------------------------------------------------------------------------------------------------------------------------------+
; Port               ; Type   ; Severity ; Details                                                                                                                                      ;
+--------------------+--------+----------+----------------------------------------------------------------------------------------------------------------------------------------------+
; default_wr_channel ; Output ; Info     ; Explicitly unconnected                                                                                                                       ;
; default_rd_channel ; Output ; Info     ; Explicitly unconnected                                                                                                                       ;
+--------------------+--------+----------+----------------------------------------------------------------------------------------------------------------------------------------------+


+---------------------------------------------------------------------------------------------------------------------------------------------------------------------------+
; Port Connectivity Checks: "Lab3_mm_interconnect_0:mm_interconnect_0|Lab3_mm_interconnect_0_router:router|Lab3_mm_interconnect_0_router_default_decode:the_default_decode" ;
+--------------------+--------+----------+----------------------------------------------------------------------------------------------------------------------------------+
; Port               ; Type   ; Severity ; Details                                                                                                                          ;
+--------------------+--------+----------+----------------------------------------------------------------------------------------------------------------------------------+
; default_wr_channel ; Output ; Info     ; Explicitly unconnected                                                                                                           ;
; default_rd_channel ; Output ; Info     ; Explicitly unconnected                                                                                                           ;
+--------------------+--------+----------+----------------------------------------------------------------------------------------------------------------------------------+


+---------------------------------------------------------------------------------------------------------------------------------+
; Port Connectivity Checks: "Lab3_mm_interconnect_0:mm_interconnect_0|altera_avalon_sc_fifo:lab3_timer_sw_agent_agent_rdata_fifo" ;
+-------------------+--------+----------+-----------------------------------------------------------------------------------------+
; Port              ; Type   ; Severity ; Details                                                                                 ;
+-------------------+--------+----------+-----------------------------------------------------------------------------------------+
; csr_address       ; Input  ; Info     ; Stuck at GND                                                                            ;
; csr_read          ; Input  ; Info     ; Stuck at GND                                                                            ;
; csr_write         ; Input  ; Info     ; Stuck at GND                                                                            ;
; csr_readdata      ; Output ; Info     ; Explicitly unconnected                                                                  ;
; csr_writedata     ; Input  ; Info     ; Stuck at GND                                                                            ;
; almost_full_data  ; Output ; Info     ; Explicitly unconnected                                                                  ;
; almost_empty_data ; Output ; Info     ; Explicitly unconnected                                                                  ;
; in_startofpacket  ; Input  ; Info     ; Stuck at GND                                                                            ;
; in_endofpacket    ; Input  ; Info     ; Stuck at GND                                                                            ;
; out_startofpacket ; Output ; Info     ; Explicitly unconnected                                                                  ;
; out_endofpacket   ; Output ; Info     ; Explicitly unconnected                                                                  ;
; in_empty          ; Input  ; Info     ; Stuck at GND                                                                            ;
; out_empty         ; Output ; Info     ; Explicitly unconnected                                                                  ;
; in_error          ; Input  ; Info     ; Stuck at GND                                                                            ;
; out_error         ; Output ; Info     ; Explicitly unconnected                                                                  ;
; in_channel        ; Input  ; Info     ; Stuck at GND                                                                            ;
; out_channel       ; Output ; Info     ; Explicitly unconnected                                                                  ;
+-------------------+--------+----------+-----------------------------------------------------------------------------------------+


+-------------------------------------------------------------------------------------------------------------------------------+
; Port Connectivity Checks: "Lab3_mm_interconnect_0:mm_interconnect_0|altera_avalon_sc_fifo:lab3_timer_sw_agent_agent_rsp_fifo" ;
+-------------------+--------+----------+---------------------------------------------------------------------------------------+
; Port              ; Type   ; Severity ; Details                                                                               ;
+-------------------+--------+----------+---------------------------------------------------------------------------------------+
; csr_address       ; Input  ; Info     ; Stuck at GND                                                                          ;
; csr_read          ; Input  ; Info     ; Stuck at GND                                                                          ;
; csr_write         ; Input  ; Info     ; Stuck at GND                                                                          ;
; csr_readdata      ; Output ; Info     ; Explicitly unconnected                                                                ;
; csr_writedata     ; Input  ; Info     ; Stuck at GND                                                                          ;
; almost_full_data  ; Output ; Info     ; Explicitly unconnected                                                                ;
; almost_empty_data ; Output ; Info     ; Explicitly unconnected                                                                ;
; in_empty          ; Input  ; Info     ; Stuck at GND                                                                          ;
; out_empty         ; Output ; Info     ; Explicitly unconnected                                                                ;
; in_error          ; Input  ; Info     ; Stuck at GND                                                                          ;
; out_error         ; Output ; Info     ; Explicitly unconnected                                                                ;
; in_channel        ; Input  ; Info     ; Stuck at GND                                                                          ;
; out_channel       ; Output ; Info     ; Explicitly unconnected                                                                ;
+-------------------+--------+----------+---------------------------------------------------------------------------------------+


+--------------------------------------------------------------------------------------------------------------------------+
; Port Connectivity Checks: "Lab3_mm_interconnect_0:mm_interconnect_0|altera_merlin_slave_agent:lab3_timer_sw_agent_agent" ;
+-----------------------+-------+----------+-------------------------------------------------------------------------------+
; Port                  ; Type  ; Severity ; Details                                                                       ;
+-----------------------+-------+----------+-------------------------------------------------------------------------------+
; m0_response           ; Input ; Info     ; Stuck at GND                                                                  ;
; m0_writeresponsevalid ; Input ; Info     ; Stuck at GND                                                                  ;
+-----------------------+-------+----------+-------------------------------------------------------------------------------+


+-------------------------------------------------------------------------------------------------------------------------+
; Port Connectivity Checks: "Lab3_mm_interconnect_0:mm_interconnect_0|altera_avalon_sc_fifo:switches_s1_agent_rdata_fifo" ;
+-------------------+--------+----------+---------------------------------------------------------------------------------+
; Port              ; Type   ; Severity ; Details                                                                         ;
+-------------------+--------+----------+---------------------------------------------------------------------------------+
; csr_address       ; Input  ; Info     ; Stuck at GND                                                                    ;
; csr_read          ; Input  ; Info     ; Stuck at GND                                                                    ;
; csr_write         ; Input  ; Info     ; Stuck at GND                                                                    ;
; csr_readdata      ; Output ; Info     ; Explicitly unconnected                                                          ;
; csr_writedata     ; Input  ; Info     ; Stuck at GND                                                                    ;
; almost_full_data  ; Output ; Info     ; Explicitly unconnected                                                          ;
; almost_empty_data ; Output ; Info     ; Explicitly unconnected                                                          ;
; in_startofpacket  ; Input  ; Info     ; Stuck at GND                                                                    ;
; in_endofpacket    ; Input  ; Info     ; Stuck at GND                                                                    ;
; out_startofpacket ; Output ; Info     ; Explicitly unconnected                                                          ;
; out_endofpacket   ; Output ; Info     ; Explicitly unconnected                                                          ;
; in_empty          ; Input  ; Info     ; Stuck at GND                                                                    ;
; out_empty         ; Output ; Info     ; Explicitly unconnected                                                          ;
; in_error          ; Input  ; Info     ; Stuck at GND                                                                    ;
; out_error         ; Output ; Info     ; Explicitly unconnected                                                          ;
; in_channel        ; Input  ; Info     ; Stuck at GND                                                                    ;
; out_channel       ; Output ; Info     ; Explicitly unconnected                                                          ;
+-------------------+--------+----------+---------------------------------------------------------------------------------+


+-----------------------------------------------------------------------------------------------------------------------+
; Port Connectivity Checks: "Lab3_mm_interconnect_0:mm_interconnect_0|altera_avalon_sc_fifo:switches_s1_agent_rsp_fifo" ;
+-------------------+--------+----------+-------------------------------------------------------------------------------+
; Port              ; Type   ; Severity ; Details                                                                       ;
+-------------------+--------+----------+-------------------------------------------------------------------------------+
; csr_address       ; Input  ; Info     ; Stuck at GND                                                                  ;
; csr_read          ; Input  ; Info     ; Stuck at GND                                                                  ;
; csr_write         ; Input  ; Info     ; Stuck at GND                                                                  ;
; csr_readdata      ; Output ; Info     ; Explicitly unconnected                                                        ;
; csr_writedata     ; Input  ; Info     ; Stuck at GND                                                                  ;
; almost_full_data  ; Output ; Info     ; Explicitly unconnected                                                        ;
; almost_empty_data ; Output ; Info     ; Explicitly unconnected                                                        ;
; in_empty          ; Input  ; Info     ; Stuck at GND                                                                  ;
; out_empty         ; Output ; Info     ; Explicitly unconnected                                                        ;
; in_error          ; Input  ; Info     ; Stuck at GND                                                                  ;
; out_error         ; Output ; Info     ; Explicitly unconnected                                                        ;
; in_channel        ; Input  ; Info     ; Stuck at GND                                                                  ;
; out_channel       ; Output ; Info     ; Explicitly unconnected                                                        ;
+-------------------+--------+----------+-------------------------------------------------------------------------------+


+------------------------------------------------------------------------------------------------------------------+
; Port Connectivity Checks: "Lab3_mm_interconnect_0:mm_interconnect_0|altera_merlin_slave_agent:switches_s1_agent" ;
+-----------------------+-------+----------+-----------------------------------------------------------------------+
; Port                  ; Type  ; Severity ; Details                                                               ;
+-----------------------+-------+----------+-----------------------------------------------------------------------+
; m0_response           ; Input ; Info     ; Stuck at GND                                                          ;
; m0_writeresponsevalid ; Input ; Info     ; Stuck at GND                                                          ;
+-----------------------+-------+----------+-----------------------------------------------------------------------+


+---------------------------------------------------------------------------------------------------------------------+
; Port Connectivity Checks: "Lab3_mm_interconnect_0:mm_interconnect_0|altera_avalon_sc_fifo:hex5_s1_agent_rdata_fifo" ;
+-------------------+--------+----------+-----------------------------------------------------------------------------+
; Port              ; Type   ; Severity ; Details                                                                     ;
+-------------------+--------+----------+-----------------------------------------------------------------------------+
; csr_address       ; Input  ; Info     ; Stuck at GND                                                                ;
; csr_read          ; Input  ; Info     ; Stuck at GND                                                                ;
; csr_write         ; Input  ; Info     ; Stuck at GND                                                                ;
; csr_readdata      ; Output ; Info     ; Explicitly unconnected                                                      ;
; csr_writedata     ; Input  ; Info     ; Stuck at GND                                                                ;
; almost_full_data  ; Output ; Info     ; Explicitly unconnected                                                      ;
; almost_empty_data ; Output ; Info     ; Explicitly unconnected                                                      ;
; in_startofpacket  ; Input  ; Info     ; Stuck at GND                                                                ;
; in_endofpacket    ; Input  ; Info     ; Stuck at GND                                                                ;
; out_startofpacket ; Output ; Info     ; Explicitly unconnected                                                      ;
; out_endofpacket   ; Output ; Info     ; Explicitly unconnected                                                      ;
; in_empty          ; Input  ; Info     ; Stuck at GND                                                                ;
; out_empty         ; Output ; Info     ; Explicitly unconnected                                                      ;
; in_error          ; Input  ; Info     ; Stuck at GND                                                                ;
; out_error         ; Output ; Info     ; Explicitly unconnected                                                      ;
; in_channel        ; Input  ; Info     ; Stuck at GND                                                                ;
; out_channel       ; Output ; Info     ; Explicitly unconnected                                                      ;
+-------------------+--------+----------+-----------------------------------------------------------------------------+


+-------------------------------------------------------------------------------------------------------------------+
; Port Connectivity Checks: "Lab3_mm_interconnect_0:mm_interconnect_0|altera_avalon_sc_fifo:hex5_s1_agent_rsp_fifo" ;
+-------------------+--------+----------+---------------------------------------------------------------------------+
; Port              ; Type   ; Severity ; Details                                                                   ;
+-------------------+--------+----------+---------------------------------------------------------------------------+
; csr_address       ; Input  ; Info     ; Stuck at GND                                                              ;
; csr_read          ; Input  ; Info     ; Stuck at GND                                                              ;
; csr_write         ; Input  ; Info     ; Stuck at GND                                                              ;
; csr_readdata      ; Output ; Info     ; Explicitly unconnected                                                    ;
; csr_writedata     ; Input  ; Info     ; Stuck at GND                                                              ;
; almost_full_data  ; Output ; Info     ; Explicitly unconnected                                                    ;
; almost_empty_data ; Output ; Info     ; Explicitly unconnected                                                    ;
; in_empty          ; Input  ; Info     ; Stuck at GND                                                              ;
; out_empty         ; Output ; Info     ; Explicitly unconnected                                                    ;
; in_error          ; Input  ; Info     ; Stuck at GND                                                              ;
; out_error         ; Output ; Info     ; Explicitly unconnected                                                    ;
; in_channel        ; Input  ; Info     ; Stuck at GND                                                              ;
; out_channel       ; Output ; Info     ; Explicitly unconnected                                                    ;
+-------------------+--------+----------+---------------------------------------------------------------------------+


+--------------------------------------------------------------------------------------------------------------+
; Port Connectivity Checks: "Lab3_mm_interconnect_0:mm_interconnect_0|altera_merlin_slave_agent:hex5_s1_agent" ;
+-----------------------+-------+----------+-------------------------------------------------------------------+
; Port                  ; Type  ; Severity ; Details                                                           ;
+-----------------------+-------+----------+-------------------------------------------------------------------+
; m0_response           ; Input ; Info     ; Stuck at GND                                                      ;
; m0_writeresponsevalid ; Input ; Info     ; Stuck at GND                                                      ;
+-----------------------+-------+----------+-------------------------------------------------------------------+


+---------------------------------------------------------------------------------------------------------------------+
; Port Connectivity Checks: "Lab3_mm_interconnect_0:mm_interconnect_0|altera_avalon_sc_fifo:hex4_s1_agent_rdata_fifo" ;
+-------------------+--------+----------+-----------------------------------------------------------------------------+
; Port              ; Type   ; Severity ; Details                                                                     ;
+-------------------+--------+----------+-----------------------------------------------------------------------------+
; csr_address       ; Input  ; Info     ; Stuck at GND                                                                ;
; csr_read          ; Input  ; Info     ; Stuck at GND                                                                ;
; csr_write         ; Input  ; Info     ; Stuck at GND                                                                ;
; csr_readdata      ; Output ; Info     ; Explicitly unconnected                                                      ;
; csr_writedata     ; Input  ; Info     ; Stuck at GND                                                                ;
; almost_full_data  ; Output ; Info     ; Explicitly unconnected                                                      ;
; almost_empty_data ; Output ; Info     ; Explicitly unconnected                                                      ;
; in_startofpacket  ; Input  ; Info     ; Stuck at GND                                                                ;
; in_endofpacket    ; Input  ; Info     ; Stuck at GND                                                                ;
; out_startofpacket ; Output ; Info     ; Explicitly unconnected                                                      ;
; out_endofpacket   ; Output ; Info     ; Explicitly unconnected                                                      ;
; in_empty          ; Input  ; Info     ; Stuck at GND                                                                ;
; out_empty         ; Output ; Info     ; Explicitly unconnected                                                      ;
; in_error          ; Input  ; Info     ; Stuck at GND                                                                ;
; out_error         ; Output ; Info     ; Explicitly unconnected                                                      ;
; in_channel        ; Input  ; Info     ; Stuck at GND                                                                ;
; out_channel       ; Output ; Info     ; Explicitly unconnected                                                      ;
+-------------------+--------+----------+-----------------------------------------------------------------------------+


+-------------------------------------------------------------------------------------------------------------------+
; Port Connectivity Checks: "Lab3_mm_interconnect_0:mm_interconnect_0|altera_avalon_sc_fifo:hex4_s1_agent_rsp_fifo" ;
+-------------------+--------+----------+---------------------------------------------------------------------------+
; Port              ; Type   ; Severity ; Details                                                                   ;
+-------------------+--------+----------+---------------------------------------------------------------------------+
; csr_address       ; Input  ; Info     ; Stuck at GND                                                              ;
; csr_read          ; Input  ; Info     ; Stuck at GND                                                              ;
; csr_write         ; Input  ; Info     ; Stuck at GND                                                              ;
; csr_readdata      ; Output ; Info     ; Explicitly unconnected                                                    ;
; csr_writedata     ; Input  ; Info     ; Stuck at GND                                                              ;
; almost_full_data  ; Output ; Info     ; Explicitly unconnected                                                    ;
; almost_empty_data ; Output ; Info     ; Explicitly unconnected                                                    ;
; in_empty          ; Input  ; Info     ; Stuck at GND                                                              ;
; out_empty         ; Output ; Info     ; Explicitly unconnected                                                    ;
; in_error          ; Input  ; Info     ; Stuck at GND                                                              ;
; out_error         ; Output ; Info     ; Explicitly unconnected                                                    ;
; in_channel        ; Input  ; Info     ; Stuck at GND                                                              ;
; out_channel       ; Output ; Info     ; Explicitly unconnected                                                    ;
+-------------------+--------+----------+---------------------------------------------------------------------------+


+--------------------------------------------------------------------------------------------------------------+
; Port Connectivity Checks: "Lab3_mm_interconnect_0:mm_interconnect_0|altera_merlin_slave_agent:hex4_s1_agent" ;
+-----------------------+-------+----------+-------------------------------------------------------------------+
; Port                  ; Type  ; Severity ; Details                                                           ;
+-----------------------+-------+----------+-------------------------------------------------------------------+
; m0_response           ; Input ; Info     ; Stuck at GND                                                      ;
; m0_writeresponsevalid ; Input ; Info     ; Stuck at GND                                                      ;
+-----------------------+-------+----------+-------------------------------------------------------------------+


+---------------------------------------------------------------------------------------------------------------------+
; Port Connectivity Checks: "Lab3_mm_interconnect_0:mm_interconnect_0|altera_avalon_sc_fifo:hex3_s1_agent_rdata_fifo" ;
+-------------------+--------+----------+-----------------------------------------------------------------------------+
; Port              ; Type   ; Severity ; Details                                                                     ;
+-------------------+--------+----------+-----------------------------------------------------------------------------+
; csr_address       ; Input  ; Info     ; Stuck at GND                                                                ;
; csr_read          ; Input  ; Info     ; Stuck at GND                                                                ;
; csr_write         ; Input  ; Info     ; Stuck at GND                                                                ;
; csr_readdata      ; Output ; Info     ; Explicitly unconnected                                                      ;
; csr_writedata     ; Input  ; Info     ; Stuck at GND                                                                ;
; almost_full_data  ; Output ; Info     ; Explicitly unconnected                                                      ;
; almost_empty_data ; Output ; Info     ; Explicitly unconnected                                                      ;
; in_startofpacket  ; Input  ; Info     ; Stuck at GND                                                                ;
; in_endofpacket    ; Input  ; Info     ; Stuck at GND                                                                ;
; out_startofpacket ; Output ; Info     ; Explicitly unconnected                                                      ;
; out_endofpacket   ; Output ; Info     ; Explicitly unconnected                                                      ;
; in_empty          ; Input  ; Info     ; Stuck at GND                                                                ;
; out_empty         ; Output ; Info     ; Explicitly unconnected                                                      ;
; in_error          ; Input  ; Info     ; Stuck at GND                                                                ;
; out_error         ; Output ; Info     ; Explicitly unconnected                                                      ;
; in_channel        ; Input  ; Info     ; Stuck at GND                                                                ;
; out_channel       ; Output ; Info     ; Explicitly unconnected                                                      ;
+-------------------+--------+----------+-----------------------------------------------------------------------------+


+-------------------------------------------------------------------------------------------------------------------+
; Port Connectivity Checks: "Lab3_mm_interconnect_0:mm_interconnect_0|altera_avalon_sc_fifo:hex3_s1_agent_rsp_fifo" ;
+-------------------+--------+----------+---------------------------------------------------------------------------+
; Port              ; Type   ; Severity ; Details                                                                   ;
+-------------------+--------+----------+---------------------------------------------------------------------------+
; csr_address       ; Input  ; Info     ; Stuck at GND                                                              ;
; csr_read          ; Input  ; Info     ; Stuck at GND                                                              ;
; csr_write         ; Input  ; Info     ; Stuck at GND                                                              ;
; csr_readdata      ; Output ; Info     ; Explicitly unconnected                                                    ;
; csr_writedata     ; Input  ; Info     ; Stuck at GND                                                              ;
; almost_full_data  ; Output ; Info     ; Explicitly unconnected                                                    ;
; almost_empty_data ; Output ; Info     ; Explicitly unconnected                                                    ;
; in_empty          ; Input  ; Info     ; Stuck at GND                                                              ;
; out_empty         ; Output ; Info     ; Explicitly unconnected                                                    ;
; in_error          ; Input  ; Info     ; Stuck at GND                                                              ;
; out_error         ; Output ; Info     ; Explicitly unconnected                                                    ;
; in_channel        ; Input  ; Info     ; Stuck at GND                                                              ;
; out_channel       ; Output ; Info     ; Explicitly unconnected                                                    ;
+-------------------+--------+----------+---------------------------------------------------------------------------+


+--------------------------------------------------------------------------------------------------------------+
; Port Connectivity Checks: "Lab3_mm_interconnect_0:mm_interconnect_0|altera_merlin_slave_agent:hex3_s1_agent" ;
+-----------------------+-------+----------+-------------------------------------------------------------------+
; Port                  ; Type  ; Severity ; Details                                                           ;
+-----------------------+-------+----------+-------------------------------------------------------------------+
; m0_response           ; Input ; Info     ; Stuck at GND                                                      ;
; m0_writeresponsevalid ; Input ; Info     ; Stuck at GND                                                      ;
+-----------------------+-------+----------+-------------------------------------------------------------------+


+---------------------------------------------------------------------------------------------------------------------+
; Port Connectivity Checks: "Lab3_mm_interconnect_0:mm_interconnect_0|altera_avalon_sc_fifo:hex2_s1_agent_rdata_fifo" ;
+-------------------+--------+----------+-----------------------------------------------------------------------------+
; Port              ; Type   ; Severity ; Details                                                                     ;
+-------------------+--------+----------+-----------------------------------------------------------------------------+
; csr_address       ; Input  ; Info     ; Stuck at GND                                                                ;
; csr_read          ; Input  ; Info     ; Stuck at GND                                                                ;
; csr_write         ; Input  ; Info     ; Stuck at GND                                                                ;
; csr_readdata      ; Output ; Info     ; Explicitly unconnected                                                      ;
; csr_writedata     ; Input  ; Info     ; Stuck at GND                                                                ;
; almost_full_data  ; Output ; Info     ; Explicitly unconnected                                                      ;
; almost_empty_data ; Output ; Info     ; Explicitly unconnected                                                      ;
; in_startofpacket  ; Input  ; Info     ; Stuck at GND                                                                ;
; in_endofpacket    ; Input  ; Info     ; Stuck at GND                                                                ;
; out_startofpacket ; Output ; Info     ; Explicitly unconnected                                                      ;
; out_endofpacket   ; Output ; Info     ; Explicitly unconnected                                                      ;
; in_empty          ; Input  ; Info     ; Stuck at GND                                                                ;
; out_empty         ; Output ; Info     ; Explicitly unconnected                                                      ;
; in_error          ; Input  ; Info     ; Stuck at GND                                                                ;
; out_error         ; Output ; Info     ; Explicitly unconnected                                                      ;
; in_channel        ; Input  ; Info     ; Stuck at GND                                                                ;
; out_channel       ; Output ; Info     ; Explicitly unconnected                                                      ;
+-------------------+--------+----------+-----------------------------------------------------------------------------+


+-------------------------------------------------------------------------------------------------------------------+
; Port Connectivity Checks: "Lab3_mm_interconnect_0:mm_interconnect_0|altera_avalon_sc_fifo:hex2_s1_agent_rsp_fifo" ;
+-------------------+--------+----------+---------------------------------------------------------------------------+
; Port              ; Type   ; Severity ; Details                                                                   ;
+-------------------+--------+----------+---------------------------------------------------------------------------+
; csr_address       ; Input  ; Info     ; Stuck at GND                                                              ;
; csr_read          ; Input  ; Info     ; Stuck at GND                                                              ;
; csr_write         ; Input  ; Info     ; Stuck at GND                                                              ;
; csr_readdata      ; Output ; Info     ; Explicitly unconnected                                                    ;
; csr_writedata     ; Input  ; Info     ; Stuck at GND                                                              ;
; almost_full_data  ; Output ; Info     ; Explicitly unconnected                                                    ;
; almost_empty_data ; Output ; Info     ; Explicitly unconnected                                                    ;
; in_empty          ; Input  ; Info     ; Stuck at GND                                                              ;
; out_empty         ; Output ; Info     ; Explicitly unconnected                                                    ;
; in_error          ; Input  ; Info     ; Stuck at GND                                                              ;
; out_error         ; Output ; Info     ; Explicitly unconnected                                                    ;
; in_channel        ; Input  ; Info     ; Stuck at GND                                                              ;
; out_channel       ; Output ; Info     ; Explicitly unconnected                                                    ;
+-------------------+--------+----------+---------------------------------------------------------------------------+


+--------------------------------------------------------------------------------------------------------------+
; Port Connectivity Checks: "Lab3_mm_interconnect_0:mm_interconnect_0|altera_merlin_slave_agent:hex2_s1_agent" ;
+-----------------------+-------+----------+-------------------------------------------------------------------+
; Port                  ; Type  ; Severity ; Details                                                           ;
+-----------------------+-------+----------+-------------------------------------------------------------------+
; m0_response           ; Input ; Info     ; Stuck at GND                                                      ;
; m0_writeresponsevalid ; Input ; Info     ; Stuck at GND                                                      ;
+-----------------------+-------+----------+-------------------------------------------------------------------+


+---------------------------------------------------------------------------------------------------------------------+
; Port Connectivity Checks: "Lab3_mm_interconnect_0:mm_interconnect_0|altera_avalon_sc_fifo:hex1_s1_agent_rdata_fifo" ;
+-------------------+--------+----------+-----------------------------------------------------------------------------+
; Port              ; Type   ; Severity ; Details                                                                     ;
+-------------------+--------+----------+-----------------------------------------------------------------------------+
; csr_address       ; Input  ; Info     ; Stuck at GND                                                                ;
; csr_read          ; Input  ; Info     ; Stuck at GND                                                                ;
; csr_write         ; Input  ; Info     ; Stuck at GND                                                                ;
; csr_readdata      ; Output ; Info     ; Explicitly unconnected                                                      ;
; csr_writedata     ; Input  ; Info     ; Stuck at GND                                                                ;
; almost_full_data  ; Output ; Info     ; Explicitly unconnected                                                      ;
; almost_empty_data ; Output ; Info     ; Explicitly unconnected                                                      ;
; in_startofpacket  ; Input  ; Info     ; Stuck at GND                                                                ;
; in_endofpacket    ; Input  ; Info     ; Stuck at GND                                                                ;
; out_startofpacket ; Output ; Info     ; Explicitly unconnected                                                      ;
; out_endofpacket   ; Output ; Info     ; Explicitly unconnected                                                      ;
; in_empty          ; Input  ; Info     ; Stuck at GND                                                                ;
; out_empty         ; Output ; Info     ; Explicitly unconnected                                                      ;
; in_error          ; Input  ; Info     ; Stuck at GND                                                                ;
; out_error         ; Output ; Info     ; Explicitly unconnected                                                      ;
; in_channel        ; Input  ; Info     ; Stuck at GND                                                                ;
; out_channel       ; Output ; Info     ; Explicitly unconnected                                                      ;
+-------------------+--------+----------+-----------------------------------------------------------------------------+


+-------------------------------------------------------------------------------------------------------------------+
; Port Connectivity Checks: "Lab3_mm_interconnect_0:mm_interconnect_0|altera_avalon_sc_fifo:hex1_s1_agent_rsp_fifo" ;
+-------------------+--------+----------+---------------------------------------------------------------------------+
; Port              ; Type   ; Severity ; Details                                                                   ;
+-------------------+--------+----------+---------------------------------------------------------------------------+
; csr_address       ; Input  ; Info     ; Stuck at GND                                                              ;
; csr_read          ; Input  ; Info     ; Stuck at GND                                                              ;
; csr_write         ; Input  ; Info     ; Stuck at GND                                                              ;
; csr_readdata      ; Output ; Info     ; Explicitly unconnected                                                    ;
; csr_writedata     ; Input  ; Info     ; Stuck at GND                                                              ;
; almost_full_data  ; Output ; Info     ; Explicitly unconnected                                                    ;
; almost_empty_data ; Output ; Info     ; Explicitly unconnected                                                    ;
; in_empty          ; Input  ; Info     ; Stuck at GND                                                              ;
; out_empty         ; Output ; Info     ; Explicitly unconnected                                                    ;
; in_error          ; Input  ; Info     ; Stuck at GND                                                              ;
; out_error         ; Output ; Info     ; Explicitly unconnected                                                    ;
; in_channel        ; Input  ; Info     ; Stuck at GND                                                              ;
; out_channel       ; Output ; Info     ; Explicitly unconnected                                                    ;
+-------------------+--------+----------+---------------------------------------------------------------------------+


+--------------------------------------------------------------------------------------------------------------+
; Port Connectivity Checks: "Lab3_mm_interconnect_0:mm_interconnect_0|altera_merlin_slave_agent:hex1_s1_agent" ;
+-----------------------+-------+----------+-------------------------------------------------------------------+
; Port                  ; Type  ; Severity ; Details                                                           ;
+-----------------------+-------+----------+-------------------------------------------------------------------+
; m0_response           ; Input ; Info     ; Stuck at GND                                                      ;
; m0_writeresponsevalid ; Input ; Info     ; Stuck at GND                                                      ;
+-----------------------+-------+----------+-------------------------------------------------------------------+


+---------------------------------------------------------------------------------------------------------------------+
; Port Connectivity Checks: "Lab3_mm_interconnect_0:mm_interconnect_0|altera_avalon_sc_fifo:hex0_s1_agent_rdata_fifo" ;
+-------------------+--------+----------+-----------------------------------------------------------------------------+
; Port              ; Type   ; Severity ; Details                                                                     ;
+-------------------+--------+----------+-----------------------------------------------------------------------------+
; csr_address       ; Input  ; Info     ; Stuck at GND                                                                ;
; csr_read          ; Input  ; Info     ; Stuck at GND                                                                ;
; csr_write         ; Input  ; Info     ; Stuck at GND                                                                ;
; csr_readdata      ; Output ; Info     ; Explicitly unconnected                                                      ;
; csr_writedata     ; Input  ; Info     ; Stuck at GND                                                                ;
; almost_full_data  ; Output ; Info     ; Explicitly unconnected                                                      ;
; almost_empty_data ; Output ; Info     ; Explicitly unconnected                                                      ;
; in_startofpacket  ; Input  ; Info     ; Stuck at GND                                                                ;
; in_endofpacket    ; Input  ; Info     ; Stuck at GND                                                                ;
; out_startofpacket ; Output ; Info     ; Explicitly unconnected                                                      ;
; out_endofpacket   ; Output ; Info     ; Explicitly unconnected                                                      ;
; in_empty          ; Input  ; Info     ; Stuck at GND                                                                ;
; out_empty         ; Output ; Info     ; Explicitly unconnected                                                      ;
; in_error          ; Input  ; Info     ; Stuck at GND                                                                ;
; out_error         ; Output ; Info     ; Explicitly unconnected                                                      ;
; in_channel        ; Input  ; Info     ; Stuck at GND                                                                ;
; out_channel       ; Output ; Info     ; Explicitly unconnected                                                      ;
+-------------------+--------+----------+-----------------------------------------------------------------------------+


+-------------------------------------------------------------------------------------------------------------------+
; Port Connectivity Checks: "Lab3_mm_interconnect_0:mm_interconnect_0|altera_avalon_sc_fifo:hex0_s1_agent_rsp_fifo" ;
+-------------------+--------+----------+---------------------------------------------------------------------------+
; Port              ; Type   ; Severity ; Details                                                                   ;
+-------------------+--------+----------+---------------------------------------------------------------------------+
; csr_address       ; Input  ; Info     ; Stuck at GND                                                              ;
; csr_read          ; Input  ; Info     ; Stuck at GND                                                              ;
; csr_write         ; Input  ; Info     ; Stuck at GND                                                              ;
; csr_readdata      ; Output ; Info     ; Explicitly unconnected                                                    ;
; csr_writedata     ; Input  ; Info     ; Stuck at GND                                                              ;
; almost_full_data  ; Output ; Info     ; Explicitly unconnected                                                    ;
; almost_empty_data ; Output ; Info     ; Explicitly unconnected                                                    ;
; in_empty          ; Input  ; Info     ; Stuck at GND                                                              ;
; out_empty         ; Output ; Info     ; Explicitly unconnected                                                    ;
; in_error          ; Input  ; Info     ; Stuck at GND                                                              ;
; out_error         ; Output ; Info     ; Explicitly unconnected                                                    ;
; in_channel        ; Input  ; Info     ; Stuck at GND                                                              ;
; out_channel       ; Output ; Info     ; Explicitly unconnected                                                    ;
+-------------------+--------+----------+---------------------------------------------------------------------------+


+--------------------------------------------------------------------------------------------------------------+
; Port Connectivity Checks: "Lab3_mm_interconnect_0:mm_interconnect_0|altera_merlin_slave_agent:hex0_s1_agent" ;
+-----------------------+-------+----------+-------------------------------------------------------------------+
; Port                  ; Type  ; Severity ; Details                                                           ;
+-----------------------+-------+----------+-------------------------------------------------------------------+
; m0_response           ; Input ; Info     ; Stuck at GND                                                      ;
; m0_writeresponsevalid ; Input ; Info     ; Stuck at GND                                                      ;
+-----------------------+-------+----------+-------------------------------------------------------------------+


+---------------------------------------------------------------------------------------------------------------------+
; Port Connectivity Checks: "Lab3_mm_interconnect_0:mm_interconnect_0|altera_avalon_sc_fifo:sram_s1_agent_rdata_fifo" ;
+-------------------+--------+----------+-----------------------------------------------------------------------------+
; Port              ; Type   ; Severity ; Details                                                                     ;
+-------------------+--------+----------+-----------------------------------------------------------------------------+
; csr_address       ; Input  ; Info     ; Stuck at GND                                                                ;
; csr_read          ; Input  ; Info     ; Stuck at GND                                                                ;
; csr_write         ; Input  ; Info     ; Stuck at GND                                                                ;
; csr_readdata      ; Output ; Info     ; Explicitly unconnected                                                      ;
; csr_writedata     ; Input  ; Info     ; Stuck at GND                                                                ;
; almost_full_data  ; Output ; Info     ; Explicitly unconnected                                                      ;
; almost_empty_data ; Output ; Info     ; Explicitly unconnected                                                      ;
; in_startofpacket  ; Input  ; Info     ; Stuck at GND                                                                ;
; in_endofpacket    ; Input  ; Info     ; Stuck at GND                                                                ;
; out_startofpacket ; Output ; Info     ; Explicitly unconnected                                                      ;
; out_endofpacket   ; Output ; Info     ; Explicitly unconnected                                                      ;
; in_empty          ; Input  ; Info     ; Stuck at GND                                                                ;
; out_empty         ; Output ; Info     ; Explicitly unconnected                                                      ;
; in_error          ; Input  ; Info     ; Stuck at GND                                                                ;
; out_error         ; Output ; Info     ; Explicitly unconnected                                                      ;
; in_channel        ; Input  ; Info     ; Stuck at GND                                                                ;
; out_channel       ; Output ; Info     ; Explicitly unconnected                                                      ;
+-------------------+--------+----------+-----------------------------------------------------------------------------+


+-------------------------------------------------------------------------------------------------------------------+
; Port Connectivity Checks: "Lab3_mm_interconnect_0:mm_interconnect_0|altera_avalon_sc_fifo:sram_s1_agent_rsp_fifo" ;
+-------------------+--------+----------+---------------------------------------------------------------------------+
; Port              ; Type   ; Severity ; Details                                                                   ;
+-------------------+--------+----------+---------------------------------------------------------------------------+
; csr_address       ; Input  ; Info     ; Stuck at GND                                                              ;
; csr_read          ; Input  ; Info     ; Stuck at GND                                                              ;
; csr_write         ; Input  ; Info     ; Stuck at GND                                                              ;
; csr_readdata      ; Output ; Info     ; Explicitly unconnected                                                    ;
; csr_writedata     ; Input  ; Info     ; Stuck at GND                                                              ;
; almost_full_data  ; Output ; Info     ; Explicitly unconnected                                                    ;
; almost_empty_data ; Output ; Info     ; Explicitly unconnected                                                    ;
; in_empty          ; Input  ; Info     ; Stuck at GND                                                              ;
; out_empty         ; Output ; Info     ; Explicitly unconnected                                                    ;
; in_error          ; Input  ; Info     ; Stuck at GND                                                              ;
; out_error         ; Output ; Info     ; Explicitly unconnected                                                    ;
; in_channel        ; Input  ; Info     ; Stuck at GND                                                              ;
; out_channel       ; Output ; Info     ; Explicitly unconnected                                                    ;
+-------------------+--------+----------+---------------------------------------------------------------------------+


+--------------------------------------------------------------------------------------------------------------+
; Port Connectivity Checks: "Lab3_mm_interconnect_0:mm_interconnect_0|altera_merlin_slave_agent:sram_s1_agent" ;
+-----------------------+-------+----------+-------------------------------------------------------------------+
; Port                  ; Type  ; Severity ; Details                                                           ;
+-----------------------+-------+----------+-------------------------------------------------------------------+
; m0_response           ; Input ; Info     ; Stuck at GND                                                      ;
; m0_writeresponsevalid ; Input ; Info     ; Stuck at GND                                                      ;
+-----------------------+-------+----------+-------------------------------------------------------------------+


+---------------------------------------------------------------------------------------------------------------------------+
; Port Connectivity Checks: "Lab3_mm_interconnect_0:mm_interconnect_0|altera_avalon_sc_fifo:lab3_dm_agent_agent_rdata_fifo" ;
+-------------------+--------+----------+-----------------------------------------------------------------------------------+
; Port              ; Type   ; Severity ; Details                                                                           ;
+-------------------+--------+----------+-----------------------------------------------------------------------------------+
; csr_address       ; Input  ; Info     ; Stuck at GND                                                                      ;
; csr_read          ; Input  ; Info     ; Stuck at GND                                                                      ;
; csr_write         ; Input  ; Info     ; Stuck at GND                                                                      ;
; csr_readdata      ; Output ; Info     ; Explicitly unconnected                                                            ;
; csr_writedata     ; Input  ; Info     ; Stuck at GND                                                                      ;
; almost_full_data  ; Output ; Info     ; Explicitly unconnected                                                            ;
; almost_empty_data ; Output ; Info     ; Explicitly unconnected                                                            ;
; in_startofpacket  ; Input  ; Info     ; Stuck at GND                                                                      ;
; in_endofpacket    ; Input  ; Info     ; Stuck at GND                                                                      ;
; out_startofpacket ; Output ; Info     ; Explicitly unconnected                                                            ;
; out_endofpacket   ; Output ; Info     ; Explicitly unconnected                                                            ;
; in_empty          ; Input  ; Info     ; Stuck at GND                                                                      ;
; out_empty         ; Output ; Info     ; Explicitly unconnected                                                            ;
; in_error          ; Input  ; Info     ; Stuck at GND                                                                      ;
; out_error         ; Output ; Info     ; Explicitly unconnected                                                            ;
; in_channel        ; Input  ; Info     ; Stuck at GND                                                                      ;
; out_channel       ; Output ; Info     ; Explicitly unconnected                                                            ;
+-------------------+--------+----------+-----------------------------------------------------------------------------------+


+-------------------------------------------------------------------------------------------------------------------------+
; Port Connectivity Checks: "Lab3_mm_interconnect_0:mm_interconnect_0|altera_avalon_sc_fifo:lab3_dm_agent_agent_rsp_fifo" ;
+-------------------+--------+----------+---------------------------------------------------------------------------------+
; Port              ; Type   ; Severity ; Details                                                                         ;
+-------------------+--------+----------+---------------------------------------------------------------------------------+
; csr_address       ; Input  ; Info     ; Stuck at GND                                                                    ;
; csr_read          ; Input  ; Info     ; Stuck at GND                                                                    ;
; csr_write         ; Input  ; Info     ; Stuck at GND                                                                    ;
; csr_readdata      ; Output ; Info     ; Explicitly unconnected                                                          ;
; csr_writedata     ; Input  ; Info     ; Stuck at GND                                                                    ;
; almost_full_data  ; Output ; Info     ; Explicitly unconnected                                                          ;
; almost_empty_data ; Output ; Info     ; Explicitly unconnected                                                          ;
; in_empty          ; Input  ; Info     ; Stuck at GND                                                                    ;
; out_empty         ; Output ; Info     ; Explicitly unconnected                                                          ;
; in_error          ; Input  ; Info     ; Stuck at GND                                                                    ;
; out_error         ; Output ; Info     ; Explicitly unconnected                                                          ;
; in_channel        ; Input  ; Info     ; Stuck at GND                                                                    ;
; out_channel       ; Output ; Info     ; Explicitly unconnected                                                          ;
+-------------------+--------+----------+---------------------------------------------------------------------------------+


+--------------------------------------------------------------------------------------------------------------------+
; Port Connectivity Checks: "Lab3_mm_interconnect_0:mm_interconnect_0|altera_merlin_slave_agent:lab3_dm_agent_agent" ;
+-----------------------+-------+----------+-------------------------------------------------------------------------+
; Port                  ; Type  ; Severity ; Details                                                                 ;
+-----------------------+-------+----------+-------------------------------------------------------------------------+
; m0_response           ; Input ; Info     ; Stuck at GND                                                            ;
; m0_writeresponsevalid ; Input ; Info     ; Stuck at GND                                                            ;
+-----------------------+-------+----------+-------------------------------------------------------------------------+


+-------------------------------------------------------------------------------------------------------------------------------------+
; Port Connectivity Checks: "Lab3_mm_interconnect_0:mm_interconnect_0|altera_avalon_sc_fifo:debug_avalon_jtag_slave_agent_rdata_fifo" ;
+-------------------+--------+----------+---------------------------------------------------------------------------------------------+
; Port              ; Type   ; Severity ; Details                                                                                     ;
+-------------------+--------+----------+---------------------------------------------------------------------------------------------+
; csr_address       ; Input  ; Info     ; Stuck at GND                                                                                ;
; csr_read          ; Input  ; Info     ; Stuck at GND                                                                                ;
; csr_write         ; Input  ; Info     ; Stuck at GND                                                                                ;
; csr_readdata      ; Output ; Info     ; Explicitly unconnected                                                                      ;
; csr_writedata     ; Input  ; Info     ; Stuck at GND                                                                                ;
; almost_full_data  ; Output ; Info     ; Explicitly unconnected                                                                      ;
; almost_empty_data ; Output ; Info     ; Explicitly unconnected                                                                      ;
; in_startofpacket  ; Input  ; Info     ; Stuck at GND                                                                                ;
; in_endofpacket    ; Input  ; Info     ; Stuck at GND                                                                                ;
; out_startofpacket ; Output ; Info     ; Explicitly unconnected                                                                      ;
; out_endofpacket   ; Output ; Info     ; Explicitly unconnected                                                                      ;
; in_empty          ; Input  ; Info     ; Stuck at GND                                                                                ;
; out_empty         ; Output ; Info     ; Explicitly unconnected                                                                      ;
; in_error          ; Input  ; Info     ; Stuck at GND                                                                                ;
; out_error         ; Output ; Info     ; Explicitly unconnected                                                                      ;
; in_channel        ; Input  ; Info     ; Stuck at GND                                                                                ;
; out_channel       ; Output ; Info     ; Explicitly unconnected                                                                      ;
+-------------------+--------+----------+---------------------------------------------------------------------------------------------+


+-----------------------------------------------------------------------------------------------------------------------------------+
; Port Connectivity Checks: "Lab3_mm_interconnect_0:mm_interconnect_0|altera_avalon_sc_fifo:debug_avalon_jtag_slave_agent_rsp_fifo" ;
+-------------------+--------+----------+-------------------------------------------------------------------------------------------+
; Port              ; Type   ; Severity ; Details                                                                                   ;
+-------------------+--------+----------+-------------------------------------------------------------------------------------------+
; csr_address       ; Input  ; Info     ; Stuck at GND                                                                              ;
; csr_read          ; Input  ; Info     ; Stuck at GND                                                                              ;
; csr_write         ; Input  ; Info     ; Stuck at GND                                                                              ;
; csr_readdata      ; Output ; Info     ; Explicitly unconnected                                                                    ;
; csr_writedata     ; Input  ; Info     ; Stuck at GND                                                                              ;
; almost_full_data  ; Output ; Info     ; Explicitly unconnected                                                                    ;
; almost_empty_data ; Output ; Info     ; Explicitly unconnected                                                                    ;
; in_empty          ; Input  ; Info     ; Stuck at GND                                                                              ;
; out_empty         ; Output ; Info     ; Explicitly unconnected                                                                    ;
; in_error          ; Input  ; Info     ; Stuck at GND                                                                              ;
; out_error         ; Output ; Info     ; Explicitly unconnected                                                                    ;
; in_channel        ; Input  ; Info     ; Stuck at GND                                                                              ;
; out_channel       ; Output ; Info     ; Explicitly unconnected                                                                    ;
+-------------------+--------+----------+-------------------------------------------------------------------------------------------+


+------------------------------------------------------------------------------------------------------------------------------+
; Port Connectivity Checks: "Lab3_mm_interconnect_0:mm_interconnect_0|altera_merlin_slave_agent:debug_avalon_jtag_slave_agent" ;
+-----------------------+-------+----------+-----------------------------------------------------------------------------------+
; Port                  ; Type  ; Severity ; Details                                                                           ;
+-----------------------+-------+----------+-----------------------------------------------------------------------------------+
; m0_response           ; Input ; Info     ; Stuck at GND                                                                      ;
; m0_writeresponsevalid ; Input ; Info     ; Stuck at GND                                                                      ;
+-----------------------+-------+----------+-----------------------------------------------------------------------------------+


+---------------------------------------------------------------------------------------------------------------------------------+
; Port Connectivity Checks: "Lab3_mm_interconnect_0:mm_interconnect_0|altera_merlin_axi_master_ni:lab3_instruction_manager_agent" ;
+------------+--------+----------+------------------------------------------------------------------------------------------------+
; Port       ; Type   ; Severity ; Details                                                                                        ;
+------------+--------+----------+------------------------------------------------------------------------------------------------+
; awid       ; Input  ; Info     ; Stuck at GND                                                                                   ;
; awlen      ; Input  ; Info     ; Stuck at GND                                                                                   ;
; awsize[2]  ; Input  ; Info     ; Stuck at GND                                                                                   ;
; awsize[1]  ; Input  ; Info     ; Stuck at VCC                                                                                   ;
; awsize[0]  ; Input  ; Info     ; Stuck at GND                                                                                   ;
; awburst[1] ; Input  ; Info     ; Stuck at GND                                                                                   ;
; awburst[0] ; Input  ; Info     ; Stuck at VCC                                                                                   ;
; awlock     ; Input  ; Info     ; Stuck at GND                                                                                   ;
; awcache    ; Input  ; Info     ; Stuck at GND                                                                                   ;
; awqos      ; Input  ; Info     ; Stuck at GND                                                                                   ;
; awregion   ; Input  ; Info     ; Stuck at GND                                                                                   ;
; awuser     ; Input  ; Info     ; Stuck at GND                                                                                   ;
; arid       ; Input  ; Info     ; Stuck at GND                                                                                   ;
; arlen      ; Input  ; Info     ; Stuck at GND                                                                                   ;
; arsize[2]  ; Input  ; Info     ; Stuck at GND                                                                                   ;
; arsize[1]  ; Input  ; Info     ; Stuck at VCC                                                                                   ;
; arsize[0]  ; Input  ; Info     ; Stuck at GND                                                                                   ;
; arburst[1] ; Input  ; Info     ; Stuck at GND                                                                                   ;
; arburst[0] ; Input  ; Info     ; Stuck at VCC                                                                                   ;
; arlock     ; Input  ; Info     ; Stuck at GND                                                                                   ;
; arcache    ; Input  ; Info     ; Stuck at GND                                                                                   ;
; arqos      ; Input  ; Info     ; Stuck at GND                                                                                   ;
; arregion   ; Input  ; Info     ; Stuck at GND                                                                                   ;
; aruser     ; Input  ; Info     ; Stuck at GND                                                                                   ;
; wid        ; Input  ; Info     ; Stuck at GND                                                                                   ;
; wlast      ; Input  ; Info     ; Stuck at VCC                                                                                   ;
; wuser      ; Input  ; Info     ; Stuck at GND                                                                                   ;
; bid        ; Output ; Info     ; Explicitly unconnected                                                                         ;
; buser      ; Output ; Info     ; Explicitly unconnected                                                                         ;
; rid        ; Output ; Info     ; Explicitly unconnected                                                                         ;
; rlast      ; Output ; Info     ; Explicitly unconnected                                                                         ;
; ruser      ; Output ; Info     ; Explicitly unconnected                                                                         ;
+------------+--------+----------+------------------------------------------------------------------------------------------------+


+--------------------------------------------------------------------------------------------------------------------------+
; Port Connectivity Checks: "Lab3_mm_interconnect_0:mm_interconnect_0|altera_merlin_axi_master_ni:lab3_data_manager_agent" ;
+------------+--------+----------+-----------------------------------------------------------------------------------------+
; Port       ; Type   ; Severity ; Details                                                                                 ;
+------------+--------+----------+-----------------------------------------------------------------------------------------+
; awid       ; Input  ; Info     ; Stuck at GND                                                                            ;
; awlen      ; Input  ; Info     ; Stuck at GND                                                                            ;
; awsize[2]  ; Input  ; Info     ; Stuck at GND                                                                            ;
; awsize[1]  ; Input  ; Info     ; Stuck at VCC                                                                            ;
; awsize[0]  ; Input  ; Info     ; Stuck at GND                                                                            ;
; awburst[1] ; Input  ; Info     ; Stuck at GND                                                                            ;
; awburst[0] ; Input  ; Info     ; Stuck at VCC                                                                            ;
; awlock     ; Input  ; Info     ; Stuck at GND                                                                            ;
; awcache    ; Input  ; Info     ; Stuck at GND                                                                            ;
; awqos      ; Input  ; Info     ; Stuck at GND                                                                            ;
; awregion   ; Input  ; Info     ; Stuck at GND                                                                            ;
; awuser     ; Input  ; Info     ; Stuck at GND                                                                            ;
; arid       ; Input  ; Info     ; Stuck at GND                                                                            ;
; arlen      ; Input  ; Info     ; Stuck at GND                                                                            ;
; arsize[2]  ; Input  ; Info     ; Stuck at GND                                                                            ;
; arsize[1]  ; Input  ; Info     ; Stuck at VCC                                                                            ;
; arsize[0]  ; Input  ; Info     ; Stuck at GND                                                                            ;
; arburst[1] ; Input  ; Info     ; Stuck at GND                                                                            ;
; arburst[0] ; Input  ; Info     ; Stuck at VCC                                                                            ;
; arlock     ; Input  ; Info     ; Stuck at GND                                                                            ;
; arcache    ; Input  ; Info     ; Stuck at GND                                                                            ;
; arqos      ; Input  ; Info     ; Stuck at GND                                                                            ;
; arregion   ; Input  ; Info     ; Stuck at GND                                                                            ;
; aruser     ; Input  ; Info     ; Stuck at GND                                                                            ;
; wid        ; Input  ; Info     ; Stuck at GND                                                                            ;
; wlast      ; Input  ; Info     ; Stuck at VCC                                                                            ;
; wuser      ; Input  ; Info     ; Stuck at GND                                                                            ;
; bid        ; Output ; Info     ; Explicitly unconnected                                                                  ;
; buser      ; Output ; Info     ; Explicitly unconnected                                                                  ;
; rid        ; Output ; Info     ; Explicitly unconnected                                                                  ;
; rlast      ; Output ; Info     ; Explicitly unconnected                                                                  ;
; ruser      ; Output ; Info     ; Explicitly unconnected                                                                  ;
+------------+--------+----------+-----------------------------------------------------------------------------------------+


+------------------------------------------------------------------------------------------------------------------------------------+
; Port Connectivity Checks: "Lab3_mm_interconnect_0:mm_interconnect_0|altera_merlin_slave_translator:lab3_timer_sw_agent_translator" ;
+------------------------+--------+----------+---------------------------------------------------------------------------------------+
; Port                   ; Type   ; Severity ; Details                                                                               ;
+------------------------+--------+----------+---------------------------------------------------------------------------------------+
; av_begintransfer       ; Output ; Info     ; Explicitly unconnected                                                                ;
; av_beginbursttransfer  ; Output ; Info     ; Explicitly unconnected                                                                ;
; av_burstcount          ; Output ; Info     ; Explicitly unconnected                                                                ;
; av_writebyteenable     ; Output ; Info     ; Explicitly unconnected                                                                ;
; av_lock                ; Output ; Info     ; Explicitly unconnected                                                                ;
; av_chipselect          ; Output ; Info     ; Explicitly unconnected                                                                ;
; av_clken               ; Output ; Info     ; Explicitly unconnected                                                                ;
; uav_clken              ; Input  ; Info     ; Stuck at GND                                                                          ;
; av_debugaccess         ; Output ; Info     ; Explicitly unconnected                                                                ;
; av_outputenable        ; Output ; Info     ; Explicitly unconnected                                                                ;
; uav_response           ; Output ; Info     ; Explicitly unconnected                                                                ;
; av_response            ; Input  ; Info     ; Stuck at GND                                                                          ;
; uav_writeresponsevalid ; Output ; Info     ; Explicitly unconnected                                                                ;
; av_writeresponsevalid  ; Input  ; Info     ; Stuck at GND                                                                          ;
+------------------------+--------+----------+---------------------------------------------------------------------------------------+


+----------------------------------------------------------------------------------------------------------------------------+
; Port Connectivity Checks: "Lab3_mm_interconnect_0:mm_interconnect_0|altera_merlin_slave_translator:switches_s1_translator" ;
+------------------------+--------+----------+-------------------------------------------------------------------------------+
; Port                   ; Type   ; Severity ; Details                                                                       ;
+------------------------+--------+----------+-------------------------------------------------------------------------------+
; av_write               ; Output ; Info     ; Explicitly unconnected                                                        ;
; av_read                ; Output ; Info     ; Explicitly unconnected                                                        ;
; av_writedata           ; Output ; Info     ; Explicitly unconnected                                                        ;
; av_begintransfer       ; Output ; Info     ; Explicitly unconnected                                                        ;
; av_beginbursttransfer  ; Output ; Info     ; Explicitly unconnected                                                        ;
; av_burstcount          ; Output ; Info     ; Explicitly unconnected                                                        ;
; av_byteenable          ; Output ; Info     ; Explicitly unconnected                                                        ;
; av_readdatavalid       ; Input  ; Info     ; Stuck at GND                                                                  ;
; av_waitrequest         ; Input  ; Info     ; Stuck at GND                                                                  ;
; av_writebyteenable     ; Output ; Info     ; Explicitly unconnected                                                        ;
; av_lock                ; Output ; Info     ; Explicitly unconnected                                                        ;
; av_chipselect          ; Output ; Info     ; Explicitly unconnected                                                        ;
; av_clken               ; Output ; Info     ; Explicitly unconnected                                                        ;
; uav_clken              ; Input  ; Info     ; Stuck at GND                                                                  ;
; av_debugaccess         ; Output ; Info     ; Explicitly unconnected                                                        ;
; av_outputenable        ; Output ; Info     ; Explicitly unconnected                                                        ;
; uav_response           ; Output ; Info     ; Explicitly unconnected                                                        ;
; av_response            ; Input  ; Info     ; Stuck at GND                                                                  ;
; uav_writeresponsevalid ; Output ; Info     ; Explicitly unconnected                                                        ;
; av_writeresponsevalid  ; Input  ; Info     ; Stuck at GND                                                                  ;
+------------------------+--------+----------+-------------------------------------------------------------------------------+


+------------------------------------------------------------------------------------------------------------------------+
; Port Connectivity Checks: "Lab3_mm_interconnect_0:mm_interconnect_0|altera_merlin_slave_translator:hex5_s1_translator" ;
+------------------------+--------+----------+---------------------------------------------------------------------------+
; Port                   ; Type   ; Severity ; Details                                                                   ;
+------------------------+--------+----------+---------------------------------------------------------------------------+
; av_read                ; Output ; Info     ; Explicitly unconnected                                                    ;
; av_begintransfer       ; Output ; Info     ; Explicitly unconnected                                                    ;
; av_beginbursttransfer  ; Output ; Info     ; Explicitly unconnected                                                    ;
; av_burstcount          ; Output ; Info     ; Explicitly unconnected                                                    ;
; av_byteenable          ; Output ; Info     ; Explicitly unconnected                                                    ;
; av_readdatavalid       ; Input  ; Info     ; Stuck at GND                                                              ;
; av_waitrequest         ; Input  ; Info     ; Stuck at GND                                                              ;
; av_writebyteenable     ; Output ; Info     ; Explicitly unconnected                                                    ;
; av_lock                ; Output ; Info     ; Explicitly unconnected                                                    ;
; av_clken               ; Output ; Info     ; Explicitly unconnected                                                    ;
; uav_clken              ; Input  ; Info     ; Stuck at GND                                                              ;
; av_debugaccess         ; Output ; Info     ; Explicitly unconnected                                                    ;
; av_outputenable        ; Output ; Info     ; Explicitly unconnected                                                    ;
; uav_response           ; Output ; Info     ; Explicitly unconnected                                                    ;
; av_response            ; Input  ; Info     ; Stuck at GND                                                              ;
; uav_writeresponsevalid ; Output ; Info     ; Explicitly unconnected                                                    ;
; av_writeresponsevalid  ; Input  ; Info     ; Stuck at GND                                                              ;
+------------------------+--------+----------+---------------------------------------------------------------------------+


+------------------------------------------------------------------------------------------------------------------------+
; Port Connectivity Checks: "Lab3_mm_interconnect_0:mm_interconnect_0|altera_merlin_slave_translator:hex4_s1_translator" ;
+------------------------+--------+----------+---------------------------------------------------------------------------+
; Port                   ; Type   ; Severity ; Details                                                                   ;
+------------------------+--------+----------+---------------------------------------------------------------------------+
; av_read                ; Output ; Info     ; Explicitly unconnected                                                    ;
; av_begintransfer       ; Output ; Info     ; Explicitly unconnected                                                    ;
; av_beginbursttransfer  ; Output ; Info     ; Explicitly unconnected                                                    ;
; av_burstcount          ; Output ; Info     ; Explicitly unconnected                                                    ;
; av_byteenable          ; Output ; Info     ; Explicitly unconnected                                                    ;
; av_readdatavalid       ; Input  ; Info     ; Stuck at GND                                                              ;
; av_waitrequest         ; Input  ; Info     ; Stuck at GND                                                              ;
; av_writebyteenable     ; Output ; Info     ; Explicitly unconnected                                                    ;
; av_lock                ; Output ; Info     ; Explicitly unconnected                                                    ;
; av_clken               ; Output ; Info     ; Explicitly unconnected                                                    ;
; uav_clken              ; Input  ; Info     ; Stuck at GND                                                              ;
; av_debugaccess         ; Output ; Info     ; Explicitly unconnected                                                    ;
; av_outputenable        ; Output ; Info     ; Explicitly unconnected                                                    ;
; uav_response           ; Output ; Info     ; Explicitly unconnected                                                    ;
; av_response            ; Input  ; Info     ; Stuck at GND                                                              ;
; uav_writeresponsevalid ; Output ; Info     ; Explicitly unconnected                                                    ;
; av_writeresponsevalid  ; Input  ; Info     ; Stuck at GND                                                              ;
+------------------------+--------+----------+---------------------------------------------------------------------------+


+------------------------------------------------------------------------------------------------------------------------+
; Port Connectivity Checks: "Lab3_mm_interconnect_0:mm_interconnect_0|altera_merlin_slave_translator:hex3_s1_translator" ;
+------------------------+--------+----------+---------------------------------------------------------------------------+
; Port                   ; Type   ; Severity ; Details                                                                   ;
+------------------------+--------+----------+---------------------------------------------------------------------------+
; av_read                ; Output ; Info     ; Explicitly unconnected                                                    ;
; av_begintransfer       ; Output ; Info     ; Explicitly unconnected                                                    ;
; av_beginbursttransfer  ; Output ; Info     ; Explicitly unconnected                                                    ;
; av_burstcount          ; Output ; Info     ; Explicitly unconnected                                                    ;
; av_byteenable          ; Output ; Info     ; Explicitly unconnected                                                    ;
; av_readdatavalid       ; Input  ; Info     ; Stuck at GND                                                              ;
; av_waitrequest         ; Input  ; Info     ; Stuck at GND                                                              ;
; av_writebyteenable     ; Output ; Info     ; Explicitly unconnected                                                    ;
; av_lock                ; Output ; Info     ; Explicitly unconnected                                                    ;
; av_clken               ; Output ; Info     ; Explicitly unconnected                                                    ;
; uav_clken              ; Input  ; Info     ; Stuck at GND                                                              ;
; av_debugaccess         ; Output ; Info     ; Explicitly unconnected                                                    ;
; av_outputenable        ; Output ; Info     ; Explicitly unconnected                                                    ;
; uav_response           ; Output ; Info     ; Explicitly unconnected                                                    ;
; av_response            ; Input  ; Info     ; Stuck at GND                                                              ;
; uav_writeresponsevalid ; Output ; Info     ; Explicitly unconnected                                                    ;
; av_writeresponsevalid  ; Input  ; Info     ; Stuck at GND                                                              ;
+------------------------+--------+----------+---------------------------------------------------------------------------+


+------------------------------------------------------------------------------------------------------------------------+
; Port Connectivity Checks: "Lab3_mm_interconnect_0:mm_interconnect_0|altera_merlin_slave_translator:hex2_s1_translator" ;
+------------------------+--------+----------+---------------------------------------------------------------------------+
; Port                   ; Type   ; Severity ; Details                                                                   ;
+------------------------+--------+----------+---------------------------------------------------------------------------+
; av_read                ; Output ; Info     ; Explicitly unconnected                                                    ;
; av_begintransfer       ; Output ; Info     ; Explicitly unconnected                                                    ;
; av_beginbursttransfer  ; Output ; Info     ; Explicitly unconnected                                                    ;
; av_burstcount          ; Output ; Info     ; Explicitly unconnected                                                    ;
; av_byteenable          ; Output ; Info     ; Explicitly unconnected                                                    ;
; av_readdatavalid       ; Input  ; Info     ; Stuck at GND                                                              ;
; av_waitrequest         ; Input  ; Info     ; Stuck at GND                                                              ;
; av_writebyteenable     ; Output ; Info     ; Explicitly unconnected                                                    ;
; av_lock                ; Output ; Info     ; Explicitly unconnected                                                    ;
; av_clken               ; Output ; Info     ; Explicitly unconnected                                                    ;
; uav_clken              ; Input  ; Info     ; Stuck at GND                                                              ;
; av_debugaccess         ; Output ; Info     ; Explicitly unconnected                                                    ;
; av_outputenable        ; Output ; Info     ; Explicitly unconnected                                                    ;
; uav_response           ; Output ; Info     ; Explicitly unconnected                                                    ;
; av_response            ; Input  ; Info     ; Stuck at GND                                                              ;
; uav_writeresponsevalid ; Output ; Info     ; Explicitly unconnected                                                    ;
; av_writeresponsevalid  ; Input  ; Info     ; Stuck at GND                                                              ;
+------------------------+--------+----------+---------------------------------------------------------------------------+


+------------------------------------------------------------------------------------------------------------------------+
; Port Connectivity Checks: "Lab3_mm_interconnect_0:mm_interconnect_0|altera_merlin_slave_translator:hex1_s1_translator" ;
+------------------------+--------+----------+---------------------------------------------------------------------------+
; Port                   ; Type   ; Severity ; Details                                                                   ;
+------------------------+--------+----------+---------------------------------------------------------------------------+
; av_read                ; Output ; Info     ; Explicitly unconnected                                                    ;
; av_begintransfer       ; Output ; Info     ; Explicitly unconnected                                                    ;
; av_beginbursttransfer  ; Output ; Info     ; Explicitly unconnected                                                    ;
; av_burstcount          ; Output ; Info     ; Explicitly unconnected                                                    ;
; av_byteenable          ; Output ; Info     ; Explicitly unconnected                                                    ;
; av_readdatavalid       ; Input  ; Info     ; Stuck at GND                                                              ;
; av_waitrequest         ; Input  ; Info     ; Stuck at GND                                                              ;
; av_writebyteenable     ; Output ; Info     ; Explicitly unconnected                                                    ;
; av_lock                ; Output ; Info     ; Explicitly unconnected                                                    ;
; av_clken               ; Output ; Info     ; Explicitly unconnected                                                    ;
; uav_clken              ; Input  ; Info     ; Stuck at GND                                                              ;
; av_debugaccess         ; Output ; Info     ; Explicitly unconnected                                                    ;
; av_outputenable        ; Output ; Info     ; Explicitly unconnected                                                    ;
; uav_response           ; Output ; Info     ; Explicitly unconnected                                                    ;
; av_response            ; Input  ; Info     ; Stuck at GND                                                              ;
; uav_writeresponsevalid ; Output ; Info     ; Explicitly unconnected                                                    ;
; av_writeresponsevalid  ; Input  ; Info     ; Stuck at GND                                                              ;
+------------------------+--------+----------+---------------------------------------------------------------------------+


+------------------------------------------------------------------------------------------------------------------------+
; Port Connectivity Checks: "Lab3_mm_interconnect_0:mm_interconnect_0|altera_merlin_slave_translator:hex0_s1_translator" ;
+------------------------+--------+----------+---------------------------------------------------------------------------+
; Port                   ; Type   ; Severity ; Details                                                                   ;
+------------------------+--------+----------+---------------------------------------------------------------------------+
; av_read                ; Output ; Info     ; Explicitly unconnected                                                    ;
; av_begintransfer       ; Output ; Info     ; Explicitly unconnected                                                    ;
; av_beginbursttransfer  ; Output ; Info     ; Explicitly unconnected                                                    ;
; av_burstcount          ; Output ; Info     ; Explicitly unconnected                                                    ;
; av_byteenable          ; Output ; Info     ; Explicitly unconnected                                                    ;
; av_readdatavalid       ; Input  ; Info     ; Stuck at GND                                                              ;
; av_waitrequest         ; Input  ; Info     ; Stuck at GND                                                              ;
; av_writebyteenable     ; Output ; Info     ; Explicitly unconnected                                                    ;
; av_lock                ; Output ; Info     ; Explicitly unconnected                                                    ;
; av_clken               ; Output ; Info     ; Explicitly unconnected                                                    ;
; uav_clken              ; Input  ; Info     ; Stuck at GND                                                              ;
; av_debugaccess         ; Output ; Info     ; Explicitly unconnected                                                    ;
; av_outputenable        ; Output ; Info     ; Explicitly unconnected                                                    ;
; uav_response           ; Output ; Info     ; Explicitly unconnected                                                    ;
; av_response            ; Input  ; Info     ; Stuck at GND                                                              ;
; uav_writeresponsevalid ; Output ; Info     ; Explicitly unconnected                                                    ;
; av_writeresponsevalid  ; Input  ; Info     ; Stuck at GND                                                              ;
+------------------------+--------+----------+---------------------------------------------------------------------------+


+------------------------------------------------------------------------------------------------------------------------+
; Port Connectivity Checks: "Lab3_mm_interconnect_0:mm_interconnect_0|altera_merlin_slave_translator:sram_s1_translator" ;
+------------------------+--------+----------+---------------------------------------------------------------------------+
; Port                   ; Type   ; Severity ; Details                                                                   ;
+------------------------+--------+----------+---------------------------------------------------------------------------+
; av_read                ; Output ; Info     ; Explicitly unconnected                                                    ;
; av_begintransfer       ; Output ; Info     ; Explicitly unconnected                                                    ;
; av_beginbursttransfer  ; Output ; Info     ; Explicitly unconnected                                                    ;
; av_burstcount          ; Output ; Info     ; Explicitly unconnected                                                    ;
; av_readdatavalid       ; Input  ; Info     ; Stuck at GND                                                              ;
; av_waitrequest         ; Input  ; Info     ; Stuck at GND                                                              ;
; av_writebyteenable     ; Output ; Info     ; Explicitly unconnected                                                    ;
; av_lock                ; Output ; Info     ; Explicitly unconnected                                                    ;
; uav_clken              ; Input  ; Info     ; Stuck at GND                                                              ;
; av_debugaccess         ; Output ; Info     ; Explicitly unconnected                                                    ;
; av_outputenable        ; Output ; Info     ; Explicitly unconnected                                                    ;
; uav_response           ; Output ; Info     ; Explicitly unconnected                                                    ;
; av_response            ; Input  ; Info     ; Stuck at GND                                                              ;
; uav_writeresponsevalid ; Output ; Info     ; Explicitly unconnected                                                    ;
; av_writeresponsevalid  ; Input  ; Info     ; Stuck at GND                                                              ;
+------------------------+--------+----------+---------------------------------------------------------------------------+


+------------------------------------------------------------------------------------------------------------------------------+
; Port Connectivity Checks: "Lab3_mm_interconnect_0:mm_interconnect_0|altera_merlin_slave_translator:lab3_dm_agent_translator" ;
+------------------------+--------+----------+---------------------------------------------------------------------------------+
; Port                   ; Type   ; Severity ; Details                                                                         ;
+------------------------+--------+----------+---------------------------------------------------------------------------------+
; av_begintransfer       ; Output ; Info     ; Explicitly unconnected                                                          ;
; av_beginbursttransfer  ; Output ; Info     ; Explicitly unconnected                                                          ;
; av_burstcount          ; Output ; Info     ; Explicitly unconnected                                                          ;
; av_byteenable          ; Output ; Info     ; Explicitly unconnected                                                          ;
; av_writebyteenable     ; Output ; Info     ; Explicitly unconnected                                                          ;
; av_lock                ; Output ; Info     ; Explicitly unconnected                                                          ;
; av_chipselect          ; Output ; Info     ; Explicitly unconnected                                                          ;
; av_clken               ; Output ; Info     ; Explicitly unconnected                                                          ;
; uav_clken              ; Input  ; Info     ; Stuck at GND                                                                    ;
; av_debugaccess         ; Output ; Info     ; Explicitly unconnected                                                          ;
; av_outputenable        ; Output ; Info     ; Explicitly unconnected                                                          ;
; uav_response           ; Output ; Info     ; Explicitly unconnected                                                          ;
; av_response            ; Input  ; Info     ; Stuck at GND                                                                    ;
; uav_writeresponsevalid ; Output ; Info     ; Explicitly unconnected                                                          ;
; av_writeresponsevalid  ; Input  ; Info     ; Stuck at GND                                                                    ;
+------------------------+--------+----------+---------------------------------------------------------------------------------+


+----------------------------------------------------------------------------------------------------------------------------------------+
; Port Connectivity Checks: "Lab3_mm_interconnect_0:mm_interconnect_0|altera_merlin_slave_translator:debug_avalon_jtag_slave_translator" ;
+------------------------+--------+----------+-------------------------------------------------------------------------------------------+
; Port                   ; Type   ; Severity ; Details                                                                                   ;
+------------------------+--------+----------+-------------------------------------------------------------------------------------------+
; av_begintransfer       ; Output ; Info     ; Explicitly unconnected                                                                    ;
; av_beginbursttransfer  ; Output ; Info     ; Explicitly unconnected                                                                    ;
; av_burstcount          ; Output ; Info     ; Explicitly unconnected                                                                    ;
; av_byteenable          ; Output ; Info     ; Explicitly unconnected                                                                    ;
; av_readdatavalid       ; Input  ; Info     ; Stuck at GND                                                                              ;
; av_writebyteenable     ; Output ; Info     ; Explicitly unconnected                                                                    ;
; av_lock                ; Output ; Info     ; Explicitly unconnected                                                                    ;
; av_clken               ; Output ; Info     ; Explicitly unconnected                                                                    ;
; uav_clken              ; Input  ; Info     ; Stuck at GND                                                                              ;
; av_debugaccess         ; Output ; Info     ; Explicitly unconnected                                                                    ;
; av_outputenable        ; Output ; Info     ; Explicitly unconnected                                                                    ;
; uav_response           ; Output ; Info     ; Explicitly unconnected                                                                    ;
; av_response            ; Input  ; Info     ; Stuck at GND                                                                              ;
; uav_writeresponsevalid ; Output ; Info     ; Explicitly unconnected                                                                    ;
; av_writeresponsevalid  ; Input  ; Info     ; Stuck at GND                                                                              ;
+------------------------+--------+----------+-------------------------------------------------------------------------------------------+


+--------------------------------------------+
; Port Connectivity Checks: "Lab3_SRAM:sram" ;
+--------+-------+----------+----------------+
; Port   ; Type  ; Severity ; Details        ;
+--------+-------+----------+----------------+
; freeze ; Input ; Info     ; Stuck at GND   ;
+--------+-------+----------+----------------+


+--------------------------------------------------------------------------------------------------------------------------------------+
; Port Connectivity Checks: "Lab3_Lab3:lab3|altera_reset_controller:rst_controller_001|altera_reset_synchronizer:alt_rst_req_sync_uq1" ;
+----------+-------+----------+--------------------------------------------------------------------------------------------------------+
; Port     ; Type  ; Severity ; Details                                                                                                ;
+----------+-------+----------+--------------------------------------------------------------------------------------------------------+
; reset_in ; Input ; Info     ; Stuck at GND                                                                                           ;
+----------+-------+----------+--------------------------------------------------------------------------------------------------------+


+---------------------------------------------------------------------------------------+
; Port Connectivity Checks: "Lab3_Lab3:lab3|altera_reset_controller:rst_controller_001" ;
+----------------+--------+----------+--------------------------------------------------+
; Port           ; Type   ; Severity ; Details                                          ;
+----------------+--------+----------+--------------------------------------------------+
; reset_req      ; Output ; Info     ; Explicitly unconnected                           ;
; reset_req_in0  ; Input  ; Info     ; Stuck at GND                                     ;
; reset_req_in1  ; Input  ; Info     ; Stuck at GND                                     ;
; reset_in2      ; Input  ; Info     ; Stuck at GND                                     ;
; reset_req_in2  ; Input  ; Info     ; Stuck at GND                                     ;
; reset_in3      ; Input  ; Info     ; Stuck at GND                                     ;
; reset_req_in3  ; Input  ; Info     ; Stuck at GND                                     ;
; reset_in4      ; Input  ; Info     ; Stuck at GND                                     ;
; reset_req_in4  ; Input  ; Info     ; Stuck at GND                                     ;
; reset_in5      ; Input  ; Info     ; Stuck at GND                                     ;
; reset_req_in5  ; Input  ; Info     ; Stuck at GND                                     ;
; reset_in6      ; Input  ; Info     ; Stuck at GND                                     ;
; reset_req_in6  ; Input  ; Info     ; Stuck at GND                                     ;
; reset_in7      ; Input  ; Info     ; Stuck at GND                                     ;
; reset_req_in7  ; Input  ; Info     ; Stuck at GND                                     ;
; reset_in8      ; Input  ; Info     ; Stuck at GND                                     ;
; reset_req_in8  ; Input  ; Info     ; Stuck at GND                                     ;
; reset_in9      ; Input  ; Info     ; Stuck at GND                                     ;
; reset_req_in9  ; Input  ; Info     ; Stuck at GND                                     ;
; reset_in10     ; Input  ; Info     ; Stuck at GND                                     ;
; reset_req_in10 ; Input  ; Info     ; Stuck at GND                                     ;
; reset_in11     ; Input  ; Info     ; Stuck at GND                                     ;
; reset_req_in11 ; Input  ; Info     ; Stuck at GND                                     ;
; reset_in12     ; Input  ; Info     ; Stuck at GND                                     ;
; reset_req_in12 ; Input  ; Info     ; Stuck at GND                                     ;
; reset_in13     ; Input  ; Info     ; Stuck at GND                                     ;
; reset_req_in13 ; Input  ; Info     ; Stuck at GND                                     ;
; reset_in14     ; Input  ; Info     ; Stuck at GND                                     ;
; reset_req_in14 ; Input  ; Info     ; Stuck at GND                                     ;
; reset_in15     ; Input  ; Info     ; Stuck at GND                                     ;
; reset_req_in15 ; Input  ; Info     ; Stuck at GND                                     ;
+----------------+--------+----------+--------------------------------------------------+


+-----------------------------------------------------------------------------------+
; Port Connectivity Checks: "Lab3_Lab3:lab3|altera_reset_controller:rst_controller" ;
+----------------+--------+----------+----------------------------------------------+
; Port           ; Type   ; Severity ; Details                                      ;
+----------------+--------+----------+----------------------------------------------+
; clk            ; Input  ; Info     ; Explicitly unconnected                       ;
; reset_req      ; Output ; Info     ; Explicitly unconnected                       ;
; reset_req_in0  ; Input  ; Info     ; Stuck at GND                                 ;
; reset_req_in1  ; Input  ; Info     ; Stuck at GND                                 ;
; reset_in2      ; Input  ; Info     ; Stuck at GND                                 ;
; reset_req_in2  ; Input  ; Info     ; Stuck at GND                                 ;
; reset_in3      ; Input  ; Info     ; Stuck at GND                                 ;
; reset_req_in3  ; Input  ; Info     ; Stuck at GND                                 ;
; reset_in4      ; Input  ; Info     ; Stuck at GND                                 ;
; reset_req_in4  ; Input  ; Info     ; Stuck at GND                                 ;
; reset_in5      ; Input  ; Info     ; Stuck at GND                                 ;
; reset_req_in5  ; Input  ; Info     ; Stuck at GND                                 ;
; reset_in6      ; Input  ; Info     ; Stuck at GND                                 ;
; reset_req_in6  ; Input  ; Info     ; Stuck at GND                                 ;
; reset_in7      ; Input  ; Info     ; Stuck at GND                                 ;
; reset_req_in7  ; Input  ; Info     ; Stuck at GND                                 ;
; reset_in8      ; Input  ; Info     ; Stuck at GND                                 ;
; reset_req_in8  ; Input  ; Info     ; Stuck at GND                                 ;
; reset_in9      ; Input  ; Info     ; Stuck at GND                                 ;
; reset_req_in9  ; Input  ; Info     ; Stuck at GND                                 ;
; reset_in10     ; Input  ; Info     ; Stuck at GND                                 ;
; reset_req_in10 ; Input  ; Info     ; Stuck at GND                                 ;
; reset_in11     ; Input  ; Info     ; Stuck at GND                                 ;
; reset_req_in11 ; Input  ; Info     ; Stuck at GND                                 ;
; reset_in12     ; Input  ; Info     ; Stuck at GND                                 ;
; reset_req_in12 ; Input  ; Info     ; Stuck at GND                                 ;
; reset_in13     ; Input  ; Info     ; Stuck at GND                                 ;
; reset_req_in13 ; Input  ; Info     ; Stuck at GND                                 ;
; reset_in14     ; Input  ; Info     ; Stuck at GND                                 ;
; reset_req_in14 ; Input  ; Info     ; Stuck at GND                                 ;
; reset_in15     ; Input  ; Info     ; Stuck at GND                                 ;
; reset_req_in15 ; Input  ; Info     ; Stuck at GND                                 ;
+----------------+--------+----------+----------------------------------------------+


+--------------------------------------------------------------+
; Port Connectivity Checks: "Lab3_Lab3:lab3|niosv_m_top:hart"  ;
+-----------------+--------+----------+------------------------+
; Port            ; Type   ; Severity ; Details                ;
+-----------------+--------+----------+------------------------+
; reset_req       ; Input  ; Info     ; Stuck at GND           ;
; reset_req_ack   ; Output ; Info     ; Explicitly unconnected ;
; core_ecc_status ; Output ; Info     ; Explicitly unconnected ;
; core_ecc_src    ; Output ; Info     ; Explicitly unconnected ;
; instr_awsize    ; Output ; Info     ; Explicitly unconnected ;
; instr_wlast     ; Output ; Info     ; Explicitly unconnected ;
; instr_arsize    ; Output ; Info     ; Explicitly unconnected ;
; data_awsize     ; Output ; Info     ; Explicitly unconnected ;
; data_wlast      ; Output ; Info     ; Explicitly unconnected ;
; data_arsize     ; Output ; Info     ; Explicitly unconnected ;
; irq_ext         ; Input  ; Info     ; Stuck at GND           ;
+-----------------+--------+----------+------------------------+


+-----------------------------------------------------------------------------------------------------------------------------------------------------------------------------------+
; Port Connectivity Checks: "Lab3_DEBUG:debug|alt_jtag_atlantic:Lab3_DEBUG_alt_jtag_atlantic"                                                                                       ;
+----------------+--------+----------+----------------------------------------------------------------------------------------------------------------------------------------------+
; Port           ; Type   ; Severity ; Details                                                                                                                                      ;
+----------------+--------+----------+----------------------------------------------------------------------------------------------------------------------------------------------+
; raw_tck        ; Input  ; Warning  ; Declared by entity but not connected by instance. If a default value exists, it will be used.  Otherwise, the port will be connected to GND. ;
; tdi            ; Input  ; Warning  ; Declared by entity but not connected by instance. If a default value exists, it will be used.  Otherwise, the port will be connected to GND. ;
; jtag_state_rti ; Input  ; Warning  ; Declared by entity but not connected by instance. If a default value exists, it will be used.  Otherwise, the port will be connected to GND. ;
; usr1           ; Input  ; Warning  ; Declared by entity but not connected by instance. If a default value exists, it will be used.  Otherwise, the port will be connected to GND. ;
; clr            ; Input  ; Warning  ; Declared by entity but not connected by instance. If a default value exists, it will be used.  Otherwise, the port will be connected to GND. ;
; ena            ; Input  ; Warning  ; Declared by entity but not connected by instance. If a default value exists, it will be used.  Otherwise, the port will be connected to GND. ;
; ir_in          ; Input  ; Warning  ; Declared by entity but not connected by instance. If a default value exists, it will be used.  Otherwise, the port will be connected to GND. ;
; tdo            ; Output ; Warning  ; Declared by entity but not connected by instance. Logic that only feeds a dangling port will be removed.                                     ;
; ir_out         ; Output ; Warning  ; Declared by entity but not connected by instance. Logic that only feeds a dangling port will be removed.                                     ;
; jtag_state_cdr ; Input  ; Warning  ; Declared by entity but not connected by instance. If a default value exists, it will be used.  Otherwise, the port will be connected to GND. ;
; jtag_state_sdr ; Input  ; Warning  ; Declared by entity but not connected by instance. If a default value exists, it will be used.  Otherwise, the port will be connected to GND. ;
; jtag_state_udr ; Input  ; Warning  ; Declared by entity but not connected by instance. If a default value exists, it will be used.  Otherwise, the port will be connected to GND. ;
+----------------+--------+----------+----------------------------------------------------------------------------------------------------------------------------------------------+


+----------------------------------------------------------------------------------------------------------------------------------------------+
; Port Connectivity Checks: "Lab3_DEBUG:debug"                                                                                                 ;
+---------------+--------+----------+----------------------------------------------------------------------------------------------------------+
; Port          ; Type   ; Severity ; Details                                                                                                  ;
+---------------+--------+----------+----------------------------------------------------------------------------------------------------------+
; dataavailable ; Output ; Warning  ; Declared by entity but not connected by instance. Logic that only feeds a dangling port will be removed. ;
; readyfordata  ; Output ; Warning  ; Declared by entity but not connected by instance. Logic that only feeds a dangling port will be removed. ;
+---------------+--------+----------+----------------------------------------------------------------------------------------------------------+


+---------------------------------+
; Analysis & Elaboration Messages ;
+---------------------------------+
Info: *******************************************************************
Info: Running Quartus Prime Analysis & Elaboration
    Info: Version 23.1std.0 Build 991 11/28/2023 SC Standard Edition
    Info: Processing started: Wed Nov  6 19:34:40 2024
Info: Command: quartus_map --read_settings_files=on --write_settings_files=off Lab3 -c Lab3 --analysis_and_elaboration
Warning (18236): Number of processors has not been specified which may cause overloading on shared machines.  Set the global assignment NUM_PARALLEL_PROCESSORS in your QSF to an appropriate value for best performance.
Info (20030): Parallel compilation is enabled and will use 4 of the 4 processors detected
Info (12248): Elaborating Platform Designer system entity "Lab3.qsys"
Info (12250): 2024.11.06.19:34:53 Progress: Loading Lab3/Lab3.qsys
Info (12250): 2024.11.06.19:34:53 Progress: Reading input file
Info (12250): 2024.11.06.19:34:53 Progress: Adding DEBUG [altera_avalon_jtag_uart 23.1]
Info (12250): 2024.11.06.19:34:53 Progress: Parameterizing module DEBUG
Info (12250): 2024.11.06.19:34:53 Progress: Adding HEX0 [altera_avalon_pio 23.1]
Info (12250): 2024.11.06.19:34:53 Progress: Parameterizing module HEX0
Info (12250): 2024.11.06.19:34:53 Progress: Adding HEX1 [altera_avalon_pio 23.1]
Info (12250): 2024.11.06.19:34:53 Progress: Parameterizing module HEX1
Info (12250): 2024.11.06.19:34:53 Progress: Adding HEX2 [altera_avalon_pio 23.1]
Info (12250): 2024.11.06.19:34:53 Progress: Parameterizing module HEX2
Info (12250): 2024.11.06.19:34:53 Progress: Adding HEX3 [altera_avalon_pio 23.1]
Info (12250): 2024.11.06.19:34:53 Progress: Parameterizing module HEX3
Info (12250): 2024.11.06.19:34:53 Progress: Adding HEX4 [altera_avalon_pio 23.1]
Info (12250): 2024.11.06.19:34:53 Progress: Parameterizing module HEX4
Info (12250): 2024.11.06.19:34:53 Progress: Adding HEX5 [altera_avalon_pio 23.1]
Info (12250): 2024.11.06.19:34:53 Progress: Parameterizing module HEX5
Info (12250): 2024.11.06.19:34:53 Progress: Adding Lab3 [intel_niosv_m 2.0.0]
Info (12250): 2024.11.06.19:34:54 Progress: Parameterizing module Lab3
Info (12250): 2024.11.06.19:34:54 Progress: Adding SRAM [altera_avalon_onchip_memory2 23.1]
Info (12250): 2024.11.06.19:34:54 Progress: Parameterizing module SRAM
Info (12250): 2024.11.06.19:34:54 Progress: Adding clk_0 [clock_source 23.1]
Info (12250): 2024.11.06.19:34:54 Progress: Parameterizing module clk_0
Info (12250): 2024.11.06.19:34:54 Progress: Adding switches [altera_avalon_pio 23.1]
Info (12250): 2024.11.06.19:34:54 Progress: Parameterizing module switches
Info (12250): 2024.11.06.19:34:54 Progress: Building connections
Info (12250): 2024.11.06.19:34:54 Progress: Parameterizing connections
Info (12250): 2024.11.06.19:34:54 Progress: Validating
Info (12250): 2024.11.06.19:34:55 Progress: Done reading input file
Info (12250): Lab3.DEBUG: JTAG UART IP input clock need to be at least double (2x) the operating frequency of JTAG TCK on board
Warning (12251): Lab3.Lab3: Properties (associatedClock) have been set on interface reset - in composed mode these are ignored
Warning (12251): Lab3.Lab3: Properties (associatedClock) have been set on interface ndm_reset_in - in composed mode these are ignored
Warning (12251): Lab3.Lab3: Properties (associatedClock,associatedReset) have been set on interface instruction_manager - in composed mode these are ignored
Warning (12251): Lab3.Lab3: Properties (associatedClock,associatedReset) have been set on interface data_manager - in composed mode these are ignored
Info (12250): Lab3.switches: PIO inputs are not hardwired in test bench. Undefined values will be read from PIO inputs during simulation.
Info (12250): Lab3: Generating Lab3 "Lab3" for QUARTUS_SYNTH
Info (12250): DEBUG: Starting RTL generation for module 'Lab3_DEBUG'
Info (12250): DEBUG:   Generation command is [exec /opt/IntelFPGA/quartus/linux64/perl/bin/perl -I /opt/IntelFPGA/quartus/linux64/perl/lib -I /opt/IntelFPGA/quartus/sopc_builder/bin/europa -I /opt/IntelFPGA/quartus/sopc_builder/bin -I /opt/IntelFPGA/quartus/../ip/altera/sopc_builder_ip/common -I /opt/IntelFPGA/quartus/../ip/altera/sopc_builder_ip/altera_avalon_jtag_uart -- /opt/IntelFPGA/quartus/../ip/altera/sopc_builder_ip/altera_avalon_jtag_uart/generate_rtl.pl --name=Lab3_DEBUG --dir=/tmp/alt0034_1467652241130323534.dir/0002_DEBUG_gen/ --quartus_dir=/opt/IntelFPGA/quartus --verilog --config=/tmp/alt0034_1467652241130323534.dir/0002_DEBUG_gen//Lab3_DEBUG_component_configuration.pl  --do_build_sim=0  ]
Info (12250): DEBUG: Done RTL generation for module 'Lab3_DEBUG'
Info (12250): DEBUG: "Lab3" instantiated altera_avalon_jtag_uart "DEBUG"
Info (12250): HEX0: Starting RTL generation for module 'Lab3_HEX0'
Info (12250): HEX0:   Generation command is [exec /opt/IntelFPGA/quartus/linux64/perl/bin/perl -I /opt/IntelFPGA/quartus/linux64/perl/lib -I /opt/IntelFPGA/quartus/sopc_builder/bin/europa -I /opt/IntelFPGA/quartus/sopc_builder/bin -I /opt/IntelFPGA/quartus/../ip/altera/sopc_builder_ip/common -I /opt/IntelFPGA/quartus/../ip/altera/sopc_builder_ip/altera_avalon_pio -- /opt/IntelFPGA/quartus/../ip/altera/sopc_builder_ip/altera_avalon_pio/generate_rtl.pl --name=Lab3_HEX0 --dir=/tmp/alt0034_1467652241130323534.dir/0003_HEX0_gen/ --quartus_dir=/opt/IntelFPGA/quartus --verilog --config=/tmp/alt0034_1467652241130323534.dir/0003_HEX0_gen//Lab3_HEX0_component_configuration.pl  --do_build_sim=0  ]
Info (12250): HEX0: Done RTL generation for module 'Lab3_HEX0'
Info (12250): HEX0: "Lab3" instantiated altera_avalon_pio "HEX0"
Info (12250): Lab3: "Lab3" instantiated intel_niosv_m "Lab3"
Info (12250): SRAM: Starting RTL generation for module 'Lab3_SRAM'
Info (12250): SRAM:   Generation command is [exec /opt/IntelFPGA/quartus/linux64/perl/bin/perl -I /opt/IntelFPGA/quartus/linux64/perl/lib -I /opt/IntelFPGA/quartus/sopc_builder/bin/europa -I /opt/IntelFPGA/quartus/sopc_builder/bin -I /opt/IntelFPGA/quartus/../ip/altera/sopc_builder_ip/common -I /opt/IntelFPGA/quartus/../ip/altera/sopc_builder_ip/altera_avalon_onchip_memory2 -- /opt/IntelFPGA/quartus/../ip/altera/sopc_builder_ip/altera_avalon_onchip_memory2/generate_rtl.pl --name=Lab3_SRAM --dir=/tmp/alt0034_1467652241130323534.dir/0004_SRAM_gen/ --quartus_dir=/opt/IntelFPGA/quartus --verilog --config=/tmp/alt0034_1467652241130323534.dir/0004_SRAM_gen//Lab3_SRAM_component_configuration.pl  --do_build_sim=0  ]
Info (12250): SRAM: Done RTL generation for module 'Lab3_SRAM'
Info (12250): SRAM: "Lab3" instantiated altera_avalon_onchip_memory2 "SRAM"
Info (12250): Switches: Starting RTL generation for module 'Lab3_switches'
Info (12250): Switches:   Generation command is [exec /opt/IntelFPGA/quartus/linux64/perl/bin/perl -I /opt/IntelFPGA/quartus/linux64/perl/lib -I /opt/IntelFPGA/quartus/sopc_builder/bin/europa -I /opt/IntelFPGA/quartus/sopc_builder/bin -I /opt/IntelFPGA/quartus/../ip/altera/sopc_builder_ip/common -I /opt/IntelFPGA/quartus/../ip/altera/sopc_builder_ip/altera_avalon_pio -- /opt/IntelFPGA/quartus/../ip/altera/sopc_builder_ip/altera_avalon_pio/generate_rtl.pl --name=Lab3_switches --dir=/tmp/alt0034_1467652241130323534.dir/0005_switches_gen/ --quartus_dir=/opt/IntelFPGA/quartus --verilog --config=/tmp/alt0034_1467652241130323534.dir/0005_switches_gen//Lab3_switches_component_configuration.pl  --do_build_sim=0  ]
Info (12250): Switches: Done RTL generation for module 'Lab3_switches'
Info (12250): Switches: "Lab3" instantiated altera_avalon_pio "switches"
Info (12250): Avalon_st_adapter: Inserting error_adapter: error_adapter_0
Info (12250): Avalon_st_adapter_001: Inserting error_adapter: error_adapter_0
Info (12250): Avalon_st_adapter_002: Inserting error_adapter: error_adapter_0
Info (12250): Avalon_st_adapter_003: Inserting error_adapter: error_adapter_0
Info (12250): Avalon_st_adapter_004: Inserting error_adapter: error_adapter_0
Info (12250): Avalon_st_adapter_005: Inserting error_adapter: error_adapter_0
Info (12250): Avalon_st_adapter_006: Inserting error_adapter: error_adapter_0
Info (12250): Avalon_st_adapter_007: Inserting error_adapter: error_adapter_0
Info (12250): Avalon_st_adapter_008: Inserting error_adapter: error_adapter_0
Info (12250): Avalon_st_adapter_009: Inserting error_adapter: error_adapter_0
Info (12250): Avalon_st_adapter_010: Inserting error_adapter: error_adapter_0
Info (12250): Mm_interconnect_0: "Lab3" instantiated altera_mm_interconnect "mm_interconnect_0"
Info (12250): Irq_mapper: "Lab3" instantiated altera_irq_mapper "irq_mapper"
Info (12250): Rst_controller: "Lab3" instantiated altera_reset_controller "rst_controller"
Info (12250): Hart: "Lab3" instantiated intel_niosv_m_unit "hart"
Info (12250): Reusing file /home/cari/cst455_soc/Lab3/db/ip/Lab3/submodules/altera_reset_synchronizer.v
Info (12250): Reusing file /home/cari/cst455_soc/Lab3/db/ip/Lab3/submodules/altera_reset_controller.v
Info (12250): Reusing file /home/cari/cst455_soc/Lab3/db/ip/Lab3/submodules/altera_reset_controller.sdc
Info (12250): Timer_module: "Lab3" instantiated intel_niosv_timer_msip "timer_module"
Info (12250): Dbg_mod: "Lab3" instantiated intel_niosv_dbg_mod "dbg_mod"
Info (12250): Reusing file /home/cari/cst455_soc/Lab3/db/ip/Lab3/submodules/niosv_ram.sv
Info (12250): Irq_mapper: "Lab3" instantiated altera_irq_mapper "irq_mapper"
Info (12250): DEBUG_avalon_jtag_slave_translator: "mm_interconnect_0" instantiated altera_merlin_slave_translator "DEBUG_avalon_jtag_slave_translator"
Info (12250): Lab3_data_manager_agent: "mm_interconnect_0" instantiated altera_merlin_axi_master_ni "Lab3_data_manager_agent"
Info (12250): DEBUG_avalon_jtag_slave_agent: "mm_interconnect_0" instantiated altera_merlin_slave_agent "DEBUG_avalon_jtag_slave_agent"
Info (12250): DEBUG_avalon_jtag_slave_agent_rsp_fifo: "mm_interconnect_0" instantiated altera_avalon_sc_fifo "DEBUG_avalon_jtag_slave_agent_rsp_fifo"
Info (12250): Router: "mm_interconnect_0" instantiated altera_merlin_router "router"
Info (12250): Router_002: "mm_interconnect_0" instantiated altera_merlin_router "router_002"
Info (12250): Router_004: "mm_interconnect_0" instantiated altera_merlin_router "router_004"
Info (12250): Router_005: "mm_interconnect_0" instantiated altera_merlin_router "router_005"
Info (12250): Lab3_instruction_manager_wr_limiter: "mm_interconnect_0" instantiated altera_merlin_traffic_limiter "Lab3_instruction_manager_wr_limiter"
Info (12250): Reusing file /home/cari/cst455_soc/Lab3/db/ip/Lab3/submodules/altera_avalon_sc_fifo.v
Info (12250): Reusing file /home/cari/cst455_soc/Lab3/db/ip/Lab3/submodules/altera_avalon_st_pipeline_base.v
Info (12250): Cmd_demux: "mm_interconnect_0" instantiated altera_merlin_demultiplexer "cmd_demux"
Info (12250): Cmd_demux_002: "mm_interconnect_0" instantiated altera_merlin_demultiplexer "cmd_demux_002"
Info (12250): Cmd_mux: "mm_interconnect_0" instantiated altera_merlin_multiplexer "cmd_mux"
Info (12250): Cmd_mux_001: "mm_interconnect_0" instantiated altera_merlin_multiplexer "cmd_mux_001"
Info (12250): Reusing file /home/cari/cst455_soc/Lab3/db/ip/Lab3/submodules/altera_merlin_arbitrator.sv
Info (12250): Rsp_demux: "mm_interconnect_0" instantiated altera_merlin_demultiplexer "rsp_demux"
Info (12250): Rsp_demux_001: "mm_interconnect_0" instantiated altera_merlin_demultiplexer "rsp_demux_001"
Info (12250): Rsp_mux: "mm_interconnect_0" instantiated altera_merlin_multiplexer "rsp_mux"
Info (12250): Reusing file /home/cari/cst455_soc/Lab3/db/ip/Lab3/submodules/altera_merlin_arbitrator.sv
Info (12250): Rsp_mux_002: "mm_interconnect_0" instantiated altera_merlin_multiplexer "rsp_mux_002"
Info (12250): Reusing file /home/cari/cst455_soc/Lab3/db/ip/Lab3/submodules/altera_merlin_arbitrator.sv
Info (12250): Avalon_st_adapter: "mm_interconnect_0" instantiated altera_avalon_st_adapter "avalon_st_adapter"
Info (12250): Error_adapter_0: "avalon_st_adapter" instantiated error_adapter "error_adapter_0"
Info (12250): Lab3: Done "Lab3" with 32 modules, 90 files
Info (12249): Finished elaborating Platform Designer system entity "Lab3.qsys"
Info (12021): Found 1 design units, including 1 entities, in source file Lab3/synthesis/Lab3.v
    Info (12023): Found entity 1: Lab3 File: /home/cari/cst455_soc/Lab3/Lab3/synthesis/Lab3.v Line: 6
Info (12021): Found 1 design units, including 1 entities, in source file Lab3/synthesis/submodules/altera_reset_controller.v
    Info (12023): Found entity 1: altera_reset_controller File: /home/cari/cst455_soc/Lab3/Lab3/synthesis/submodules/altera_reset_controller.v Line: 42
Info (12021): Found 1 design units, including 1 entities, in source file Lab3/synthesis/submodules/altera_reset_synchronizer.v
    Info (12023): Found entity 1: altera_reset_synchronizer File: /home/cari/cst455_soc/Lab3/Lab3/synthesis/submodules/altera_reset_synchronizer.v Line: 24
Info (12021): Found 1 design units, including 1 entities, in source file Lab3/synthesis/submodules/Lab3_irq_mapper.sv
    Info (12023): Found entity 1: Lab3_irq_mapper File: /home/cari/cst455_soc/Lab3/Lab3/synthesis/submodules/Lab3_irq_mapper.sv Line: 31
Info (12021): Found 1 design units, including 1 entities, in source file Lab3/synthesis/submodules/Lab3_mm_interconnect_0.v
    Info (12023): Found entity 1: Lab3_mm_interconnect_0 File: /home/cari/cst455_soc/Lab3/Lab3/synthesis/submodules/Lab3_mm_interconnect_0.v Line: 9
Info (12021): Found 1 design units, including 1 entities, in source file Lab3/synthesis/submodules/Lab3_mm_interconnect_0_avalon_st_adapter.v
    Info (12023): Found entity 1: Lab3_mm_interconnect_0_avalon_st_adapter File: /home/cari/cst455_soc/Lab3/Lab3/synthesis/submodules/Lab3_mm_interconnect_0_avalon_st_adapter.v Line: 9
Info (12021): Found 1 design units, including 1 entities, in source file Lab3/synthesis/submodules/Lab3_mm_interconnect_0_avalon_st_adapter_error_adapter_0.sv
    Info (12023): Found entity 1: Lab3_mm_interconnect_0_avalon_st_adapter_error_adapter_0 File: /home/cari/cst455_soc/Lab3/Lab3/synthesis/submodules/Lab3_mm_interconnect_0_avalon_st_adapter_error_adapter_0.sv Line: 66
Info (12021): Found 1 design units, including 1 entities, in source file Lab3/synthesis/submodules/Lab3_mm_interconnect_0_rsp_mux_002.sv
    Info (12023): Found entity 1: Lab3_mm_interconnect_0_rsp_mux_002 File: /home/cari/cst455_soc/Lab3/Lab3/synthesis/submodules/Lab3_mm_interconnect_0_rsp_mux_002.sv Line: 51
Info (12021): Found 2 design units, including 2 entities, in source file Lab3/synthesis/submodules/altera_merlin_arbitrator.sv
    Info (12023): Found entity 1: altera_merlin_arbitrator File: /home/cari/cst455_soc/Lab3/Lab3/synthesis/submodules/altera_merlin_arbitrator.sv Line: 103
    Info (12023): Found entity 2: altera_merlin_arb_adder File: /home/cari/cst455_soc/Lab3/Lab3/synthesis/submodules/altera_merlin_arbitrator.sv Line: 228
Info (12021): Found 1 design units, including 1 entities, in source file Lab3/synthesis/submodules/Lab3_mm_interconnect_0_rsp_mux.sv
    Info (12023): Found entity 1: Lab3_mm_interconnect_0_rsp_mux File: /home/cari/cst455_soc/Lab3/Lab3/synthesis/submodules/Lab3_mm_interconnect_0_rsp_mux.sv Line: 51
Info (12021): Found 1 design units, including 1 entities, in source file Lab3/synthesis/submodules/Lab3_mm_interconnect_0_rsp_demux_001.sv
    Info (12023): Found entity 1: Lab3_mm_interconnect_0_rsp_demux_001 File: /home/cari/cst455_soc/Lab3/Lab3/synthesis/submodules/Lab3_mm_interconnect_0_rsp_demux_001.sv Line: 43
Info (12021): Found 1 design units, including 1 entities, in source file Lab3/synthesis/submodules/Lab3_mm_interconnect_0_rsp_demux.sv
    Info (12023): Found entity 1: Lab3_mm_interconnect_0_rsp_demux File: /home/cari/cst455_soc/Lab3/Lab3/synthesis/submodules/Lab3_mm_interconnect_0_rsp_demux.sv Line: 43
Info (12021): Found 1 design units, including 1 entities, in source file Lab3/synthesis/submodules/Lab3_mm_interconnect_0_cmd_mux_001.sv
    Info (12023): Found entity 1: Lab3_mm_interconnect_0_cmd_mux_001 File: /home/cari/cst455_soc/Lab3/Lab3/synthesis/submodules/Lab3_mm_interconnect_0_cmd_mux_001.sv Line: 51
Info (12021): Found 1 design units, including 1 entities, in source file Lab3/synthesis/submodules/Lab3_mm_interconnect_0_cmd_mux.sv
    Info (12023): Found entity 1: Lab3_mm_interconnect_0_cmd_mux File: /home/cari/cst455_soc/Lab3/Lab3/synthesis/submodules/Lab3_mm_interconnect_0_cmd_mux.sv Line: 51
Info (12021): Found 1 design units, including 1 entities, in source file Lab3/synthesis/submodules/Lab3_mm_interconnect_0_cmd_demux_002.sv
    Info (12023): Found entity 1: Lab3_mm_interconnect_0_cmd_demux_002 File: /home/cari/cst455_soc/Lab3/Lab3/synthesis/submodules/Lab3_mm_interconnect_0_cmd_demux_002.sv Line: 43
Info (12021): Found 1 design units, including 1 entities, in source file Lab3/synthesis/submodules/Lab3_mm_interconnect_0_cmd_demux.sv
    Info (12023): Found entity 1: Lab3_mm_interconnect_0_cmd_demux File: /home/cari/cst455_soc/Lab3/Lab3/synthesis/submodules/Lab3_mm_interconnect_0_cmd_demux.sv Line: 43
Info (12021): Found 1 design units, including 1 entities, in source file Lab3/synthesis/submodules/altera_merlin_traffic_limiter.sv
    Info (12023): Found entity 1: altera_merlin_traffic_limiter File: /home/cari/cst455_soc/Lab3/Lab3/synthesis/submodules/altera_merlin_traffic_limiter.sv Line: 49
Info (12021): Found 2 design units, including 2 entities, in source file Lab3/synthesis/submodules/altera_merlin_reorder_memory.sv
    Info (12023): Found entity 1: altera_merlin_reorder_memory File: /home/cari/cst455_soc/Lab3/Lab3/synthesis/submodules/altera_merlin_reorder_memory.sv Line: 28
    Info (12023): Found entity 2: memory_pointer_controller File: /home/cari/cst455_soc/Lab3/Lab3/synthesis/submodules/altera_merlin_reorder_memory.sv Line: 185
Info (12021): Found 1 design units, including 1 entities, in source file Lab3/synthesis/submodules/altera_avalon_sc_fifo.v
    Info (12023): Found entity 1: altera_avalon_sc_fifo File: /home/cari/cst455_soc/Lab3/Lab3/synthesis/submodules/altera_avalon_sc_fifo.v Line: 21
Info (12021): Found 1 design units, including 1 entities, in source file Lab3/synthesis/submodules/altera_avalon_st_pipeline_base.v
    Info (12023): Found entity 1: altera_avalon_st_pipeline_base File: /home/cari/cst455_soc/Lab3/Lab3/synthesis/submodules/altera_avalon_st_pipeline_base.v Line: 22
Info (12021): Found 2 design units, including 2 entities, in source file Lab3/synthesis/submodules/Lab3_mm_interconnect_0_router_005.sv
    Info (12023): Found entity 1: Lab3_mm_interconnect_0_router_005_default_decode File: /home/cari/cst455_soc/Lab3/Lab3/synthesis/submodules/Lab3_mm_interconnect_0_router_005.sv Line: 45
    Info (12023): Found entity 2: Lab3_mm_interconnect_0_router_005 File: /home/cari/cst455_soc/Lab3/Lab3/synthesis/submodules/Lab3_mm_interconnect_0_router_005.sv Line: 84
Info (12021): Found 2 design units, including 2 entities, in source file Lab3/synthesis/submodules/Lab3_mm_interconnect_0_router_004.sv
    Info (12023): Found entity 1: Lab3_mm_interconnect_0_router_004_default_decode File: /home/cari/cst455_soc/Lab3/Lab3/synthesis/submodules/Lab3_mm_interconnect_0_router_004.sv Line: 45
    Info (12023): Found entity 2: Lab3_mm_interconnect_0_router_004 File: /home/cari/cst455_soc/Lab3/Lab3/synthesis/submodules/Lab3_mm_interconnect_0_router_004.sv Line: 84
Info (12021): Found 2 design units, including 2 entities, in source file Lab3/synthesis/submodules/Lab3_mm_interconnect_0_router_002.sv
    Info (12023): Found entity 1: Lab3_mm_interconnect_0_router_002_default_decode File: /home/cari/cst455_soc/Lab3/Lab3/synthesis/submodules/Lab3_mm_interconnect_0_router_002.sv Line: 45
    Info (12023): Found entity 2: Lab3_mm_interconnect_0_router_002 File: /home/cari/cst455_soc/Lab3/Lab3/synthesis/submodules/Lab3_mm_interconnect_0_router_002.sv Line: 84
Info (12021): Found 2 design units, including 2 entities, in source file Lab3/synthesis/submodules/Lab3_mm_interconnect_0_router.sv
    Info (12023): Found entity 1: Lab3_mm_interconnect_0_router_default_decode File: /home/cari/cst455_soc/Lab3/Lab3/synthesis/submodules/Lab3_mm_interconnect_0_router.sv Line: 45
    Info (12023): Found entity 2: Lab3_mm_interconnect_0_router File: /home/cari/cst455_soc/Lab3/Lab3/synthesis/submodules/Lab3_mm_interconnect_0_router.sv Line: 84
Info (12021): Found 1 design units, including 1 entities, in source file Lab3/synthesis/submodules/altera_merlin_slave_agent.sv
    Info (12023): Found entity 1: altera_merlin_slave_agent File: /home/cari/cst455_soc/Lab3/Lab3/synthesis/submodules/altera_merlin_slave_agent.sv Line: 34
Info (12021): Found 1 design units, including 1 entities, in source file Lab3/synthesis/submodules/altera_merlin_burst_uncompressor.sv
    Info (12023): Found entity 1: altera_merlin_burst_uncompressor File: /home/cari/cst455_soc/Lab3/Lab3/synthesis/submodules/altera_merlin_burst_uncompressor.sv Line: 40
Info (12021): Found 1 design units, including 1 entities, in source file Lab3/synthesis/submodules/altera_merlin_axi_master_ni.sv
    Info (12023): Found entity 1: altera_merlin_axi_master_ni File: /home/cari/cst455_soc/Lab3/Lab3/synthesis/submodules/altera_merlin_axi_master_ni.sv Line: 27
Info (12021): Found 1 design units, including 1 entities, in source file Lab3/synthesis/submodules/altera_merlin_address_alignment.sv
    Info (12023): Found entity 1: altera_merlin_address_alignment File: /home/cari/cst455_soc/Lab3/Lab3/synthesis/submodules/altera_merlin_address_alignment.sv Line: 26
Info (12021): Found 1 design units, including 1 entities, in source file Lab3/synthesis/submodules/altera_merlin_slave_translator.sv
    Info (12023): Found entity 1: altera_merlin_slave_translator File: /home/cari/cst455_soc/Lab3/Lab3/synthesis/submodules/altera_merlin_slave_translator.sv Line: 35
Info (12021): Found 1 design units, including 1 entities, in source file Lab3/synthesis/submodules/Lab3_switches.v
    Info (12023): Found entity 1: Lab3_switches File: /home/cari/cst455_soc/Lab3/Lab3/synthesis/submodules/Lab3_switches.v Line: 21
Info (12021): Found 1 design units, including 1 entities, in source file Lab3/synthesis/submodules/Lab3_SRAM.v
    Info (12023): Found entity 1: Lab3_SRAM File: /home/cari/cst455_soc/Lab3/Lab3/synthesis/submodules/Lab3_SRAM.v Line: 21
Info (12021): Found 1 design units, including 1 entities, in source file Lab3/synthesis/submodules/Lab3_Lab3.v
    Info (12023): Found entity 1: Lab3_Lab3 File: /home/cari/cst455_soc/Lab3/Lab3/synthesis/submodules/Lab3_Lab3.v Line: 9
Info (12021): Found 1 design units, including 1 entities, in source file Lab3/synthesis/submodules/Lab3_Lab3_irq_mapper.sv
    Info (12023): Found entity 1: Lab3_Lab3_irq_mapper File: /home/cari/cst455_soc/Lab3/Lab3/synthesis/submodules/Lab3_Lab3_irq_mapper.sv Line: 31
Info (12021): Found 1 design units, including 0 entities, in source file Lab3/synthesis/submodules/niosv_dm_def.sv
    Info (12022): Found design unit 1: niosv_dm_def (SystemVerilog) (Lab3) File: /home/cari/cst455_soc/Lab3/Lab3/synthesis/submodules/niosv_dm_def.sv Line: 27
Info (12021): Found 1 design units, including 1 entities, in source file Lab3/synthesis/submodules/niosv_ram.sv
    Info (12023): Found entity 1: niosv_ram File: /home/cari/cst455_soc/Lab3/Lab3/synthesis/submodules/niosv_ram.sv Line: 14
Info (12021): Found 1 design units, including 1 entities, in source file Lab3/synthesis/submodules/niosv_dm_jtag2mm.sv
    Info (12023): Found entity 1: niosv_dm_jtag2mm File: /home/cari/cst455_soc/Lab3/Lab3/synthesis/submodules/niosv_dm_jtag2mm.sv Line: 16
Info (12021): Found 1 design units, including 1 entities, in source file Lab3/synthesis/submodules/niosv_dm_top.sv
    Info (12023): Found entity 1: niosv_dm_top File: /home/cari/cst455_soc/Lab3/Lab3/synthesis/submodules/niosv_dm_top.sv Line: 16
Info (12021): Found 1 design units, including 1 entities, in source file Lab3/synthesis/submodules/niosv_debug_module.sv
    Info (12023): Found entity 1: niosv_debug_module File: /home/cari/cst455_soc/Lab3/Lab3/synthesis/submodules/niosv_debug_module.sv Line: 76
Warning (12090): Entity "altera_std_synchronizer_bundle" obtained from "Lab3/synthesis/submodules/altera_std_synchronizer_bundle.v" instead of from Quartus Prime megafunction library File: /home/cari/cst455_soc/Lab3/Lab3/synthesis/submodules/altera_std_synchronizer_bundle.v Line: 32
Info (12021): Found 1 design units, including 1 entities, in source file Lab3/synthesis/submodules/altera_std_synchronizer_bundle.v
    Info (12023): Found entity 1: altera_std_synchronizer_bundle File: /home/cari/cst455_soc/Lab3/Lab3/synthesis/submodules/altera_std_synchronizer_bundle.v Line: 32
Info (12021): Found 1 design units, including 1 entities, in source file Lab3/synthesis/submodules/altera_std_synchronizer_nocut.v
    Info (12023): Found entity 1: altera_std_synchronizer_nocut File: /home/cari/cst455_soc/Lab3/Lab3/synthesis/submodules/altera_std_synchronizer_nocut.v Line: 44
Warning (12090): Entity "altera_std_synchronizer" obtained from "Lab3/synthesis/submodules/altera_std_synchronizer.v" instead of from Quartus Prime megafunction library File: /home/cari/cst455_soc/Lab3/Lab3/synthesis/submodules/altera_std_synchronizer.v Line: 37
Info (12021): Found 1 design units, including 1 entities, in source file Lab3/synthesis/submodules/altera_std_synchronizer.v
    Info (12023): Found entity 1: altera_std_synchronizer File: /home/cari/cst455_soc/Lab3/Lab3/synthesis/submodules/altera_std_synchronizer.v Line: 37
Info (12021): Found 1 design units, including 1 entities, in source file Lab3/synthesis/submodules/altera_avalon_st_clock_crosser.v
    Info (12023): Found entity 1: altera_avalon_st_clock_crosser File: /home/cari/cst455_soc/Lab3/Lab3/synthesis/submodules/altera_avalon_st_clock_crosser.v Line: 22
Info (12021): Found 1 design units, including 1 entities, in source file Lab3/synthesis/submodules/altera_avalon_st_handshake_clock_crosser.v
    Info (12023): Found entity 1: altera_avalon_st_handshake_clock_crosser File: /home/cari/cst455_soc/Lab3/Lab3/synthesis/submodules/altera_avalon_st_handshake_clock_crosser.v Line: 24
Info (12021): Found 1 design units, including 1 entities, in source file Lab3/synthesis/submodules/altera_avalon_st_pipeline_stage.sv
    Info (12023): Found entity 1: altera_avalon_st_pipeline_stage File: /home/cari/cst455_soc/Lab3/Lab3/synthesis/submodules/altera_avalon_st_pipeline_stage.sv Line: 22
Info (12021): Found 1 design units, including 1 entities, in source file Lab3/synthesis/submodules/niosv_timer_msip.sv
    Info (12023): Found entity 1: niosv_timer_msip File: /home/cari/cst455_soc/Lab3/Lab3/synthesis/submodules/niosv_timer_msip.sv Line: 16
Info (12021): Found 1 design units, including 0 entities, in source file Lab3/synthesis/submodules/niosv_opcode_def.sv
    Info (12022): Found design unit 1: niosv_opcode_def (SystemVerilog) (Lab3) File: /home/cari/cst455_soc/Lab3/Lab3/synthesis/submodules/niosv_opcode_def.sv Line: 16
Info (12021): Found 1 design units, including 1 entities, in source file Lab3/synthesis/submodules/niosv_mem_op_state.sv
    Info (12023): Found entity 1: niosv_mem_op_state File: /home/cari/cst455_soc/Lab3/Lab3/synthesis/submodules/niosv_mem_op_state.sv Line: 18
Info (12021): Found 1 design units, including 1 entities, in source file Lab3/synthesis/submodules/niosv_reg_file.sv
    Info (12023): Found entity 1: niosv_reg_file File: /home/cari/cst455_soc/Lab3/Lab3/synthesis/submodules/niosv_reg_file.sv Line: 16
Info (12021): Found 1 design units, including 1 entities, in source file Lab3/synthesis/submodules/niosv_csr.sv
    Info (12023): Found entity 1: niosv_csr File: /home/cari/cst455_soc/Lab3/Lab3/synthesis/submodules/niosv_csr.sv Line: 94
Info (12021): Found 1 design units, including 1 entities, in source file Lab3/synthesis/submodules/niosv_interrupt_handler.sv
    Info (12023): Found entity 1: niosv_interrupt_handler File: /home/cari/cst455_soc/Lab3/Lab3/synthesis/submodules/niosv_interrupt_handler.sv Line: 17
Info (12021): Found 1 design units, including 1 entities, in source file Lab3/synthesis/submodules/niosv_instr_buffer.sv
    Info (12023): Found entity 1: niosv_instr_buffer File: /home/cari/cst455_soc/Lab3/Lab3/synthesis/submodules/niosv_instr_buffer.sv Line: 33
Info (12021): Found 1 design units, including 1 entities, in source file Lab3/synthesis/submodules/niosv_bus_req.sv
    Info (12023): Found entity 1: niosv_bus_req File: /home/cari/cst455_soc/Lab3/Lab3/synthesis/submodules/niosv_bus_req.sv Line: 17
Info (12021): Found 1 design units, including 1 entities, in source file Lab3/synthesis/submodules/niosv_shift.sv
    Info (12023): Found entity 1: niosv_shift File: /home/cari/cst455_soc/Lab3/Lab3/synthesis/submodules/niosv_shift.sv Line: 17
Info (12021): Found 2 design units, including 2 entities, in source file Lab3/synthesis/submodules/niosv_altecc_32dec.v
    Info (12023): Found entity 1: niosv_altecc_32dec_altecc_decoder_jqe File: /home/cari/cst455_soc/Lab3/Lab3/synthesis/submodules/niosv_altecc_32dec.v Line: 60
    Info (12023): Found entity 2: niosv_altecc_32dec File: /home/cari/cst455_soc/Lab3/Lab3/synthesis/submodules/niosv_altecc_32dec.v Line: 213
Info (12021): Found 2 design units, including 2 entities, in source file Lab3/synthesis/submodules/niosv_altecc_32enc.v
    Info (12023): Found entity 1: niosv_altecc_32enc_altecc_encoder_08b File: /home/cari/cst455_soc/Lab3/Lab3/synthesis/submodules/niosv_altecc_32enc.v Line: 60
    Info (12023): Found entity 2: niosv_altecc_32enc File: /home/cari/cst455_soc/Lab3/Lab3/synthesis/submodules/niosv_altecc_32enc.v Line: 95
Info (12021): Found 2 design units, including 2 entities, in source file Lab3/synthesis/submodules/niosv_altecc_dec20.v
    Info (12023): Found entity 1: niosv_altecc_dec20_altecc_decoder_cqe File: /home/cari/cst455_soc/Lab3/Lab3/synthesis/submodules/niosv_altecc_dec20.v Line: 60
    Info (12023): Found entity 2: niosv_altecc_dec20 File: /home/cari/cst455_soc/Lab3/Lab3/synthesis/submodules/niosv_altecc_dec20.v Line: 187
Info (12021): Found 2 design units, including 2 entities, in source file Lab3/synthesis/submodules/niosv_altecc_enc20.v
    Info (12023): Found entity 1: niosv_altecc_enc20_altecc_encoder_p7b File: /home/cari/cst455_soc/Lab3/Lab3/synthesis/submodules/niosv_altecc_enc20.v Line: 60
    Info (12023): Found entity 2: niosv_altecc_enc20 File: /home/cari/cst455_soc/Lab3/Lab3/synthesis/submodules/niosv_altecc_enc20.v Line: 93
Info (12021): Found 2 design units, including 2 entities, in source file Lab3/synthesis/submodules/niosv_altecc_dec21.v
    Info (12023): Found entity 1: niosv_altecc_dec21_altecc_decoder_eqe File: /home/cari/cst455_soc/Lab3/Lab3/synthesis/submodules/niosv_altecc_dec21.v Line: 60
    Info (12023): Found entity 2: niosv_altecc_dec21 File: /home/cari/cst455_soc/Lab3/Lab3/synthesis/submodules/niosv_altecc_dec21.v Line: 189
Info (12021): Found 2 design units, including 2 entities, in source file Lab3/synthesis/submodules/niosv_altecc_enc21.v
    Info (12023): Found entity 1: niosv_altecc_enc21_altecc_encoder_r7b File: /home/cari/cst455_soc/Lab3/Lab3/synthesis/submodules/niosv_altecc_enc21.v Line: 60
    Info (12023): Found entity 2: niosv_altecc_enc21 File: /home/cari/cst455_soc/Lab3/Lab3/synthesis/submodules/niosv_altecc_enc21.v Line: 93
Info (12021): Found 2 design units, including 2 entities, in source file Lab3/synthesis/submodules/niosv_altecc_dec22.v
    Info (12023): Found entity 1: niosv_altecc_dec22_altecc_decoder_gqe File: /home/cari/cst455_soc/Lab3/Lab3/synthesis/submodules/niosv_altecc_dec22.v Line: 60
    Info (12023): Found entity 2: niosv_altecc_dec22 File: /home/cari/cst455_soc/Lab3/Lab3/synthesis/submodules/niosv_altecc_dec22.v Line: 191
Info (12021): Found 2 design units, including 2 entities, in source file Lab3/synthesis/submodules/niosv_altecc_enc22.v
    Info (12023): Found entity 1: niosv_altecc_enc22_altecc_encoder_t7b File: /home/cari/cst455_soc/Lab3/Lab3/synthesis/submodules/niosv_altecc_enc22.v Line: 60
    Info (12023): Found entity 2: niosv_altecc_enc22 File: /home/cari/cst455_soc/Lab3/Lab3/synthesis/submodules/niosv_altecc_enc22.v Line: 93
Info (12021): Found 2 design units, including 2 entities, in source file Lab3/synthesis/submodules/niosv_altecc_dec23.v
    Info (12023): Found entity 1: niosv_altecc_dec23_altecc_decoder_iqe File: /home/cari/cst455_soc/Lab3/Lab3/synthesis/submodules/niosv_altecc_dec23.v Line: 60
    Info (12023): Found entity 2: niosv_altecc_dec23 File: /home/cari/cst455_soc/Lab3/Lab3/synthesis/submodules/niosv_altecc_dec23.v Line: 193
Info (12021): Found 2 design units, including 2 entities, in source file Lab3/synthesis/submodules/niosv_altecc_enc23.v
    Info (12023): Found entity 1: niosv_altecc_enc23_altecc_encoder_v7b File: /home/cari/cst455_soc/Lab3/Lab3/synthesis/submodules/niosv_altecc_enc23.v Line: 60
    Info (12023): Found entity 2: niosv_altecc_enc23 File: /home/cari/cst455_soc/Lab3/Lab3/synthesis/submodules/niosv_altecc_enc23.v Line: 93
Info (12021): Found 2 design units, including 2 entities, in source file Lab3/synthesis/submodules/niosv_altecc_dec24.v
    Info (12023): Found entity 1: niosv_altecc_dec24_altecc_decoder_bqe File: /home/cari/cst455_soc/Lab3/Lab3/synthesis/submodules/niosv_altecc_dec24.v Line: 60
    Info (12023): Found entity 2: niosv_altecc_dec24 File: /home/cari/cst455_soc/Lab3/Lab3/synthesis/submodules/niosv_altecc_dec24.v Line: 195
Info (12021): Found 2 design units, including 2 entities, in source file Lab3/synthesis/submodules/niosv_altecc_enc24.v
    Info (12023): Found entity 1: niosv_altecc_enc24_altecc_encoder_o7b File: /home/cari/cst455_soc/Lab3/Lab3/synthesis/submodules/niosv_altecc_enc24.v Line: 60
    Info (12023): Found entity 2: niosv_altecc_enc24 File: /home/cari/cst455_soc/Lab3/Lab3/synthesis/submodules/niosv_altecc_enc24.v Line: 93
Info (12021): Found 2 design units, including 2 entities, in source file Lab3/synthesis/submodules/niosv_altecc_dec25.v
    Info (12023): Found entity 1: niosv_altecc_dec25_altecc_decoder_dqe File: /home/cari/cst455_soc/Lab3/Lab3/synthesis/submodules/niosv_altecc_dec25.v Line: 60
    Info (12023): Found entity 2: niosv_altecc_dec25 File: /home/cari/cst455_soc/Lab3/Lab3/synthesis/submodules/niosv_altecc_dec25.v Line: 197
Info (12021): Found 2 design units, including 2 entities, in source file Lab3/synthesis/submodules/niosv_altecc_enc25.v
    Info (12023): Found entity 1: niosv_altecc_enc25_altecc_encoder_q7b File: /home/cari/cst455_soc/Lab3/Lab3/synthesis/submodules/niosv_altecc_enc25.v Line: 60
    Info (12023): Found entity 2: niosv_altecc_enc25 File: /home/cari/cst455_soc/Lab3/Lab3/synthesis/submodules/niosv_altecc_enc25.v Line: 93
Info (12021): Found 2 design units, including 2 entities, in source file Lab3/synthesis/submodules/niosv_altecc_dec26.v
    Info (12023): Found entity 1: niosv_altecc_dec26_altecc_decoder_fqe File: /home/cari/cst455_soc/Lab3/Lab3/synthesis/submodules/niosv_altecc_dec26.v Line: 60
    Info (12023): Found entity 2: niosv_altecc_dec26 File: /home/cari/cst455_soc/Lab3/Lab3/synthesis/submodules/niosv_altecc_dec26.v Line: 199
Info (12021): Found 2 design units, including 2 entities, in source file Lab3/synthesis/submodules/niosv_altecc_enc26.v
    Info (12023): Found entity 1: niosv_altecc_enc26_altecc_encoder_s7b File: /home/cari/cst455_soc/Lab3/Lab3/synthesis/submodules/niosv_altecc_enc26.v Line: 60
    Info (12023): Found entity 2: niosv_altecc_enc26 File: /home/cari/cst455_soc/Lab3/Lab3/synthesis/submodules/niosv_altecc_enc26.v Line: 93
Info (12021): Found 1 design units, including 1 entities, in source file Lab3/synthesis/submodules/niosv_ecc_ram.sv
    Info (12023): Found entity 1: niosv_ecc_ram File: /home/cari/cst455_soc/Lab3/Lab3/synthesis/submodules/niosv_ecc_ram.sv Line: 14
Info (12021): Found 1 design units, including 1 entities, in source file Lab3/synthesis/submodules/niosv_enc_dec.v
    Info (12023): Found entity 1: niosv_enc_dec File: /home/cari/cst455_soc/Lab3/Lab3/synthesis/submodules/niosv_enc_dec.v Line: 15
Info (12021): Found 1 design units, including 1 entities, in source file Lab3/synthesis/submodules/niosv_c_alu.sv
    Info (12023): Found entity 1: niosv_c_alu File: /home/cari/cst455_soc/Lab3/Lab3/synthesis/submodules/niosv_c_alu.sv Line: 17
Info (12021): Found 1 design units, including 1 entities, in source file Lab3/synthesis/submodules/niosv_c_decoder.sv
    Info (12023): Found entity 1: niosv_c_decoder File: /home/cari/cst455_soc/Lab3/Lab3/synthesis/submodules/niosv_c_decoder.sv Line: 17
Info (12021): Found 1 design units, including 1 entities, in source file Lab3/synthesis/submodules/niosv_c_lsu.sv
    Info (12023): Found entity 1: niosv_c_lsu File: /home/cari/cst455_soc/Lab3/Lab3/synthesis/submodules/niosv_c_lsu.sv Line: 21
Info (12021): Found 1 design units, including 1 entities, in source file Lab3/synthesis/submodules/niosv_c_core.sv
    Info (12023): Found entity 1: niosv_c_core File: /home/cari/cst455_soc/Lab3/Lab3/synthesis/submodules/niosv_c_core.sv Line: 20
Info (12021): Found 1 design units, including 1 entities, in source file Lab3/synthesis/submodules/niosv_c_csr.sv
    Info (12023): Found entity 1: niosv_c_csr File: /home/cari/cst455_soc/Lab3/Lab3/synthesis/submodules/niosv_c_csr.sv Line: 76
Info (12021): Found 1 design units, including 1 entities, in source file Lab3/synthesis/submodules/niosv_m_top.sv
    Info (12023): Found entity 1: niosv_m_top File: /home/cari/cst455_soc/Lab3/Lab3/synthesis/submodules/niosv_m_top.sv Line: 17
Info (12021): Found 1 design units, including 1 entities, in source file Lab3/synthesis/submodules/niosv_m_alu.sv
    Info (12023): Found entity 1: niosv_m_alu File: /home/cari/cst455_soc/Lab3/Lab3/synthesis/submodules/niosv_m_alu.sv Line: 17
Info (12021): Found 1 design units, including 1 entities, in source file Lab3/synthesis/submodules/niosv_m_decoder.sv
    Info (12023): Found entity 1: niosv_m_decoder File: /home/cari/cst455_soc/Lab3/Lab3/synthesis/submodules/niosv_m_decoder.sv Line: 17
Info (12021): Found 1 design units, including 1 entities, in source file Lab3/synthesis/submodules/niosv_m_lsu.sv
    Info (12023): Found entity 1: niosv_m_lsu File: /home/cari/cst455_soc/Lab3/Lab3/synthesis/submodules/niosv_m_lsu.sv Line: 21
Info (12021): Found 1 design units, including 1 entities, in source file Lab3/synthesis/submodules/niosv_m_core.sv
    Info (12023): Found entity 1: niosv_m_core File: /home/cari/cst455_soc/Lab3/Lab3/synthesis/submodules/niosv_m_core.sv Line: 20
Info (12021): Found 1 design units, including 1 entities, in source file Lab3/synthesis/submodules/niosv_m_instr_prefetch.sv
    Info (12023): Found entity 1: niosv_m_instr_prefetch File: /home/cari/cst455_soc/Lab3/Lab3/synthesis/submodules/niosv_m_instr_prefetch.sv Line: 33
Info (12021): Found 1 design units, including 1 entities, in source file Lab3/synthesis/submodules/niosv_m_shift_module.sv
    Info (12023): Found entity 1: niosv_m_shift_module File: /home/cari/cst455_soc/Lab3/Lab3/synthesis/submodules/niosv_m_shift_module.sv Line: 17
Info (12021): Found 1 design units, including 1 entities, in source file Lab3/synthesis/submodules/Lab3_HEX0.v
    Info (12023): Found entity 1: Lab3_HEX0 File: /home/cari/cst455_soc/Lab3/Lab3/synthesis/submodules/Lab3_HEX0.v Line: 21
Info (12021): Found 5 design units, including 5 entities, in source file Lab3/synthesis/submodules/Lab3_DEBUG.v
    Info (12023): Found entity 1: Lab3_DEBUG_sim_scfifo_w File: /home/cari/cst455_soc/Lab3/Lab3/synthesis/submodules/Lab3_DEBUG.v Line: 21
    Info (12023): Found entity 2: Lab3_DEBUG_scfifo_w File: /home/cari/cst455_soc/Lab3/Lab3/synthesis/submodules/Lab3_DEBUG.v Line: 78
    Info (12023): Found entity 3: Lab3_DEBUG_sim_scfifo_r File: /home/cari/cst455_soc/Lab3/Lab3/synthesis/submodules/Lab3_DEBUG.v Line: 164
    Info (12023): Found entity 4: Lab3_DEBUG_scfifo_r File: /home/cari/cst455_soc/Lab3/Lab3/synthesis/submodules/Lab3_DEBUG.v Line: 243
    Info (12023): Found entity 5: Lab3_DEBUG File: /home/cari/cst455_soc/Lab3/Lab3/synthesis/submodules/Lab3_DEBUG.v Line: 331
Info (15248): File "/home/cari/cst455_soc/Lab3/db/ip/Lab3/Lab3.v" is a duplicate of already analyzed file "/home/cari/cst455_soc/Lab3/Lab3/synthesis/Lab3.v" (same filename, same library name and same md5 digest). Skipping analysis of this file.
Info (12021): Found 0 design units, including 0 entities, in source file db/ip/Lab3/Lab3.v
Info (15248): File "/home/cari/cst455_soc/Lab3/db/ip/Lab3/submodules/Lab3_DEBUG.v" is a duplicate of already analyzed file "/home/cari/cst455_soc/Lab3/Lab3/synthesis/submodules/Lab3_DEBUG.v" (same filename, same library name and same md5 digest). Skipping analysis of this file.
Info (12021): Found 0 design units, including 0 entities, in source file db/ip/Lab3/submodules/Lab3_DEBUG.v
Info (15248): File "/home/cari/cst455_soc/Lab3/db/ip/Lab3/submodules/Lab3_HEX0.v" is a duplicate of already analyzed file "/home/cari/cst455_soc/Lab3/Lab3/synthesis/submodules/Lab3_HEX0.v" (same filename, same library name and same md5 digest). Skipping analysis of this file.
Info (12021): Found 0 design units, including 0 entities, in source file db/ip/Lab3/submodules/Lab3_HEX0.v
Info (15248): File "/home/cari/cst455_soc/Lab3/db/ip/Lab3/submodules/Lab3_Lab3.v" is a duplicate of already analyzed file "/home/cari/cst455_soc/Lab3/Lab3/synthesis/submodules/Lab3_Lab3.v" (same filename, same library name and same md5 digest). Skipping analysis of this file.
Info (12021): Found 0 design units, including 0 entities, in source file db/ip/Lab3/submodules/Lab3_Lab3.v
Info (15248): File "/home/cari/cst455_soc/Lab3/db/ip/Lab3/submodules/Lab3_Lab3_irq_mapper.sv" is a duplicate of already analyzed file "/home/cari/cst455_soc/Lab3/Lab3/synthesis/submodules/Lab3_Lab3_irq_mapper.sv" (same filename, same library name and same md5 digest). Skipping analysis of this file.
Info (12021): Found 0 design units, including 0 entities, in source file db/ip/Lab3/submodules/Lab3_Lab3_irq_mapper.sv
Info (15248): File "/home/cari/cst455_soc/Lab3/db/ip/Lab3/submodules/Lab3_SRAM.v" is a duplicate of already analyzed file "/home/cari/cst455_soc/Lab3/Lab3/synthesis/submodules/Lab3_SRAM.v" (same filename, same library name and same md5 digest). Skipping analysis of this file.
Info (12021): Found 0 design units, including 0 entities, in source file db/ip/Lab3/submodules/Lab3_SRAM.v
Info (15248): File "/home/cari/cst455_soc/Lab3/db/ip/Lab3/submodules/Lab3_irq_mapper.sv" is a duplicate of already analyzed file "/home/cari/cst455_soc/Lab3/Lab3/synthesis/submodules/Lab3_irq_mapper.sv" (same filename, same library name and same md5 digest). Skipping analysis of this file.
Info (12021): Found 0 design units, including 0 entities, in source file db/ip/Lab3/submodules/Lab3_irq_mapper.sv
Info (15248): File "/home/cari/cst455_soc/Lab3/db/ip/Lab3/submodules/Lab3_mm_interconnect_0.v" is a duplicate of already analyzed file "/home/cari/cst455_soc/Lab3/Lab3/synthesis/submodules/Lab3_mm_interconnect_0.v" (same filename, same library name and same md5 digest). Skipping analysis of this file.
Info (12021): Found 0 design units, including 0 entities, in source file db/ip/Lab3/submodules/Lab3_mm_interconnect_0.v
Info (15248): File "/home/cari/cst455_soc/Lab3/db/ip/Lab3/submodules/Lab3_mm_interconnect_0_avalon_st_adapter.v" is a duplicate of already analyzed file "/home/cari/cst455_soc/Lab3/Lab3/synthesis/submodules/Lab3_mm_interconnect_0_avalon_st_adapter.v" (same filename, same library name and same md5 digest). Skipping analysis of this file.
Info (12021): Found 0 design units, including 0 entities, in source file db/ip/Lab3/submodules/Lab3_mm_interconnect_0_avalon_st_adapter.v
Info (15248): File "/home/cari/cst455_soc/Lab3/db/ip/Lab3/submodules/Lab3_mm_interconnect_0_avalon_st_adapter_error_adapter_0.sv" is a duplicate of already analyzed file "/home/cari/cst455_soc/Lab3/Lab3/synthesis/submodules/Lab3_mm_interconnect_0_avalon_st_adapter_error_adapter_0.sv" (same filename, same library name and same md5 digest). Skipping analysis of this file.
Info (12021): Found 0 design units, including 0 entities, in source file db/ip/Lab3/submodules/Lab3_mm_interconnect_0_avalon_st_adapter_error_adapter_0.sv
Info (15248): File "/home/cari/cst455_soc/Lab3/db/ip/Lab3/submodules/Lab3_mm_interconnect_0_cmd_demux.sv" is a duplicate of already analyzed file "/home/cari/cst455_soc/Lab3/Lab3/synthesis/submodules/Lab3_mm_interconnect_0_cmd_demux.sv" (same filename, same library name and same md5 digest). Skipping analysis of this file.
Info (12021): Found 0 design units, including 0 entities, in source file db/ip/Lab3/submodules/Lab3_mm_interconnect_0_cmd_demux.sv
Info (15248): File "/home/cari/cst455_soc/Lab3/db/ip/Lab3/submodules/Lab3_mm_interconnect_0_cmd_demux_002.sv" is a duplicate of already analyzed file "/home/cari/cst455_soc/Lab3/Lab3/synthesis/submodules/Lab3_mm_interconnect_0_cmd_demux_002.sv" (same filename, same library name and same md5 digest). Skipping analysis of this file.
Info (12021): Found 0 design units, including 0 entities, in source file db/ip/Lab3/submodules/Lab3_mm_interconnect_0_cmd_demux_002.sv
Info (15248): File "/home/cari/cst455_soc/Lab3/db/ip/Lab3/submodules/Lab3_mm_interconnect_0_cmd_mux.sv" is a duplicate of already analyzed file "/home/cari/cst455_soc/Lab3/Lab3/synthesis/submodules/Lab3_mm_interconnect_0_cmd_mux.sv" (same filename, same library name and same md5 digest). Skipping analysis of this file.
Info (12021): Found 0 design units, including 0 entities, in source file db/ip/Lab3/submodules/Lab3_mm_interconnect_0_cmd_mux.sv
Info (15248): File "/home/cari/cst455_soc/Lab3/db/ip/Lab3/submodules/Lab3_mm_interconnect_0_cmd_mux_001.sv" is a duplicate of already analyzed file "/home/cari/cst455_soc/Lab3/Lab3/synthesis/submodules/Lab3_mm_interconnect_0_cmd_mux_001.sv" (same filename, same library name and same md5 digest). Skipping analysis of this file.
Info (12021): Found 0 design units, including 0 entities, in source file db/ip/Lab3/submodules/Lab3_mm_interconnect_0_cmd_mux_001.sv
Info (15248): File "/home/cari/cst455_soc/Lab3/db/ip/Lab3/submodules/Lab3_mm_interconnect_0_router.sv" is a duplicate of already analyzed file "/home/cari/cst455_soc/Lab3/Lab3/synthesis/submodules/Lab3_mm_interconnect_0_router.sv" (same filename, same library name and same md5 digest). Skipping analysis of this file.
Info (12021): Found 0 design units, including 0 entities, in source file db/ip/Lab3/submodules/Lab3_mm_interconnect_0_router.sv
Info (15248): File "/home/cari/cst455_soc/Lab3/db/ip/Lab3/submodules/Lab3_mm_interconnect_0_router_002.sv" is a duplicate of already analyzed file "/home/cari/cst455_soc/Lab3/Lab3/synthesis/submodules/Lab3_mm_interconnect_0_router_002.sv" (same filename, same library name and same md5 digest). Skipping analysis of this file.
Info (12021): Found 0 design units, including 0 entities, in source file db/ip/Lab3/submodules/Lab3_mm_interconnect_0_router_002.sv
Info (15248): File "/home/cari/cst455_soc/Lab3/db/ip/Lab3/submodules/Lab3_mm_interconnect_0_router_004.sv" is a duplicate of already analyzed file "/home/cari/cst455_soc/Lab3/Lab3/synthesis/submodules/Lab3_mm_interconnect_0_router_004.sv" (same filename, same library name and same md5 digest). Skipping analysis of this file.
Info (12021): Found 0 design units, including 0 entities, in source file db/ip/Lab3/submodules/Lab3_mm_interconnect_0_router_004.sv
Info (15248): File "/home/cari/cst455_soc/Lab3/db/ip/Lab3/submodules/Lab3_mm_interconnect_0_router_005.sv" is a duplicate of already analyzed file "/home/cari/cst455_soc/Lab3/Lab3/synthesis/submodules/Lab3_mm_interconnect_0_router_005.sv" (same filename, same library name and same md5 digest). Skipping analysis of this file.
Info (12021): Found 0 design units, including 0 entities, in source file db/ip/Lab3/submodules/Lab3_mm_interconnect_0_router_005.sv
Info (15248): File "/home/cari/cst455_soc/Lab3/db/ip/Lab3/submodules/Lab3_mm_interconnect_0_rsp_demux.sv" is a duplicate of already analyzed file "/home/cari/cst455_soc/Lab3/Lab3/synthesis/submodules/Lab3_mm_interconnect_0_rsp_demux.sv" (same filename, same library name and same md5 digest). Skipping analysis of this file.
Info (12021): Found 0 design units, including 0 entities, in source file db/ip/Lab3/submodules/Lab3_mm_interconnect_0_rsp_demux.sv
Info (15248): File "/home/cari/cst455_soc/Lab3/db/ip/Lab3/submodules/Lab3_mm_interconnect_0_rsp_demux_001.sv" is a duplicate of already analyzed file "/home/cari/cst455_soc/Lab3/Lab3/synthesis/submodules/Lab3_mm_interconnect_0_rsp_demux_001.sv" (same filename, same library name and same md5 digest). Skipping analysis of this file.
Info (12021): Found 0 design units, including 0 entities, in source file db/ip/Lab3/submodules/Lab3_mm_interconnect_0_rsp_demux_001.sv
Info (15248): File "/home/cari/cst455_soc/Lab3/db/ip/Lab3/submodules/Lab3_mm_interconnect_0_rsp_mux.sv" is a duplicate of already analyzed file "/home/cari/cst455_soc/Lab3/Lab3/synthesis/submodules/Lab3_mm_interconnect_0_rsp_mux.sv" (same filename, same library name and same md5 digest). Skipping analysis of this file.
Info (12021): Found 0 design units, including 0 entities, in source file db/ip/Lab3/submodules/Lab3_mm_interconnect_0_rsp_mux.sv
Info (15248): File "/home/cari/cst455_soc/Lab3/db/ip/Lab3/submodules/Lab3_mm_interconnect_0_rsp_mux_002.sv" is a duplicate of already analyzed file "/home/cari/cst455_soc/Lab3/Lab3/synthesis/submodules/Lab3_mm_interconnect_0_rsp_mux_002.sv" (same filename, same library name and same md5 digest). Skipping analysis of this file.
Info (12021): Found 0 design units, including 0 entities, in source file db/ip/Lab3/submodules/Lab3_mm_interconnect_0_rsp_mux_002.sv
Info (15248): File "/home/cari/cst455_soc/Lab3/db/ip/Lab3/submodules/Lab3_switches.v" is a duplicate of already analyzed file "/home/cari/cst455_soc/Lab3/Lab3/synthesis/submodules/Lab3_switches.v" (same filename, same library name and same md5 digest). Skipping analysis of this file.
Info (12021): Found 0 design units, including 0 entities, in source file db/ip/Lab3/submodules/Lab3_switches.v
Info (15248): File "/home/cari/cst455_soc/Lab3/db/ip/Lab3/submodules/altera_avalon_sc_fifo.v" is a duplicate of already analyzed file "/home/cari/cst455_soc/Lab3/Lab3/synthesis/submodules/altera_avalon_sc_fifo.v" (same filename, same library name and same md5 digest). Skipping analysis of this file.
Info (12021): Found 0 design units, including 0 entities, in source file db/ip/Lab3/submodules/altera_avalon_sc_fifo.v
Info (15248): File "/home/cari/cst455_soc/Lab3/db/ip/Lab3/submodules/altera_avalon_st_clock_crosser.v" is a duplicate of already analyzed file "/home/cari/cst455_soc/Lab3/Lab3/synthesis/submodules/altera_avalon_st_clock_crosser.v" (same filename, same library name and same md5 digest). Skipping analysis of this file.
Info (12021): Found 0 design units, including 0 entities, in source file db/ip/Lab3/submodules/altera_avalon_st_clock_crosser.v
Info (15248): File "/home/cari/cst455_soc/Lab3/db/ip/Lab3/submodules/altera_avalon_st_handshake_clock_crosser.v" is a duplicate of already analyzed file "/home/cari/cst455_soc/Lab3/Lab3/synthesis/submodules/altera_avalon_st_handshake_clock_crosser.v" (same filename, same library name and same md5 digest). Skipping analysis of this file.
Info (12021): Found 0 design units, including 0 entities, in source file db/ip/Lab3/submodules/altera_avalon_st_handshake_clock_crosser.v
Info (15248): File "/home/cari/cst455_soc/Lab3/db/ip/Lab3/submodules/altera_avalon_st_pipeline_base.v" is a duplicate of already analyzed file "/home/cari/cst455_soc/Lab3/Lab3/synthesis/submodules/altera_avalon_st_pipeline_base.v" (same filename, same library name and same md5 digest). Skipping analysis of this file.
Info (12021): Found 0 design units, including 0 entities, in source file db/ip/Lab3/submodules/altera_avalon_st_pipeline_base.v
Info (15248): File "/home/cari/cst455_soc/Lab3/db/ip/Lab3/submodules/altera_avalon_st_pipeline_stage.sv" is a duplicate of already analyzed file "/home/cari/cst455_soc/Lab3/Lab3/synthesis/submodules/altera_avalon_st_pipeline_stage.sv" (same filename, same library name and same md5 digest). Skipping analysis of this file.
Info (12021): Found 0 design units, including 0 entities, in source file db/ip/Lab3/submodules/altera_avalon_st_pipeline_stage.sv
Info (15248): File "/home/cari/cst455_soc/Lab3/db/ip/Lab3/submodules/altera_merlin_address_alignment.sv" is a duplicate of already analyzed file "/home/cari/cst455_soc/Lab3/Lab3/synthesis/submodules/altera_merlin_address_alignment.sv" (same filename, same library name and same md5 digest). Skipping analysis of this file.
Info (12021): Found 0 design units, including 0 entities, in source file db/ip/Lab3/submodules/altera_merlin_address_alignment.sv
Info (15248): File "/home/cari/cst455_soc/Lab3/db/ip/Lab3/submodules/altera_merlin_arbitrator.sv" is a duplicate of already analyzed file "/home/cari/cst455_soc/Lab3/Lab3/synthesis/submodules/altera_merlin_arbitrator.sv" (same filename, same library name and same md5 digest). Skipping analysis of this file.
Info (12021): Found 0 design units, including 0 entities, in source file db/ip/Lab3/submodules/altera_merlin_arbitrator.sv
Info (15248): File "/home/cari/cst455_soc/Lab3/db/ip/Lab3/submodules/altera_merlin_axi_master_ni.sv" is a duplicate of already analyzed file "/home/cari/cst455_soc/Lab3/Lab3/synthesis/submodules/altera_merlin_axi_master_ni.sv" (same filename, same library name and same md5 digest). Skipping analysis of this file.
Info (12021): Found 0 design units, including 0 entities, in source file db/ip/Lab3/submodules/altera_merlin_axi_master_ni.sv
Info (15248): File "/home/cari/cst455_soc/Lab3/db/ip/Lab3/submodules/altera_merlin_burst_uncompressor.sv" is a duplicate of already analyzed file "/home/cari/cst455_soc/Lab3/Lab3/synthesis/submodules/altera_merlin_burst_uncompressor.sv" (same filename, same library name and same md5 digest). Skipping analysis of this file.
Info (12021): Found 0 design units, including 0 entities, in source file db/ip/Lab3/submodules/altera_merlin_burst_uncompressor.sv
Info (15248): File "/home/cari/cst455_soc/Lab3/db/ip/Lab3/submodules/altera_merlin_reorder_memory.sv" is a duplicate of already analyzed file "/home/cari/cst455_soc/Lab3/Lab3/synthesis/submodules/altera_merlin_reorder_memory.sv" (same filename, same library name and same md5 digest). Skipping analysis of this file.
Info (12021): Found 0 design units, including 0 entities, in source file db/ip/Lab3/submodules/altera_merlin_reorder_memory.sv
Info (15248): File "/home/cari/cst455_soc/Lab3/db/ip/Lab3/submodules/altera_merlin_slave_agent.sv" is a duplicate of already analyzed file "/home/cari/cst455_soc/Lab3/Lab3/synthesis/submodules/altera_merlin_slave_agent.sv" (same filename, same library name and same md5 digest). Skipping analysis of this file.
Info (12021): Found 0 design units, including 0 entities, in source file db/ip/Lab3/submodules/altera_merlin_slave_agent.sv
Info (15248): File "/home/cari/cst455_soc/Lab3/db/ip/Lab3/submodules/altera_merlin_slave_translator.sv" is a duplicate of already analyzed file "/home/cari/cst455_soc/Lab3/Lab3/synthesis/submodules/altera_merlin_slave_translator.sv" (same filename, same library name and same md5 digest). Skipping analysis of this file.
Info (12021): Found 0 design units, including 0 entities, in source file db/ip/Lab3/submodules/altera_merlin_slave_translator.sv
Info (15248): File "/home/cari/cst455_soc/Lab3/db/ip/Lab3/submodules/altera_merlin_traffic_limiter.sv" is a duplicate of already analyzed file "/home/cari/cst455_soc/Lab3/Lab3/synthesis/submodules/altera_merlin_traffic_limiter.sv" (same filename, same library name and same md5 digest). Skipping analysis of this file.
Info (12021): Found 0 design units, including 0 entities, in source file db/ip/Lab3/submodules/altera_merlin_traffic_limiter.sv
Info (15248): File "/home/cari/cst455_soc/Lab3/db/ip/Lab3/submodules/altera_reset_controller.v" is a duplicate of already analyzed file "/home/cari/cst455_soc/Lab3/Lab3/synthesis/submodules/altera_reset_controller.v" (same filename, same library name and same md5 digest). Skipping analysis of this file.
Info (12021): Found 0 design units, including 0 entities, in source file db/ip/Lab3/submodules/altera_reset_controller.v
Info (15248): File "/home/cari/cst455_soc/Lab3/db/ip/Lab3/submodules/altera_reset_synchronizer.v" is a duplicate of already analyzed file "/home/cari/cst455_soc/Lab3/Lab3/synthesis/submodules/altera_reset_synchronizer.v" (same filename, same library name and same md5 digest). Skipping analysis of this file.
Info (12021): Found 0 design units, including 0 entities, in source file db/ip/Lab3/submodules/altera_reset_synchronizer.v
Info (15248): File "/home/cari/cst455_soc/Lab3/db/ip/Lab3/submodules/altera_std_synchronizer.v" is a duplicate of already analyzed file "/home/cari/cst455_soc/Lab3/Lab3/synthesis/submodules/altera_std_synchronizer.v" (same filename, same library name and same md5 digest). Skipping analysis of this file.
Info (12021): Found 0 design units, including 0 entities, in source file db/ip/Lab3/submodules/altera_std_synchronizer.v
Info (15248): File "/home/cari/cst455_soc/Lab3/db/ip/Lab3/submodules/altera_std_synchronizer_bundle.v" is a duplicate of already analyzed file "/home/cari/cst455_soc/Lab3/Lab3/synthesis/submodules/altera_std_synchronizer_bundle.v" (same filename, same library name and same md5 digest). Skipping analysis of this file.
Info (12021): Found 0 design units, including 0 entities, in source file db/ip/Lab3/submodules/altera_std_synchronizer_bundle.v
Info (15248): File "/home/cari/cst455_soc/Lab3/db/ip/Lab3/submodules/altera_std_synchronizer_nocut.v" is a duplicate of already analyzed file "/home/cari/cst455_soc/Lab3/Lab3/synthesis/submodules/altera_std_synchronizer_nocut.v" (same filename, same library name and same md5 digest). Skipping analysis of this file.
Info (12021): Found 0 design units, including 0 entities, in source file db/ip/Lab3/submodules/altera_std_synchronizer_nocut.v
Info (15248): File "/home/cari/cst455_soc/Lab3/db/ip/Lab3/submodules/niosv_altecc_32dec.v" is a duplicate of already analyzed file "/home/cari/cst455_soc/Lab3/Lab3/synthesis/submodules/niosv_altecc_32dec.v" (same filename, same library name and same md5 digest). Skipping analysis of this file.
Info (12021): Found 0 design units, including 0 entities, in source file db/ip/Lab3/submodules/niosv_altecc_32dec.v
Info (15248): File "/home/cari/cst455_soc/Lab3/db/ip/Lab3/submodules/niosv_altecc_32enc.v" is a duplicate of already analyzed file "/home/cari/cst455_soc/Lab3/Lab3/synthesis/submodules/niosv_altecc_32enc.v" (same filename, same library name and same md5 digest). Skipping analysis of this file.
Info (12021): Found 0 design units, including 0 entities, in source file db/ip/Lab3/submodules/niosv_altecc_32enc.v
Info (15248): File "/home/cari/cst455_soc/Lab3/db/ip/Lab3/submodules/niosv_altecc_dec20.v" is a duplicate of already analyzed file "/home/cari/cst455_soc/Lab3/Lab3/synthesis/submodules/niosv_altecc_dec20.v" (same filename, same library name and same md5 digest). Skipping analysis of this file.
Info (12021): Found 0 design units, including 0 entities, in source file db/ip/Lab3/submodules/niosv_altecc_dec20.v
Info (15248): File "/home/cari/cst455_soc/Lab3/db/ip/Lab3/submodules/niosv_altecc_dec21.v" is a duplicate of already analyzed file "/home/cari/cst455_soc/Lab3/Lab3/synthesis/submodules/niosv_altecc_dec21.v" (same filename, same library name and same md5 digest). Skipping analysis of this file.
Info (12021): Found 0 design units, including 0 entities, in source file db/ip/Lab3/submodules/niosv_altecc_dec21.v
Info (15248): File "/home/cari/cst455_soc/Lab3/db/ip/Lab3/submodules/niosv_altecc_dec22.v" is a duplicate of already analyzed file "/home/cari/cst455_soc/Lab3/Lab3/synthesis/submodules/niosv_altecc_dec22.v" (same filename, same library name and same md5 digest). Skipping analysis of this file.
Info (12021): Found 0 design units, including 0 entities, in source file db/ip/Lab3/submodules/niosv_altecc_dec22.v
Info (15248): File "/home/cari/cst455_soc/Lab3/db/ip/Lab3/submodules/niosv_altecc_dec23.v" is a duplicate of already analyzed file "/home/cari/cst455_soc/Lab3/Lab3/synthesis/submodules/niosv_altecc_dec23.v" (same filename, same library name and same md5 digest). Skipping analysis of this file.
Info (12021): Found 0 design units, including 0 entities, in source file db/ip/Lab3/submodules/niosv_altecc_dec23.v
Info (15248): File "/home/cari/cst455_soc/Lab3/db/ip/Lab3/submodules/niosv_altecc_dec24.v" is a duplicate of already analyzed file "/home/cari/cst455_soc/Lab3/Lab3/synthesis/submodules/niosv_altecc_dec24.v" (same filename, same library name and same md5 digest). Skipping analysis of this file.
Info (12021): Found 0 design units, including 0 entities, in source file db/ip/Lab3/submodules/niosv_altecc_dec24.v
Info (15248): File "/home/cari/cst455_soc/Lab3/db/ip/Lab3/submodules/niosv_altecc_dec25.v" is a duplicate of already analyzed file "/home/cari/cst455_soc/Lab3/Lab3/synthesis/submodules/niosv_altecc_dec25.v" (same filename, same library name and same md5 digest). Skipping analysis of this file.
Info (12021): Found 0 design units, including 0 entities, in source file db/ip/Lab3/submodules/niosv_altecc_dec25.v
Info (15248): File "/home/cari/cst455_soc/Lab3/db/ip/Lab3/submodules/niosv_altecc_dec26.v" is a duplicate of already analyzed file "/home/cari/cst455_soc/Lab3/Lab3/synthesis/submodules/niosv_altecc_dec26.v" (same filename, same library name and same md5 digest). Skipping analysis of this file.
Info (12021): Found 0 design units, including 0 entities, in source file db/ip/Lab3/submodules/niosv_altecc_dec26.v
Info (15248): File "/home/cari/cst455_soc/Lab3/db/ip/Lab3/submodules/niosv_altecc_enc20.v" is a duplicate of already analyzed file "/home/cari/cst455_soc/Lab3/Lab3/synthesis/submodules/niosv_altecc_enc20.v" (same filename, same library name and same md5 digest). Skipping analysis of this file.
Info (12021): Found 0 design units, including 0 entities, in source file db/ip/Lab3/submodules/niosv_altecc_enc20.v
Info (15248): File "/home/cari/cst455_soc/Lab3/db/ip/Lab3/submodules/niosv_altecc_enc21.v" is a duplicate of already analyzed file "/home/cari/cst455_soc/Lab3/Lab3/synthesis/submodules/niosv_altecc_enc21.v" (same filename, same library name and same md5 digest). Skipping analysis of this file.
Info (12021): Found 0 design units, including 0 entities, in source file db/ip/Lab3/submodules/niosv_altecc_enc21.v
Info (15248): File "/home/cari/cst455_soc/Lab3/db/ip/Lab3/submodules/niosv_altecc_enc22.v" is a duplicate of already analyzed file "/home/cari/cst455_soc/Lab3/Lab3/synthesis/submodules/niosv_altecc_enc22.v" (same filename, same library name and same md5 digest). Skipping analysis of this file.
Info (12021): Found 0 design units, including 0 entities, in source file db/ip/Lab3/submodules/niosv_altecc_enc22.v
Info (15248): File "/home/cari/cst455_soc/Lab3/db/ip/Lab3/submodules/niosv_altecc_enc23.v" is a duplicate of already analyzed file "/home/cari/cst455_soc/Lab3/Lab3/synthesis/submodules/niosv_altecc_enc23.v" (same filename, same library name and same md5 digest). Skipping analysis of this file.
Info (12021): Found 0 design units, including 0 entities, in source file db/ip/Lab3/submodules/niosv_altecc_enc23.v
Info (15248): File "/home/cari/cst455_soc/Lab3/db/ip/Lab3/submodules/niosv_altecc_enc24.v" is a duplicate of already analyzed file "/home/cari/cst455_soc/Lab3/Lab3/synthesis/submodules/niosv_altecc_enc24.v" (same filename, same library name and same md5 digest). Skipping analysis of this file.
Info (12021): Found 0 design units, including 0 entities, in source file db/ip/Lab3/submodules/niosv_altecc_enc24.v
Info (15248): File "/home/cari/cst455_soc/Lab3/db/ip/Lab3/submodules/niosv_altecc_enc25.v" is a duplicate of already analyzed file "/home/cari/cst455_soc/Lab3/Lab3/synthesis/submodules/niosv_altecc_enc25.v" (same filename, same library name and same md5 digest). Skipping analysis of this file.
Info (12021): Found 0 design units, including 0 entities, in source file db/ip/Lab3/submodules/niosv_altecc_enc25.v
Info (15248): File "/home/cari/cst455_soc/Lab3/db/ip/Lab3/submodules/niosv_altecc_enc26.v" is a duplicate of already analyzed file "/home/cari/cst455_soc/Lab3/Lab3/synthesis/submodules/niosv_altecc_enc26.v" (same filename, same library name and same md5 digest). Skipping analysis of this file.
Info (12021): Found 0 design units, including 0 entities, in source file db/ip/Lab3/submodules/niosv_altecc_enc26.v
Info (15248): File "/home/cari/cst455_soc/Lab3/db/ip/Lab3/submodules/niosv_bus_req.sv" is a duplicate of already analyzed file "/home/cari/cst455_soc/Lab3/Lab3/synthesis/submodules/niosv_bus_req.sv" (same filename, same library name and same md5 digest). Skipping analysis of this file.
Info (12021): Found 0 design units, including 0 entities, in source file db/ip/Lab3/submodules/niosv_bus_req.sv
Info (15248): File "/home/cari/cst455_soc/Lab3/db/ip/Lab3/submodules/niosv_c_alu.sv" is a duplicate of already analyzed file "/home/cari/cst455_soc/Lab3/Lab3/synthesis/submodules/niosv_c_alu.sv" (same filename, same library name and same md5 digest). Skipping analysis of this file.
Info (12021): Found 0 design units, including 0 entities, in source file db/ip/Lab3/submodules/niosv_c_alu.sv
Info (15248): File "/home/cari/cst455_soc/Lab3/db/ip/Lab3/submodules/niosv_c_core.sv" is a duplicate of already analyzed file "/home/cari/cst455_soc/Lab3/Lab3/synthesis/submodules/niosv_c_core.sv" (same filename, same library name and same md5 digest). Skipping analysis of this file.
Info (12021): Found 0 design units, including 0 entities, in source file db/ip/Lab3/submodules/niosv_c_core.sv
Info (15248): File "/home/cari/cst455_soc/Lab3/db/ip/Lab3/submodules/niosv_c_csr.sv" is a duplicate of already analyzed file "/home/cari/cst455_soc/Lab3/Lab3/synthesis/submodules/niosv_c_csr.sv" (same filename, same library name and same md5 digest). Skipping analysis of this file.
Info (12021): Found 0 design units, including 0 entities, in source file db/ip/Lab3/submodules/niosv_c_csr.sv
Info (15248): File "/home/cari/cst455_soc/Lab3/db/ip/Lab3/submodules/niosv_c_decoder.sv" is a duplicate of already analyzed file "/home/cari/cst455_soc/Lab3/Lab3/synthesis/submodules/niosv_c_decoder.sv" (same filename, same library name and same md5 digest). Skipping analysis of this file.
Info (12021): Found 0 design units, including 0 entities, in source file db/ip/Lab3/submodules/niosv_c_decoder.sv
Info (15248): File "/home/cari/cst455_soc/Lab3/db/ip/Lab3/submodules/niosv_c_lsu.sv" is a duplicate of already analyzed file "/home/cari/cst455_soc/Lab3/Lab3/synthesis/submodules/niosv_c_lsu.sv" (same filename, same library name and same md5 digest). Skipping analysis of this file.
Info (12021): Found 0 design units, including 0 entities, in source file db/ip/Lab3/submodules/niosv_c_lsu.sv
Info (15248): File "/home/cari/cst455_soc/Lab3/db/ip/Lab3/submodules/niosv_csr.sv" is a duplicate of already analyzed file "/home/cari/cst455_soc/Lab3/Lab3/synthesis/submodules/niosv_csr.sv" (same filename, same library name and same md5 digest). Skipping analysis of this file.
Info (12021): Found 0 design units, including 0 entities, in source file db/ip/Lab3/submodules/niosv_csr.sv
Info (15248): File "/home/cari/cst455_soc/Lab3/db/ip/Lab3/submodules/niosv_debug_module.sv" is a duplicate of already analyzed file "/home/cari/cst455_soc/Lab3/Lab3/synthesis/submodules/niosv_debug_module.sv" (same filename, same library name and same md5 digest). Skipping analysis of this file.
Info (12021): Found 0 design units, including 0 entities, in source file db/ip/Lab3/submodules/niosv_debug_module.sv
Info (15248): File "/home/cari/cst455_soc/Lab3/db/ip/Lab3/submodules/niosv_dm_def.sv" is a duplicate of already analyzed file "/home/cari/cst455_soc/Lab3/Lab3/synthesis/submodules/niosv_dm_def.sv" (same filename, same library name and same md5 digest). Skipping analysis of this file.
Info (12021): Found 0 design units, including 0 entities, in source file db/ip/Lab3/submodules/niosv_dm_def.sv
Info (15248): File "/home/cari/cst455_soc/Lab3/db/ip/Lab3/submodules/niosv_dm_jtag2mm.sv" is a duplicate of already analyzed file "/home/cari/cst455_soc/Lab3/Lab3/synthesis/submodules/niosv_dm_jtag2mm.sv" (same filename, same library name and same md5 digest). Skipping analysis of this file.
Info (12021): Found 0 design units, including 0 entities, in source file db/ip/Lab3/submodules/niosv_dm_jtag2mm.sv
Info (15248): File "/home/cari/cst455_soc/Lab3/db/ip/Lab3/submodules/niosv_dm_top.sv" is a duplicate of already analyzed file "/home/cari/cst455_soc/Lab3/Lab3/synthesis/submodules/niosv_dm_top.sv" (same filename, same library name and same md5 digest). Skipping analysis of this file.
Info (12021): Found 0 design units, including 0 entities, in source file db/ip/Lab3/submodules/niosv_dm_top.sv
Info (15248): File "/home/cari/cst455_soc/Lab3/db/ip/Lab3/submodules/niosv_ecc_ram.sv" is a duplicate of already analyzed file "/home/cari/cst455_soc/Lab3/Lab3/synthesis/submodules/niosv_ecc_ram.sv" (same filename, same library name and same md5 digest). Skipping analysis of this file.
Info (12021): Found 0 design units, including 0 entities, in source file db/ip/Lab3/submodules/niosv_ecc_ram.sv
Info (15248): File "/home/cari/cst455_soc/Lab3/db/ip/Lab3/submodules/niosv_enc_dec.v" is a duplicate of already analyzed file "/home/cari/cst455_soc/Lab3/Lab3/synthesis/submodules/niosv_enc_dec.v" (same filename, same library name and same md5 digest). Skipping analysis of this file.
Info (12021): Found 0 design units, including 0 entities, in source file db/ip/Lab3/submodules/niosv_enc_dec.v
Info (15248): File "/home/cari/cst455_soc/Lab3/db/ip/Lab3/submodules/niosv_instr_buffer.sv" is a duplicate of already analyzed file "/home/cari/cst455_soc/Lab3/Lab3/synthesis/submodules/niosv_instr_buffer.sv" (same filename, same library name and same md5 digest). Skipping analysis of this file.
Info (12021): Found 0 design units, including 0 entities, in source file db/ip/Lab3/submodules/niosv_instr_buffer.sv
Info (15248): File "/home/cari/cst455_soc/Lab3/db/ip/Lab3/submodules/niosv_interrupt_handler.sv" is a duplicate of already analyzed file "/home/cari/cst455_soc/Lab3/Lab3/synthesis/submodules/niosv_interrupt_handler.sv" (same filename, same library name and same md5 digest). Skipping analysis of this file.
Info (12021): Found 0 design units, including 0 entities, in source file db/ip/Lab3/submodules/niosv_interrupt_handler.sv
Info (15248): File "/home/cari/cst455_soc/Lab3/db/ip/Lab3/submodules/niosv_m_alu.sv" is a duplicate of already analyzed file "/home/cari/cst455_soc/Lab3/Lab3/synthesis/submodules/niosv_m_alu.sv" (same filename, same library name and same md5 digest). Skipping analysis of this file.
Info (12021): Found 0 design units, including 0 entities, in source file db/ip/Lab3/submodules/niosv_m_alu.sv
Info (15248): File "/home/cari/cst455_soc/Lab3/db/ip/Lab3/submodules/niosv_m_core.sv" is a duplicate of already analyzed file "/home/cari/cst455_soc/Lab3/Lab3/synthesis/submodules/niosv_m_core.sv" (same filename, same library name and same md5 digest). Skipping analysis of this file.
Info (12021): Found 0 design units, including 0 entities, in source file db/ip/Lab3/submodules/niosv_m_core.sv
Info (15248): File "/home/cari/cst455_soc/Lab3/db/ip/Lab3/submodules/niosv_m_decoder.sv" is a duplicate of already analyzed file "/home/cari/cst455_soc/Lab3/Lab3/synthesis/submodules/niosv_m_decoder.sv" (same filename, same library name and same md5 digest). Skipping analysis of this file.
Info (12021): Found 0 design units, including 0 entities, in source file db/ip/Lab3/submodules/niosv_m_decoder.sv
Info (15248): File "/home/cari/cst455_soc/Lab3/db/ip/Lab3/submodules/niosv_m_instr_prefetch.sv" is a duplicate of already analyzed file "/home/cari/cst455_soc/Lab3/Lab3/synthesis/submodules/niosv_m_instr_prefetch.sv" (same filename, same library name and same md5 digest). Skipping analysis of this file.
Info (12021): Found 0 design units, including 0 entities, in source file db/ip/Lab3/submodules/niosv_m_instr_prefetch.sv
Info (15248): File "/home/cari/cst455_soc/Lab3/db/ip/Lab3/submodules/niosv_m_lsu.sv" is a duplicate of already analyzed file "/home/cari/cst455_soc/Lab3/Lab3/synthesis/submodules/niosv_m_lsu.sv" (same filename, same library name and same md5 digest). Skipping analysis of this file.
Info (12021): Found 0 design units, including 0 entities, in source file db/ip/Lab3/submodules/niosv_m_lsu.sv
Info (15248): File "/home/cari/cst455_soc/Lab3/db/ip/Lab3/submodules/niosv_m_shift_module.sv" is a duplicate of already analyzed file "/home/cari/cst455_soc/Lab3/Lab3/synthesis/submodules/niosv_m_shift_module.sv" (same filename, same library name and same md5 digest). Skipping analysis of this file.
Info (12021): Found 0 design units, including 0 entities, in source file db/ip/Lab3/submodules/niosv_m_shift_module.sv
Info (15248): File "/home/cari/cst455_soc/Lab3/db/ip/Lab3/submodules/niosv_m_top.sv" is a duplicate of already analyzed file "/home/cari/cst455_soc/Lab3/Lab3/synthesis/submodules/niosv_m_top.sv" (same filename, same library name and same md5 digest). Skipping analysis of this file.
Info (12021): Found 0 design units, including 0 entities, in source file db/ip/Lab3/submodules/niosv_m_top.sv
Info (15248): File "/home/cari/cst455_soc/Lab3/db/ip/Lab3/submodules/niosv_mem_op_state.sv" is a duplicate of already analyzed file "/home/cari/cst455_soc/Lab3/Lab3/synthesis/submodules/niosv_mem_op_state.sv" (same filename, same library name and same md5 digest). Skipping analysis of this file.
Info (12021): Found 0 design units, including 0 entities, in source file db/ip/Lab3/submodules/niosv_mem_op_state.sv
Info (15248): File "/home/cari/cst455_soc/Lab3/db/ip/Lab3/submodules/niosv_opcode_def.sv" is a duplicate of already analyzed file "/home/cari/cst455_soc/Lab3/Lab3/synthesis/submodules/niosv_opcode_def.sv" (same filename, same library name and same md5 digest). Skipping analysis of this file.
Info (12021): Found 0 design units, including 0 entities, in source file db/ip/Lab3/submodules/niosv_opcode_def.sv
Info (15248): File "/home/cari/cst455_soc/Lab3/db/ip/Lab3/submodules/niosv_ram.sv" is a duplicate of already analyzed file "/home/cari/cst455_soc/Lab3/Lab3/synthesis/submodules/niosv_ram.sv" (same filename, same library name and same md5 digest). Skipping analysis of this file.
Info (12021): Found 0 design units, including 0 entities, in source file db/ip/Lab3/submodules/niosv_ram.sv
Info (15248): File "/home/cari/cst455_soc/Lab3/db/ip/Lab3/submodules/niosv_reg_file.sv" is a duplicate of already analyzed file "/home/cari/cst455_soc/Lab3/Lab3/synthesis/submodules/niosv_reg_file.sv" (same filename, same library name and same md5 digest). Skipping analysis of this file.
Info (12021): Found 0 design units, including 0 entities, in source file db/ip/Lab3/submodules/niosv_reg_file.sv
Info (15248): File "/home/cari/cst455_soc/Lab3/db/ip/Lab3/submodules/niosv_shift.sv" is a duplicate of already analyzed file "/home/cari/cst455_soc/Lab3/Lab3/synthesis/submodules/niosv_shift.sv" (same filename, same library name and same md5 digest). Skipping analysis of this file.
Info (12021): Found 0 design units, including 0 entities, in source file db/ip/Lab3/submodules/niosv_shift.sv
Info (15248): File "/home/cari/cst455_soc/Lab3/db/ip/Lab3/submodules/niosv_timer_msip.sv" is a duplicate of already analyzed file "/home/cari/cst455_soc/Lab3/Lab3/synthesis/submodules/niosv_timer_msip.sv" (same filename, same library name and same md5 digest). Skipping analysis of this file.
Info (12021): Found 0 design units, including 0 entities, in source file db/ip/Lab3/submodules/niosv_timer_msip.sv
Info (12127): Elaborating entity "Lab3" for the top level hierarchy
Info (12128): Elaborating entity "Lab3_DEBUG" for hierarchy "Lab3_DEBUG:debug" File: /home/cari/cst455_soc/Lab3/Lab3/synthesis/Lab3.v Line: 134
Info (12128): Elaborating entity "Lab3_DEBUG_scfifo_w" for hierarchy "Lab3_DEBUG:debug|Lab3_DEBUG_scfifo_w:the_Lab3_DEBUG_scfifo_w" File: /home/cari/cst455_soc/Lab3/Lab3/synthesis/submodules/Lab3_DEBUG.v Line: 420
Info (12128): Elaborating entity "scfifo" for hierarchy "Lab3_DEBUG:debug|Lab3_DEBUG_scfifo_w:the_Lab3_DEBUG_scfifo_w|scfifo:wfifo" File: /home/cari/cst455_soc/Lab3/Lab3/synthesis/submodules/Lab3_DEBUG.v Line: 139
Info (12130): Elaborated megafunction instantiation "Lab3_DEBUG:debug|Lab3_DEBUG_scfifo_w:the_Lab3_DEBUG_scfifo_w|scfifo:wfifo" File: /home/cari/cst455_soc/Lab3/Lab3/synthesis/submodules/Lab3_DEBUG.v Line: 139
Info (12133): Instantiated megafunction "Lab3_DEBUG:debug|Lab3_DEBUG_scfifo_w:the_Lab3_DEBUG_scfifo_w|scfifo:wfifo" with the following parameter: File: /home/cari/cst455_soc/Lab3/Lab3/synthesis/submodules/Lab3_DEBUG.v Line: 139
    Info (12134): Parameter "lpm_hint" = "RAM_BLOCK_TYPE=AUTO"
    Info (12134): Parameter "lpm_numwords" = "64"
    Info (12134): Parameter "lpm_showahead" = "OFF"
    Info (12134): Parameter "lpm_type" = "scfifo"
    Info (12134): Parameter "lpm_width" = "8"
    Info (12134): Parameter "lpm_widthu" = "6"
    Info (12134): Parameter "overflow_checking" = "OFF"
    Info (12134): Parameter "underflow_checking" = "OFF"
    Info (12134): Parameter "use_eab" = "ON"
Info (12021): Found 1 design units, including 1 entities, in source file db/scfifo_3291.tdf
    Info (12023): Found entity 1: scfifo_3291 File: /home/cari/cst455_soc/Lab3/db/scfifo_3291.tdf Line: 25
Info (12128): Elaborating entity "scfifo_3291" for hierarchy "Lab3_DEBUG:debug|Lab3_DEBUG_scfifo_w:the_Lab3_DEBUG_scfifo_w|scfifo:wfifo|scfifo_3291:auto_generated" File: /opt/IntelFPGA/quartus/libraries/megafunctions/scfifo.tdf Line: 300
Info (12021): Found 1 design units, including 1 entities, in source file db/a_dpfifo_5771.tdf
    Info (12023): Found entity 1: a_dpfifo_5771 File: /home/cari/cst455_soc/Lab3/db/a_dpfifo_5771.tdf Line: 29
Info (12128): Elaborating entity "a_dpfifo_5771" for hierarchy "Lab3_DEBUG:debug|Lab3_DEBUG_scfifo_w:the_Lab3_DEBUG_scfifo_w|scfifo:wfifo|scfifo_3291:auto_generated|a_dpfifo_5771:dpfifo" File: /home/cari/cst455_soc/Lab3/db/scfifo_3291.tdf Line: 38
Info (12021): Found 1 design units, including 1 entities, in source file db/a_fefifo_7cf.tdf
    Info (12023): Found entity 1: a_fefifo_7cf File: /home/cari/cst455_soc/Lab3/db/a_fefifo_7cf.tdf Line: 25
Info (12128): Elaborating entity "a_fefifo_7cf" for hierarchy "Lab3_DEBUG:debug|Lab3_DEBUG_scfifo_w:the_Lab3_DEBUG_scfifo_w|scfifo:wfifo|scfifo_3291:auto_generated|a_dpfifo_5771:dpfifo|a_fefifo_7cf:fifo_state" File: /home/cari/cst455_soc/Lab3/db/a_dpfifo_5771.tdf Line: 43
Info (12021): Found 1 design units, including 1 entities, in source file db/cntr_vg7.tdf
    Info (12023): Found entity 1: cntr_vg7 File: /home/cari/cst455_soc/Lab3/db/cntr_vg7.tdf Line: 26
Info (12128): Elaborating entity "cntr_vg7" for hierarchy "Lab3_DEBUG:debug|Lab3_DEBUG_scfifo_w:the_Lab3_DEBUG_scfifo_w|scfifo:wfifo|scfifo_3291:auto_generated|a_dpfifo_5771:dpfifo|a_fefifo_7cf:fifo_state|cntr_vg7:count_usedw" File: /home/cari/cst455_soc/Lab3/db/a_fefifo_7cf.tdf Line: 39
Info (12021): Found 1 design units, including 1 entities, in source file db/altsyncram_7pu1.tdf
    Info (12023): Found entity 1: altsyncram_7pu1 File: /home/cari/cst455_soc/Lab3/db/altsyncram_7pu1.tdf Line: 28
Info (12128): Elaborating entity "altsyncram_7pu1" for hierarchy "Lab3_DEBUG:debug|Lab3_DEBUG_scfifo_w:the_Lab3_DEBUG_scfifo_w|scfifo:wfifo|scfifo_3291:auto_generated|a_dpfifo_5771:dpfifo|altsyncram_7pu1:FIFOram" File: /home/cari/cst455_soc/Lab3/db/a_dpfifo_5771.tdf Line: 44
Info (12021): Found 1 design units, including 1 entities, in source file db/cntr_jgb.tdf
    Info (12023): Found entity 1: cntr_jgb File: /home/cari/cst455_soc/Lab3/db/cntr_jgb.tdf Line: 26
Info (12128): Elaborating entity "cntr_jgb" for hierarchy "Lab3_DEBUG:debug|Lab3_DEBUG_scfifo_w:the_Lab3_DEBUG_scfifo_w|scfifo:wfifo|scfifo_3291:auto_generated|a_dpfifo_5771:dpfifo|cntr_jgb:rd_ptr_count" File: /home/cari/cst455_soc/Lab3/db/a_dpfifo_5771.tdf Line: 45
Info (12128): Elaborating entity "Lab3_DEBUG_scfifo_r" for hierarchy "Lab3_DEBUG:debug|Lab3_DEBUG_scfifo_r:the_Lab3_DEBUG_scfifo_r" File: /home/cari/cst455_soc/Lab3/Lab3/synthesis/submodules/Lab3_DEBUG.v Line: 434
Info (12128): Elaborating entity "alt_jtag_atlantic" for hierarchy "Lab3_DEBUG:debug|alt_jtag_atlantic:Lab3_DEBUG_alt_jtag_atlantic" File: /home/cari/cst455_soc/Lab3/Lab3/synthesis/submodules/Lab3_DEBUG.v Line: 569
Info (12130): Elaborated megafunction instantiation "Lab3_DEBUG:debug|alt_jtag_atlantic:Lab3_DEBUG_alt_jtag_atlantic" File: /home/cari/cst455_soc/Lab3/Lab3/synthesis/submodules/Lab3_DEBUG.v Line: 569
Info (12133): Instantiated megafunction "Lab3_DEBUG:debug|alt_jtag_atlantic:Lab3_DEBUG_alt_jtag_atlantic" with the following parameter: File: /home/cari/cst455_soc/Lab3/Lab3/synthesis/submodules/Lab3_DEBUG.v Line: 569
    Info (12134): Parameter "INSTANCE_ID" = "0"
    Info (12134): Parameter "LOG2_RXFIFO_DEPTH" = "6"
    Info (12134): Parameter "LOG2_TXFIFO_DEPTH" = "6"
    Info (12134): Parameter "SLD_AUTO_INSTANCE_INDEX" = "YES"
Info (12128): Elaborating entity "sld_jtag_endpoint_adapter" for hierarchy "Lab3_DEBUG:debug|alt_jtag_atlantic:Lab3_DEBUG_alt_jtag_atlantic|sld_jtag_endpoint_adapter:inst" File: /opt/IntelFPGA/quartus/libraries/megafunctions/alt_jtag_atlantic.v Line: 276
Info (12128): Elaborating entity "sld_jtag_endpoint_adapter_impl" for hierarchy "Lab3_DEBUG:debug|alt_jtag_atlantic:Lab3_DEBUG_alt_jtag_atlantic|sld_jtag_endpoint_adapter:inst|sld_jtag_endpoint_adapter_impl:sld_jtag_endpoint_adapter_impl_inst" File: /opt/IntelFPGA/quartus/libraries/megafunctions/sld_jtag_endpoint_adapter.vhd Line: 232
Info (12128): Elaborating entity "Lab3_HEX0" for hierarchy "Lab3_HEX0:hex0" File: /home/cari/cst455_soc/Lab3/Lab3/synthesis/Lab3.v Line: 145
Info (12128): Elaborating entity "Lab3_Lab3" for hierarchy "Lab3_Lab3:lab3" File: /home/cari/cst455_soc/Lab3/Lab3/synthesis/Lab3.v Line: 261
Info (12128): Elaborating entity "niosv_m_top" for hierarchy "Lab3_Lab3:lab3|niosv_m_top:hart" File: /home/cari/cst455_soc/Lab3/Lab3/synthesis/submodules/Lab3_Lab3.v Line: 144
Info (12128): Elaborating entity "niosv_m_core" for hierarchy "Lab3_Lab3:lab3|niosv_m_top:hart|niosv_m_core:m_core.niosv_m_full_inst" File: /home/cari/cst455_soc/Lab3/Lab3/synthesis/submodules/niosv_m_top.sv Line: 127
Info (12128): Elaborating entity "niosv_m_instr_prefetch" for hierarchy "Lab3_Lab3:lab3|niosv_m_top:hart|niosv_m_core:m_core.niosv_m_full_inst|niosv_m_instr_prefetch:prefetch_inst" File: /home/cari/cst455_soc/Lab3/Lab3/synthesis/submodules/niosv_m_core.sv Line: 604
Info (12128): Elaborating entity "niosv_instr_buffer" for hierarchy "Lab3_Lab3:lab3|niosv_m_top:hart|niosv_m_core:m_core.niosv_m_full_inst|niosv_m_instr_prefetch:prefetch_inst|niosv_instr_buffer:buffer_inst" File: /home/cari/cst455_soc/Lab3/Lab3/synthesis/submodules/niosv_m_instr_prefetch.sv Line: 191
Info (12128): Elaborating entity "niosv_reg_file" for hierarchy "Lab3_Lab3:lab3|niosv_m_top:hart|niosv_m_core:m_core.niosv_m_full_inst|niosv_reg_file:reg_file_inst" File: /home/cari/cst455_soc/Lab3/Lab3/synthesis/submodules/niosv_m_core.sv Line: 1480
Info (12128): Elaborating entity "niosv_ram" for hierarchy "Lab3_Lab3:lab3|niosv_m_top:hart|niosv_m_core:m_core.niosv_m_full_inst|niosv_reg_file:reg_file_inst|niosv_ram:non_ecc_regfile.reg_file_a" File: /home/cari/cst455_soc/Lab3/Lab3/synthesis/submodules/niosv_reg_file.sv Line: 82
Info (12128): Elaborating entity "altsyncram" for hierarchy "Lab3_Lab3:lab3|niosv_m_top:hart|niosv_m_core:m_core.niosv_m_full_inst|niosv_reg_file:reg_file_inst|niosv_ram:non_ecc_regfile.reg_file_a|altsyncram:ram_no_ecc.data_ram" File: /home/cari/cst455_soc/Lab3/Lab3/synthesis/submodules/niosv_ram.sv Line: 191
Info (12130): Elaborated megafunction instantiation "Lab3_Lab3:lab3|niosv_m_top:hart|niosv_m_core:m_core.niosv_m_full_inst|niosv_reg_file:reg_file_inst|niosv_ram:non_ecc_regfile.reg_file_a|altsyncram:ram_no_ecc.data_ram" File: /home/cari/cst455_soc/Lab3/Lab3/synthesis/submodules/niosv_ram.sv Line: 191
Info (12133): Instantiated megafunction "Lab3_Lab3:lab3|niosv_m_top:hart|niosv_m_core:m_core.niosv_m_full_inst|niosv_reg_file:reg_file_inst|niosv_ram:non_ecc_regfile.reg_file_a|altsyncram:ram_no_ecc.data_ram" with the following parameter: File: /home/cari/cst455_soc/Lab3/Lab3/synthesis/submodules/niosv_ram.sv Line: 191
    Info (12134): Parameter "byte_size" = "8"
    Info (12134): Parameter "indata_reg_b" = "CLOCK0"
    Info (12134): Parameter "init_file" = "UNUSED"
    Info (12134): Parameter "wrcontrol_wraddress_reg_b" = "CLOCK0"
    Info (12134): Parameter "outdata_reg_a" = "UNREGISTERED"
    Info (12134): Parameter "address_reg_b" = "CLOCK0"
    Info (12134): Parameter "lpm_type" = "altsyncram"
    Info (12134): Parameter "numwords_a" = "32"
    Info (12134): Parameter "numwords_b" = "32"
    Info (12134): Parameter "operation_mode" = "DUAL_PORT"
    Info (12134): Parameter "outdata_reg_b" = "UNREGISTERED"
    Info (12134): Parameter "power_up_uninitialized" = "FALSE"
    Info (12134): Parameter "ram_block_type" = "M10K"
    Info (12134): Parameter "read_during_write_mode_mixed_ports" = "OLD_DATA"
    Info (12134): Parameter "widthad_a" = "5"
    Info (12134): Parameter "widthad_b" = "5"
    Info (12134): Parameter "width_a" = "32"
    Info (12134): Parameter "width_b" = "32"
    Info (12134): Parameter "width_byteena_a" = "4"
    Info (12134): Parameter "width_byteena_b" = "4"
Info (12021): Found 1 design units, including 1 entities, in source file db/altsyncram_v8v1.tdf
    Info (12023): Found entity 1: altsyncram_v8v1 File: /home/cari/cst455_soc/Lab3/db/altsyncram_v8v1.tdf Line: 28
Info (12128): Elaborating entity "altsyncram_v8v1" for hierarchy "Lab3_Lab3:lab3|niosv_m_top:hart|niosv_m_core:m_core.niosv_m_full_inst|niosv_reg_file:reg_file_inst|niosv_ram:non_ecc_regfile.reg_file_a|altsyncram:ram_no_ecc.data_ram|altsyncram_v8v1:auto_generated" File: /opt/IntelFPGA/quartus/libraries/megafunctions/altsyncram.tdf Line: 792
Info (12128): Elaborating entity "niosv_m_decoder" for hierarchy "Lab3_Lab3:lab3|niosv_m_top:hart|niosv_m_core:m_core.niosv_m_full_inst|niosv_m_decoder:instr_decoder_inst" File: /home/cari/cst455_soc/Lab3/Lab3/synthesis/submodules/niosv_m_core.sv Line: 1571
Info (12128): Elaborating entity "niosv_m_alu" for hierarchy "Lab3_Lab3:lab3|niosv_m_top:hart|niosv_m_core:m_core.niosv_m_full_inst|niosv_m_alu:alu_inst" File: /home/cari/cst455_soc/Lab3/Lab3/synthesis/submodules/niosv_m_core.sv Line: 1595
Info (12128): Elaborating entity "niosv_m_shift_module" for hierarchy "Lab3_Lab3:lab3|niosv_m_top:hart|niosv_m_core:m_core.niosv_m_full_inst|niosv_m_shift_module:shift_inst" File: /home/cari/cst455_soc/Lab3/Lab3/synthesis/submodules/niosv_m_core.sv Line: 1612
Info (12128): Elaborating entity "niosv_m_lsu" for hierarchy "Lab3_Lab3:lab3|niosv_m_top:hart|niosv_m_core:m_core.niosv_m_full_inst|niosv_m_lsu:lsu_inst" File: /home/cari/cst455_soc/Lab3/Lab3/synthesis/submodules/niosv_m_core.sv Line: 1676
Info (12128): Elaborating entity "niosv_mem_op_state" for hierarchy "Lab3_Lab3:lab3|niosv_m_top:hart|niosv_m_core:m_core.niosv_m_full_inst|niosv_m_lsu:lsu_inst|niosv_mem_op_state:read_cmd" File: /home/cari/cst455_soc/Lab3/Lab3/synthesis/submodules/niosv_m_lsu.sv Line: 399
Info (12128): Elaborating entity "niosv_csr" for hierarchy "Lab3_Lab3:lab3|niosv_m_top:hart|niosv_m_core:m_core.niosv_m_full_inst|niosv_csr:csr_inst" File: /home/cari/cst455_soc/Lab3/Lab3/synthesis/submodules/niosv_m_core.sv Line: 1771
Info (12128): Elaborating entity "niosv_interrupt_handler" for hierarchy "Lab3_Lab3:lab3|niosv_m_top:hart|niosv_m_core:m_core.niosv_m_full_inst|niosv_csr:csr_inst|niosv_interrupt_handler:irq_inst" File: /home/cari/cst455_soc/Lab3/Lab3/synthesis/submodules/niosv_csr.sv Line: 993
Info (12128): Elaborating entity "niosv_timer_msip" for hierarchy "Lab3_Lab3:lab3|niosv_timer_msip:timer_module" File: /home/cari/cst455_soc/Lab3/Lab3/synthesis/submodules/Lab3_Lab3.v Line: 161
Info (12128): Elaborating entity "niosv_dm_top" for hierarchy "Lab3_Lab3:lab3|niosv_dm_top:dbg_mod" File: /home/cari/cst455_soc/Lab3/Lab3/synthesis/submodules/Lab3_Lab3.v Line: 179
Info (12128): Elaborating entity "niosv_dm_jtag2mm" for hierarchy "Lab3_Lab3:lab3|niosv_dm_top:dbg_mod|niosv_dm_jtag2mm:dtm_inst" File: /home/cari/cst455_soc/Lab3/Lab3/synthesis/submodules/niosv_dm_top.sv Line: 64
Info (12128): Elaborating entity "sld_virtual_jtag_basic" for hierarchy "Lab3_Lab3:lab3|niosv_dm_top:dbg_mod|niosv_dm_jtag2mm:dtm_inst|sld_virtual_jtag_basic:vjtag_inst" File: /home/cari/cst455_soc/Lab3/Lab3/synthesis/submodules/niosv_dm_jtag2mm.sv Line: 89
Info (12130): Elaborated megafunction instantiation "Lab3_Lab3:lab3|niosv_dm_top:dbg_mod|niosv_dm_jtag2mm:dtm_inst|sld_virtual_jtag_basic:vjtag_inst" File: /home/cari/cst455_soc/Lab3/Lab3/synthesis/submodules/niosv_dm_jtag2mm.sv Line: 89
Info (12133): Instantiated megafunction "Lab3_Lab3:lab3|niosv_dm_top:dbg_mod|niosv_dm_jtag2mm:dtm_inst|sld_virtual_jtag_basic:vjtag_inst" with the following parameter: File: /home/cari/cst455_soc/Lab3/Lab3/synthesis/submodules/niosv_dm_jtag2mm.sv Line: 89
    Info (12134): Parameter "sld_ir_width" = "5"
    Info (12134): Parameter "sld_mfg_id" = "110"
    Info (12134): Parameter "sld_type_id" = "19"
    Info (12134): Parameter "sld_version" = "1"
    Info (12134): Parameter "sld_auto_instance_index" = "YES"
Info (12128): Elaborating entity "sld_virtual_jtag_impl" for hierarchy "Lab3_Lab3:lab3|niosv_dm_top:dbg_mod|niosv_dm_jtag2mm:dtm_inst|sld_virtual_jtag_basic:vjtag_inst|sld_virtual_jtag_impl:sld_virtual_jtag_impl_inst" File: /opt/IntelFPGA/quartus/libraries/megafunctions/sld_virtual_jtag_basic.v Line: 152
Info (12131): Elaborated megafunction instantiation "Lab3_Lab3:lab3|niosv_dm_top:dbg_mod|niosv_dm_jtag2mm:dtm_inst|sld_virtual_jtag_basic:vjtag_inst|sld_virtual_jtag_impl:sld_virtual_jtag_impl_inst", which is child of megafunction instantiation "Lab3_Lab3:lab3|niosv_dm_top:dbg_mod|niosv_dm_jtag2mm:dtm_inst|sld_virtual_jtag_basic:vjtag_inst" File: /opt/IntelFPGA/quartus/libraries/megafunctions/sld_virtual_jtag_basic.v Line: 152
Info (12128): Elaborating entity "sld_jtag_endpoint_adapter" for hierarchy "Lab3_Lab3:lab3|niosv_dm_top:dbg_mod|niosv_dm_jtag2mm:dtm_inst|sld_virtual_jtag_basic:vjtag_inst|sld_virtual_jtag_impl:sld_virtual_jtag_impl_inst|sld_jtag_endpoint_adapter:jtag_signal_adapter" File: /opt/IntelFPGA/quartus/libraries/megafunctions/sld_virtual_jtag_basic.v Line: 415
Info (12128): Elaborating entity "sld_jtag_endpoint_adapter_impl" for hierarchy "Lab3_Lab3:lab3|niosv_dm_top:dbg_mod|niosv_dm_jtag2mm:dtm_inst|sld_virtual_jtag_basic:vjtag_inst|sld_virtual_jtag_impl:sld_virtual_jtag_impl_inst|sld_jtag_endpoint_adapter:jtag_signal_adapter|sld_jtag_endpoint_adapter_impl:sld_jtag_endpoint_adapter_impl_inst" File: /opt/IntelFPGA/quartus/libraries/megafunctions/sld_jtag_endpoint_adapter.vhd Line: 232
Info (12128): Elaborating entity "altera_avalon_st_handshake_clock_crosser" for hierarchy "Lab3_Lab3:lab3|niosv_dm_top:dbg_mod|niosv_dm_jtag2mm:dtm_inst|altera_avalon_st_handshake_clock_crosser:cmd_clk_xer" File: /home/cari/cst455_soc/Lab3/Lab3/synthesis/submodules/niosv_dm_jtag2mm.sv Line: 300
Info (12128): Elaborating entity "altera_avalon_st_clock_crosser" for hierarchy "Lab3_Lab3:lab3|niosv_dm_top:dbg_mod|niosv_dm_jtag2mm:dtm_inst|altera_avalon_st_handshake_clock_crosser:cmd_clk_xer|altera_avalon_st_clock_crosser:clock_xer" File: /home/cari/cst455_soc/Lab3/Lab3/synthesis/submodules/altera_avalon_st_handshake_clock_crosser.v Line: 149
Info (12128): Elaborating entity "altera_std_synchronizer_nocut" for hierarchy "Lab3_Lab3:lab3|niosv_dm_top:dbg_mod|niosv_dm_jtag2mm:dtm_inst|altera_avalon_st_handshake_clock_crosser:cmd_clk_xer|altera_avalon_st_clock_crosser:clock_xer|altera_std_synchronizer_nocut:in_to_out_synchronizer" File: /home/cari/cst455_soc/Lab3/Lab3/synthesis/submodules/altera_avalon_st_clock_crosser.v Line: 105
Info (12128): Elaborating entity "altera_avalon_st_pipeline_base" for hierarchy "Lab3_Lab3:lab3|niosv_dm_top:dbg_mod|niosv_dm_jtag2mm:dtm_inst|altera_avalon_st_handshake_clock_crosser:cmd_clk_xer|altera_avalon_st_clock_crosser:clock_xer|altera_avalon_st_pipeline_base:output_stage" File: /home/cari/cst455_soc/Lab3/Lab3/synthesis/submodules/altera_avalon_st_clock_crosser.v Line: 129
Info (12128): Elaborating entity "altera_avalon_st_handshake_clock_crosser" for hierarchy "Lab3_Lab3:lab3|niosv_dm_top:dbg_mod|niosv_dm_jtag2mm:dtm_inst|altera_avalon_st_handshake_clock_crosser:rsp_clk_xer" File: /home/cari/cst455_soc/Lab3/Lab3/synthesis/submodules/niosv_dm_jtag2mm.sv Line: 332
Info (12128): Elaborating entity "altera_avalon_st_clock_crosser" for hierarchy "Lab3_Lab3:lab3|niosv_dm_top:dbg_mod|niosv_dm_jtag2mm:dtm_inst|altera_avalon_st_handshake_clock_crosser:rsp_clk_xer|altera_avalon_st_clock_crosser:clock_xer" File: /home/cari/cst455_soc/Lab3/Lab3/synthesis/submodules/altera_avalon_st_handshake_clock_crosser.v Line: 149
Info (12128): Elaborating entity "altera_avalon_st_pipeline_base" for hierarchy "Lab3_Lab3:lab3|niosv_dm_top:dbg_mod|niosv_dm_jtag2mm:dtm_inst|altera_avalon_st_handshake_clock_crosser:rsp_clk_xer|altera_avalon_st_clock_crosser:clock_xer|altera_avalon_st_pipeline_base:output_stage" File: /home/cari/cst455_soc/Lab3/Lab3/synthesis/submodules/altera_avalon_st_clock_crosser.v Line: 129
Info (12128): Elaborating entity "niosv_debug_module" for hierarchy "Lab3_Lab3:lab3|niosv_dm_top:dbg_mod|niosv_debug_module:dm_inst" File: /home/cari/cst455_soc/Lab3/Lab3/synthesis/submodules/niosv_dm_top.sv Line: 92
Info (12128): Elaborating entity "niosv_ram" for hierarchy "Lab3_Lab3:lab3|niosv_dm_top:dbg_mod|niosv_debug_module:dm_inst|niosv_ram:niosv_dm_csr_mem_inst" File: /home/cari/cst455_soc/Lab3/Lab3/synthesis/submodules/niosv_debug_module.sv Line: 558
Info (12128): Elaborating entity "altsyncram" for hierarchy "Lab3_Lab3:lab3|niosv_dm_top:dbg_mod|niosv_debug_module:dm_inst|niosv_ram:niosv_dm_csr_mem_inst|altsyncram:ram_no_ecc.data_ram" File: /home/cari/cst455_soc/Lab3/Lab3/synthesis/submodules/niosv_ram.sv Line: 240
Info (12130): Elaborated megafunction instantiation "Lab3_Lab3:lab3|niosv_dm_top:dbg_mod|niosv_debug_module:dm_inst|niosv_ram:niosv_dm_csr_mem_inst|altsyncram:ram_no_ecc.data_ram" File: /home/cari/cst455_soc/Lab3/Lab3/synthesis/submodules/niosv_ram.sv Line: 240
Info (12133): Instantiated megafunction "Lab3_Lab3:lab3|niosv_dm_top:dbg_mod|niosv_debug_module:dm_inst|niosv_ram:niosv_dm_csr_mem_inst|altsyncram:ram_no_ecc.data_ram" with the following parameter: File: /home/cari/cst455_soc/Lab3/Lab3/synthesis/submodules/niosv_ram.sv Line: 240
    Info (12134): Parameter "indata_reg_b" = "CLOCK0"
    Info (12134): Parameter "init_file" = "./csr_mlab.mif"
    Info (12134): Parameter "wrcontrol_wraddress_reg_b" = "CLOCK0"
    Info (12134): Parameter "outdata_reg_a" = "UNREGISTERED"
    Info (12134): Parameter "address_reg_b" = "CLOCK0"
    Info (12134): Parameter "lpm_type" = "altsyncram"
    Info (12134): Parameter "numwords_a" = "10"
    Info (12134): Parameter "numwords_b" = "10"
    Info (12134): Parameter "operation_mode" = "DUAL_PORT"
    Info (12134): Parameter "outdata_reg_b" = "UNREGISTERED"
    Info (12134): Parameter "power_up_uninitialized" = "FALSE"
    Info (12134): Parameter "ram_block_type" = "MLAB"
    Info (12134): Parameter "read_during_write_mode_mixed_ports" = "OLD_DATA"
    Info (12134): Parameter "widthad_a" = "4"
    Info (12134): Parameter "widthad_b" = "4"
    Info (12134): Parameter "width_a" = "32"
    Info (12134): Parameter "width_b" = "32"
Info (12021): Found 1 design units, including 1 entities, in source file db/altsyncram_q9s1.tdf
    Info (12023): Found entity 1: altsyncram_q9s1 File: /home/cari/cst455_soc/Lab3/db/altsyncram_q9s1.tdf Line: 28
Info (12128): Elaborating entity "altsyncram_q9s1" for hierarchy "Lab3_Lab3:lab3|niosv_dm_top:dbg_mod|niosv_debug_module:dm_inst|niosv_ram:niosv_dm_csr_mem_inst|altsyncram:ram_no_ecc.data_ram|altsyncram_q9s1:auto_generated" File: /opt/IntelFPGA/quartus/libraries/megafunctions/altsyncram.tdf Line: 792
Info (12128): Elaborating entity "niosv_ram" for hierarchy "Lab3_Lab3:lab3|niosv_dm_top:dbg_mod|niosv_debug_module:dm_inst|niosv_ram:dbg_rom_inst" File: /home/cari/cst455_soc/Lab3/Lab3/synthesis/submodules/niosv_debug_module.sv Line: 1317
Info (12128): Elaborating entity "altsyncram" for hierarchy "Lab3_Lab3:lab3|niosv_dm_top:dbg_mod|niosv_debug_module:dm_inst|niosv_ram:dbg_rom_inst|altsyncram:ram_no_ecc.data_ram" File: /home/cari/cst455_soc/Lab3/Lab3/synthesis/submodules/niosv_ram.sv Line: 240
Info (12130): Elaborated megafunction instantiation "Lab3_Lab3:lab3|niosv_dm_top:dbg_mod|niosv_debug_module:dm_inst|niosv_ram:dbg_rom_inst|altsyncram:ram_no_ecc.data_ram" File: /home/cari/cst455_soc/Lab3/Lab3/synthesis/submodules/niosv_ram.sv Line: 240
Info (12133): Instantiated megafunction "Lab3_Lab3:lab3|niosv_dm_top:dbg_mod|niosv_debug_module:dm_inst|niosv_ram:dbg_rom_inst|altsyncram:ram_no_ecc.data_ram" with the following parameter: File: /home/cari/cst455_soc/Lab3/Lab3/synthesis/submodules/niosv_ram.sv Line: 240
    Info (12134): Parameter "indata_reg_b" = "CLOCK0"
    Info (12134): Parameter "init_file" = "./debug_rom.mif"
    Info (12134): Parameter "wrcontrol_wraddress_reg_b" = "CLOCK0"
    Info (12134): Parameter "outdata_reg_a" = "UNREGISTERED"
    Info (12134): Parameter "address_reg_b" = "CLOCK0"
    Info (12134): Parameter "lpm_type" = "altsyncram"
    Info (12134): Parameter "numwords_a" = "42"
    Info (12134): Parameter "numwords_b" = "42"
    Info (12134): Parameter "operation_mode" = "DUAL_PORT"
    Info (12134): Parameter "outdata_reg_b" = "UNREGISTERED"
    Info (12134): Parameter "power_up_uninitialized" = "FALSE"
    Info (12134): Parameter "ram_block_type" = "MLAB"
    Info (12134): Parameter "read_during_write_mode_mixed_ports" = "OLD_DATA"
    Info (12134): Parameter "widthad_a" = "6"
    Info (12134): Parameter "widthad_b" = "6"
    Info (12134): Parameter "width_a" = "32"
    Info (12134): Parameter "width_b" = "32"
Info (12021): Found 1 design units, including 1 entities, in source file db/altsyncram_pds1.tdf
    Info (12023): Found entity 1: altsyncram_pds1 File: /home/cari/cst455_soc/Lab3/db/altsyncram_pds1.tdf Line: 32
Info (12128): Elaborating entity "altsyncram_pds1" for hierarchy "Lab3_Lab3:lab3|niosv_dm_top:dbg_mod|niosv_debug_module:dm_inst|niosv_ram:dbg_rom_inst|altsyncram:ram_no_ecc.data_ram|altsyncram_pds1:auto_generated" File: /opt/IntelFPGA/quartus/libraries/megafunctions/altsyncram.tdf Line: 792
Info (12021): Found 1 design units, including 1 entities, in source file db/decode_5la.tdf
    Info (12023): Found entity 1: decode_5la File: /home/cari/cst455_soc/Lab3/db/decode_5la.tdf Line: 23
Info (12128): Elaborating entity "decode_5la" for hierarchy "Lab3_Lab3:lab3|niosv_dm_top:dbg_mod|niosv_debug_module:dm_inst|niosv_ram:dbg_rom_inst|altsyncram:ram_no_ecc.data_ram|altsyncram_pds1:auto_generated|decode_5la:wr_decode" File: /home/cari/cst455_soc/Lab3/db/altsyncram_pds1.tdf Line: 46
Info (12021): Found 1 design units, including 1 entities, in source file db/mux_2hb.tdf
    Info (12023): Found entity 1: mux_2hb File: /home/cari/cst455_soc/Lab3/db/mux_2hb.tdf Line: 23
Info (12128): Elaborating entity "mux_2hb" for hierarchy "Lab3_Lab3:lab3|niosv_dm_top:dbg_mod|niosv_debug_module:dm_inst|niosv_ram:dbg_rom_inst|altsyncram:ram_no_ecc.data_ram|altsyncram_pds1:auto_generated|mux_2hb:rd_mux" File: /home/cari/cst455_soc/Lab3/db/altsyncram_pds1.tdf Line: 47
Info (12128): Elaborating entity "Lab3_Lab3_irq_mapper" for hierarchy "Lab3_Lab3:lab3|Lab3_Lab3_irq_mapper:irq_mapper" File: /home/cari/cst455_soc/Lab3/Lab3/synthesis/submodules/Lab3_Lab3.v Line: 186
Info (12128): Elaborating entity "altera_reset_controller" for hierarchy "Lab3_Lab3:lab3|altera_reset_controller:rst_controller" File: /home/cari/cst455_soc/Lab3/Lab3/synthesis/submodules/Lab3_Lab3.v Line: 263
Info (12128): Elaborating entity "altera_reset_controller" for hierarchy "Lab3_Lab3:lab3|altera_reset_controller:rst_controller_001" File: /home/cari/cst455_soc/Lab3/Lab3/synthesis/submodules/Lab3_Lab3.v Line: 326
Info (12128): Elaborating entity "altera_reset_synchronizer" for hierarchy "Lab3_Lab3:lab3|altera_reset_controller:rst_controller_001|altera_reset_synchronizer:alt_rst_sync_uq1" File: /home/cari/cst455_soc/Lab3/Lab3/synthesis/submodules/altera_reset_controller.v Line: 208
Info (12128): Elaborating entity "altera_reset_synchronizer" for hierarchy "Lab3_Lab3:lab3|altera_reset_controller:rst_controller_001|altera_reset_synchronizer:alt_rst_req_sync_uq1" File: /home/cari/cst455_soc/Lab3/Lab3/synthesis/submodules/altera_reset_controller.v Line: 220
Info (12128): Elaborating entity "Lab3_SRAM" for hierarchy "Lab3_SRAM:sram" File: /home/cari/cst455_soc/Lab3/Lab3/synthesis/Lab3.v Line: 275
Info (12128): Elaborating entity "altsyncram" for hierarchy "Lab3_SRAM:sram|altsyncram:the_altsyncram" File: /home/cari/cst455_soc/Lab3/Lab3/synthesis/submodules/Lab3_SRAM.v Line: 69
Info (12130): Elaborated megafunction instantiation "Lab3_SRAM:sram|altsyncram:the_altsyncram" File: /home/cari/cst455_soc/Lab3/Lab3/synthesis/submodules/Lab3_SRAM.v Line: 69
Info (12133): Instantiated megafunction "Lab3_SRAM:sram|altsyncram:the_altsyncram" with the following parameter: File: /home/cari/cst455_soc/Lab3/Lab3/synthesis/submodules/Lab3_SRAM.v Line: 69
    Info (12134): Parameter "byte_size" = "8"
    Info (12134): Parameter "init_file" = "Lab3_SRAM.hex"
    Info (12134): Parameter "lpm_type" = "altsyncram"
    Info (12134): Parameter "maximum_depth" = "51200"
    Info (12134): Parameter "numwords_a" = "51200"
    Info (12134): Parameter "operation_mode" = "SINGLE_PORT"
    Info (12134): Parameter "outdata_reg_a" = "UNREGISTERED"
    Info (12134): Parameter "ram_block_type" = "AUTO"
    Info (12134): Parameter "read_during_write_mode_mixed_ports" = "DONT_CARE"
    Info (12134): Parameter "read_during_write_mode_port_a" = "DONT_CARE"
    Info (12134): Parameter "width_a" = "32"
    Info (12134): Parameter "width_byteena_a" = "4"
    Info (12134): Parameter "widthad_a" = "16"
Info (12021): Found 1 design units, including 1 entities, in source file db/altsyncram_ptl1.tdf
    Info (12023): Found entity 1: altsyncram_ptl1 File: /home/cari/cst455_soc/Lab3/db/altsyncram_ptl1.tdf Line: 32
Info (12128): Elaborating entity "altsyncram_ptl1" for hierarchy "Lab3_SRAM:sram|altsyncram:the_altsyncram|altsyncram_ptl1:auto_generated" File: /opt/IntelFPGA/quartus/libraries/megafunctions/altsyncram.tdf Line: 792
Info (12021): Found 1 design units, including 1 entities, in source file db/decode_cla.tdf
    Info (12023): Found entity 1: decode_cla File: /home/cari/cst455_soc/Lab3/db/decode_cla.tdf Line: 23
Info (12128): Elaborating entity "decode_cla" for hierarchy "Lab3_SRAM:sram|altsyncram:the_altsyncram|altsyncram_ptl1:auto_generated|decode_cla:decode3" File: /home/cari/cst455_soc/Lab3/db/altsyncram_ptl1.tdf Line: 44
Info (12021): Found 1 design units, including 1 entities, in source file db/mux_9hb.tdf
    Info (12023): Found entity 1: mux_9hb File: /home/cari/cst455_soc/Lab3/db/mux_9hb.tdf Line: 23
Info (12128): Elaborating entity "mux_9hb" for hierarchy "Lab3_SRAM:sram|altsyncram:the_altsyncram|altsyncram_ptl1:auto_generated|mux_9hb:mux2" File: /home/cari/cst455_soc/Lab3/db/altsyncram_ptl1.tdf Line: 45
Info (12128): Elaborating entity "Lab3_switches" for hierarchy "Lab3_switches:switches" File: /home/cari/cst455_soc/Lab3/Lab3/synthesis/Lab3.v Line: 283
Info (12128): Elaborating entity "Lab3_mm_interconnect_0" for hierarchy "Lab3_mm_interconnect_0:mm_interconnect_0" File: /home/cari/cst455_soc/Lab3/Lab3/synthesis/Lab3.v Line: 388
Info (12128): Elaborating entity "altera_merlin_slave_translator" for hierarchy "Lab3_mm_interconnect_0:mm_interconnect_0|altera_merlin_slave_translator:debug_avalon_jtag_slave_translator" File: /home/cari/cst455_soc/Lab3/Lab3/synthesis/submodules/Lab3_mm_interconnect_0.v Line: 1109
Info (12128): Elaborating entity "altera_merlin_slave_translator" for hierarchy "Lab3_mm_interconnect_0:mm_interconnect_0|altera_merlin_slave_translator:lab3_dm_agent_translator" File: /home/cari/cst455_soc/Lab3/Lab3/synthesis/submodules/Lab3_mm_interconnect_0.v Line: 1173
Info (12128): Elaborating entity "altera_merlin_slave_translator" for hierarchy "Lab3_mm_interconnect_0:mm_interconnect_0|altera_merlin_slave_translator:sram_s1_translator" File: /home/cari/cst455_soc/Lab3/Lab3/synthesis/submodules/Lab3_mm_interconnect_0.v Line: 1237
Info (12128): Elaborating entity "altera_merlin_slave_translator" for hierarchy "Lab3_mm_interconnect_0:mm_interconnect_0|altera_merlin_slave_translator:hex0_s1_translator" File: /home/cari/cst455_soc/Lab3/Lab3/synthesis/submodules/Lab3_mm_interconnect_0.v Line: 1301
Info (12128): Elaborating entity "altera_merlin_slave_translator" for hierarchy "Lab3_mm_interconnect_0:mm_interconnect_0|altera_merlin_slave_translator:switches_s1_translator" File: /home/cari/cst455_soc/Lab3/Lab3/synthesis/submodules/Lab3_mm_interconnect_0.v Line: 1685
Info (12128): Elaborating entity "altera_merlin_slave_translator" for hierarchy "Lab3_mm_interconnect_0:mm_interconnect_0|altera_merlin_slave_translator:lab3_timer_sw_agent_translator" File: /home/cari/cst455_soc/Lab3/Lab3/synthesis/submodules/Lab3_mm_interconnect_0.v Line: 1749
Info (12128): Elaborating entity "altera_merlin_axi_master_ni" for hierarchy "Lab3_mm_interconnect_0:mm_interconnect_0|altera_merlin_axi_master_ni:lab3_data_manager_agent" File: /home/cari/cst455_soc/Lab3/Lab3/synthesis/submodules/Lab3_mm_interconnect_0.v Line: 1877
Warning (10230): Verilog HDL assignment warning at altera_merlin_axi_master_ni.sv(362): truncated value with size 3 to match size of target (1) File: /home/cari/cst455_soc/Lab3/Lab3/synthesis/submodules/altera_merlin_axi_master_ni.sv Line: 362
Warning (10230): Verilog HDL assignment warning at altera_merlin_axi_master_ni.sv(385): truncated value with size 3 to match size of target (1) File: /home/cari/cst455_soc/Lab3/Lab3/synthesis/submodules/altera_merlin_axi_master_ni.sv Line: 385
Info (12128): Elaborating entity "altera_merlin_axi_master_ni" for hierarchy "Lab3_mm_interconnect_0:mm_interconnect_0|altera_merlin_axi_master_ni:lab3_instruction_manager_agent" File: /home/cari/cst455_soc/Lab3/Lab3/synthesis/submodules/Lab3_mm_interconnect_0.v Line: 2005
Warning (10230): Verilog HDL assignment warning at altera_merlin_axi_master_ni.sv(362): truncated value with size 3 to match size of target (1) File: /home/cari/cst455_soc/Lab3/Lab3/synthesis/submodules/altera_merlin_axi_master_ni.sv Line: 362
Warning (10230): Verilog HDL assignment warning at altera_merlin_axi_master_ni.sv(385): truncated value with size 3 to match size of target (1) File: /home/cari/cst455_soc/Lab3/Lab3/synthesis/submodules/altera_merlin_axi_master_ni.sv Line: 385
Info (12128): Elaborating entity "altera_merlin_slave_agent" for hierarchy "Lab3_mm_interconnect_0:mm_interconnect_0|altera_merlin_slave_agent:debug_avalon_jtag_slave_agent" File: /home/cari/cst455_soc/Lab3/Lab3/synthesis/submodules/Lab3_mm_interconnect_0.v Line: 2089
Info (12128): Elaborating entity "altera_merlin_burst_uncompressor" for hierarchy "Lab3_mm_interconnect_0:mm_interconnect_0|altera_merlin_slave_agent:debug_avalon_jtag_slave_agent|altera_merlin_burst_uncompressor:uncompressor" File: /home/cari/cst455_soc/Lab3/Lab3/synthesis/submodules/altera_merlin_slave_agent.sv Line: 608
Info (12128): Elaborating entity "altera_avalon_sc_fifo" for hierarchy "Lab3_mm_interconnect_0:mm_interconnect_0|altera_avalon_sc_fifo:debug_avalon_jtag_slave_agent_rsp_fifo" File: /home/cari/cst455_soc/Lab3/Lab3/synthesis/submodules/Lab3_mm_interconnect_0.v Line: 2130
Info (12128): Elaborating entity "altera_avalon_sc_fifo" for hierarchy "Lab3_mm_interconnect_0:mm_interconnect_0|altera_avalon_sc_fifo:debug_avalon_jtag_slave_agent_rdata_fifo" File: /home/cari/cst455_soc/Lab3/Lab3/synthesis/submodules/Lab3_mm_interconnect_0.v Line: 2171
Info (12128): Elaborating entity "altera_avalon_sc_fifo" for hierarchy "Lab3_mm_interconnect_0:mm_interconnect_0|altera_avalon_sc_fifo:lab3_dm_agent_agent_rsp_fifo" File: /home/cari/cst455_soc/Lab3/Lab3/synthesis/submodules/Lab3_mm_interconnect_0.v Line: 2296
Info (12128): Elaborating entity "altera_avalon_sc_fifo" for hierarchy "Lab3_mm_interconnect_0:mm_interconnect_0|altera_avalon_sc_fifo:lab3_dm_agent_agent_rdata_fifo" File: /home/cari/cst455_soc/Lab3/Lab3/synthesis/submodules/Lab3_mm_interconnect_0.v Line: 2337
Info (12128): Elaborating entity "Lab3_mm_interconnect_0_router" for hierarchy "Lab3_mm_interconnect_0:mm_interconnect_0|Lab3_mm_interconnect_0_router:router" File: /home/cari/cst455_soc/Lab3/Lab3/synthesis/submodules/Lab3_mm_interconnect_0.v Line: 3847
Info (12128): Elaborating entity "Lab3_mm_interconnect_0_router_default_decode" for hierarchy "Lab3_mm_interconnect_0:mm_interconnect_0|Lab3_mm_interconnect_0_router:router|Lab3_mm_interconnect_0_router_default_decode:the_default_decode" File: /home/cari/cst455_soc/Lab3/Lab3/synthesis/submodules/Lab3_mm_interconnect_0_router.sv Line: 194
Info (12128): Elaborating entity "Lab3_mm_interconnect_0_router_002" for hierarchy "Lab3_mm_interconnect_0:mm_interconnect_0|Lab3_mm_interconnect_0_router_002:router_002" File: /home/cari/cst455_soc/Lab3/Lab3/synthesis/submodules/Lab3_mm_interconnect_0.v Line: 3879
Info (12128): Elaborating entity "Lab3_mm_interconnect_0_router_002_default_decode" for hierarchy "Lab3_mm_interconnect_0:mm_interconnect_0|Lab3_mm_interconnect_0_router_002:router_002|Lab3_mm_interconnect_0_router_002_default_decode:the_default_decode" File: /home/cari/cst455_soc/Lab3/Lab3/synthesis/submodules/Lab3_mm_interconnect_0_router_002.sv Line: 180
Info (12128): Elaborating entity "Lab3_mm_interconnect_0_router_004" for hierarchy "Lab3_mm_interconnect_0:mm_interconnect_0|Lab3_mm_interconnect_0_router_004:router_004" File: /home/cari/cst455_soc/Lab3/Lab3/synthesis/submodules/Lab3_mm_interconnect_0.v Line: 3911
Info (12128): Elaborating entity "Lab3_mm_interconnect_0_router_004_default_decode" for hierarchy "Lab3_mm_interconnect_0:mm_interconnect_0|Lab3_mm_interconnect_0_router_004:router_004|Lab3_mm_interconnect_0_router_004_default_decode:the_default_decode" File: /home/cari/cst455_soc/Lab3/Lab3/synthesis/submodules/Lab3_mm_interconnect_0_router_004.sv Line: 181
Info (12128): Elaborating entity "Lab3_mm_interconnect_0_router_005" for hierarchy "Lab3_mm_interconnect_0:mm_interconnect_0|Lab3_mm_interconnect_0_router_005:router_005" File: /home/cari/cst455_soc/Lab3/Lab3/synthesis/submodules/Lab3_mm_interconnect_0.v Line: 3927
Info (12128): Elaborating entity "Lab3_mm_interconnect_0_router_005_default_decode" for hierarchy "Lab3_mm_interconnect_0:mm_interconnect_0|Lab3_mm_interconnect_0_router_005:router_005|Lab3_mm_interconnect_0_router_005_default_decode:the_default_decode" File: /home/cari/cst455_soc/Lab3/Lab3/synthesis/submodules/Lab3_mm_interconnect_0_router_005.sv Line: 181
Info (12128): Elaborating entity "altera_merlin_traffic_limiter" for hierarchy "Lab3_mm_interconnect_0:mm_interconnect_0|altera_merlin_traffic_limiter:lab3_instruction_manager_wr_limiter" File: /home/cari/cst455_soc/Lab3/Lab3/synthesis/submodules/Lab3_mm_interconnect_0.v Line: 4121
Info (12128): Elaborating entity "Lab3_mm_interconnect_0_cmd_demux" for hierarchy "Lab3_mm_interconnect_0:mm_interconnect_0|Lab3_mm_interconnect_0_cmd_demux:cmd_demux" File: /home/cari/cst455_soc/Lab3/Lab3/synthesis/submodules/Lab3_mm_interconnect_0.v Line: 4248
Info (12128): Elaborating entity "Lab3_mm_interconnect_0_cmd_demux_002" for hierarchy "Lab3_mm_interconnect_0:mm_interconnect_0|Lab3_mm_interconnect_0_cmd_demux_002:cmd_demux_002" File: /home/cari/cst455_soc/Lab3/Lab3/synthesis/submodules/Lab3_mm_interconnect_0.v Line: 4348
Info (12128): Elaborating entity "Lab3_mm_interconnect_0_cmd_mux" for hierarchy "Lab3_mm_interconnect_0:mm_interconnect_0|Lab3_mm_interconnect_0_cmd_mux:cmd_mux" File: /home/cari/cst455_soc/Lab3/Lab3/synthesis/submodules/Lab3_mm_interconnect_0.v Line: 4394
Info (12128): Elaborating entity "altera_merlin_arbitrator" for hierarchy "Lab3_mm_interconnect_0:mm_interconnect_0|Lab3_mm_interconnect_0_cmd_mux:cmd_mux|altera_merlin_arbitrator:arb" File: /home/cari/cst455_soc/Lab3/Lab3/synthesis/submodules/Lab3_mm_interconnect_0_cmd_mux.sv Line: 287
Info (12128): Elaborating entity "altera_merlin_arb_adder" for hierarchy "Lab3_mm_interconnect_0:mm_interconnect_0|Lab3_mm_interconnect_0_cmd_mux:cmd_mux|altera_merlin_arbitrator:arb|altera_merlin_arb_adder:adder" File: /home/cari/cst455_soc/Lab3/Lab3/synthesis/submodules/altera_merlin_arbitrator.sv Line: 169
Info (12128): Elaborating entity "Lab3_mm_interconnect_0_cmd_mux_001" for hierarchy "Lab3_mm_interconnect_0:mm_interconnect_0|Lab3_mm_interconnect_0_cmd_mux_001:cmd_mux_001" File: /home/cari/cst455_soc/Lab3/Lab3/synthesis/submodules/Lab3_mm_interconnect_0.v Line: 4429
Info (12128): Elaborating entity "altera_merlin_arbitrator" for hierarchy "Lab3_mm_interconnect_0:mm_interconnect_0|Lab3_mm_interconnect_0_cmd_mux_001:cmd_mux_001|altera_merlin_arbitrator:arb" File: /home/cari/cst455_soc/Lab3/Lab3/synthesis/submodules/Lab3_mm_interconnect_0_cmd_mux_001.sv Line: 315
Info (12128): Elaborating entity "altera_merlin_arb_adder" for hierarchy "Lab3_mm_interconnect_0:mm_interconnect_0|Lab3_mm_interconnect_0_cmd_mux_001:cmd_mux_001|altera_merlin_arbitrator:arb|altera_merlin_arb_adder:adder" File: /home/cari/cst455_soc/Lab3/Lab3/synthesis/submodules/altera_merlin_arbitrator.sv Line: 169
Info (12128): Elaborating entity "Lab3_mm_interconnect_0_rsp_demux" for hierarchy "Lab3_mm_interconnect_0:mm_interconnect_0|Lab3_mm_interconnect_0_rsp_demux:rsp_demux" File: /home/cari/cst455_soc/Lab3/Lab3/synthesis/submodules/Lab3_mm_interconnect_0.v Line: 4671
Info (12128): Elaborating entity "Lab3_mm_interconnect_0_rsp_demux_001" for hierarchy "Lab3_mm_interconnect_0:mm_interconnect_0|Lab3_mm_interconnect_0_rsp_demux_001:rsp_demux_001" File: /home/cari/cst455_soc/Lab3/Lab3/synthesis/submodules/Lab3_mm_interconnect_0.v Line: 4706
Info (12128): Elaborating entity "Lab3_mm_interconnect_0_rsp_mux" for hierarchy "Lab3_mm_interconnect_0:mm_interconnect_0|Lab3_mm_interconnect_0_rsp_mux:rsp_mux" File: /home/cari/cst455_soc/Lab3/Lab3/synthesis/submodules/Lab3_mm_interconnect_0.v Line: 5002
Info (12128): Elaborating entity "altera_merlin_arbitrator" for hierarchy "Lab3_mm_interconnect_0:mm_interconnect_0|Lab3_mm_interconnect_0_rsp_mux:rsp_mux|altera_merlin_arbitrator:arb" File: /home/cari/cst455_soc/Lab3/Lab3/synthesis/submodules/Lab3_mm_interconnect_0_rsp_mux.sv Line: 454
Info (12128): Elaborating entity "altera_merlin_arb_adder" for hierarchy "Lab3_mm_interconnect_0:mm_interconnect_0|Lab3_mm_interconnect_0_rsp_mux:rsp_mux|altera_merlin_arbitrator:arb|altera_merlin_arb_adder:adder" File: /home/cari/cst455_soc/Lab3/Lab3/synthesis/submodules/altera_merlin_arbitrator.sv Line: 169
Info (12128): Elaborating entity "Lab3_mm_interconnect_0_rsp_mux_002" for hierarchy "Lab3_mm_interconnect_0:mm_interconnect_0|Lab3_mm_interconnect_0_rsp_mux_002:rsp_mux_002" File: /home/cari/cst455_soc/Lab3/Lab3/synthesis/submodules/Lab3_mm_interconnect_0.v Line: 5102
Info (12128): Elaborating entity "altera_merlin_arbitrator" for hierarchy "Lab3_mm_interconnect_0:mm_interconnect_0|Lab3_mm_interconnect_0_rsp_mux_002:rsp_mux_002|altera_merlin_arbitrator:arb" File: /home/cari/cst455_soc/Lab3/Lab3/synthesis/submodules/Lab3_mm_interconnect_0_rsp_mux_002.sv Line: 310
Info (12128): Elaborating entity "Lab3_mm_interconnect_0_avalon_st_adapter" for hierarchy "Lab3_mm_interconnect_0:mm_interconnect_0|Lab3_mm_interconnect_0_avalon_st_adapter:avalon_st_adapter" File: /home/cari/cst455_soc/Lab3/Lab3/synthesis/submodules/Lab3_mm_interconnect_0.v Line: 5154
Info (12128): Elaborating entity "Lab3_mm_interconnect_0_avalon_st_adapter_error_adapter_0" for hierarchy "Lab3_mm_interconnect_0:mm_interconnect_0|Lab3_mm_interconnect_0_avalon_st_adapter:avalon_st_adapter|Lab3_mm_interconnect_0_avalon_st_adapter_error_adapter_0:error_adapter_0" File: /home/cari/cst455_soc/Lab3/Lab3/synthesis/submodules/Lab3_mm_interconnect_0_avalon_st_adapter.v Line: 200
Info (12128): Elaborating entity "Lab3_irq_mapper" for hierarchy "Lab3_irq_mapper:irq_mapper" File: /home/cari/cst455_soc/Lab3/Lab3/synthesis/Lab3.v Line: 395
Info (12128): Elaborating entity "altera_reset_controller" for hierarchy "altera_reset_controller:rst_controller" File: /home/cari/cst455_soc/Lab3/Lab3/synthesis/Lab3.v Line: 458
Info (11170): Starting IP generation for the debug fabric: alt_sld_fab.
Info (11172): 2024.11.06.19:35:31 Progress: Loading sld7bb2859b/alt_sld_fab_wrapper_hw.tcl
Info (11172): Alt_sld_fab.alt_sld_fab: SLD fabric agents which did not specify prefer_host were connected to JTAG
Info (11172): Alt_sld_fab: Generating alt_sld_fab "alt_sld_fab" for QUARTUS_SYNTH
Info (11172): Alt_sld_fab: "alt_sld_fab" instantiated alt_sld_fab "alt_sld_fab"
Info (11172): Presplit: "alt_sld_fab" instantiated altera_super_splitter "presplit"
Info (11172): Splitter: "alt_sld_fab" instantiated altera_sld_splitter "splitter"
Info (11172): Sldfabric: "alt_sld_fab" instantiated altera_sld_jtag_hub "sldfabric"
Info (11172): Ident: "alt_sld_fab" instantiated altera_connection_identification_hub "ident"
Info (11172): Alt_sld_fab: Done "alt_sld_fab" with 6 modules, 6 files
Info (11171): Finished IP generation for the debug fabric: alt_sld_fab.
Info (12021): Found 1 design units, including 1 entities, in source file db/ip/sld7bb2859b/alt_sld_fab.v
    Info (12023): Found entity 1: alt_sld_fab File: /home/cari/cst455_soc/Lab3/db/ip/sld7bb2859b/alt_sld_fab.v Line: 9
Info (12021): Found 1 design units, including 1 entities, in source file db/ip/sld7bb2859b/submodules/alt_sld_fab_alt_sld_fab.v
    Info (12023): Found entity 1: alt_sld_fab_alt_sld_fab File: /home/cari/cst455_soc/Lab3/db/ip/sld7bb2859b/submodules/alt_sld_fab_alt_sld_fab.v Line: 9
Info (12021): Found 1 design units, including 1 entities, in source file db/ip/sld7bb2859b/submodules/alt_sld_fab_alt_sld_fab_ident.sv
    Info (12023): Found entity 1: alt_sld_fab_alt_sld_fab_ident File: /home/cari/cst455_soc/Lab3/db/ip/sld7bb2859b/submodules/alt_sld_fab_alt_sld_fab_ident.sv Line: 33
Info (12021): Found 1 design units, including 1 entities, in source file db/ip/sld7bb2859b/submodules/alt_sld_fab_alt_sld_fab_presplit.sv
    Info (12023): Found entity 1: alt_sld_fab_alt_sld_fab_presplit File: /home/cari/cst455_soc/Lab3/db/ip/sld7bb2859b/submodules/alt_sld_fab_alt_sld_fab_presplit.sv Line: 3
Info (12021): Found 2 design units, including 1 entities, in source file db/ip/sld7bb2859b/submodules/alt_sld_fab_alt_sld_fab_sldfabric.vhd
    Info (12022): Found design unit 1: alt_sld_fab_alt_sld_fab_sldfabric-rtl File: /home/cari/cst455_soc/Lab3/db/ip/sld7bb2859b/submodules/alt_sld_fab_alt_sld_fab_sldfabric.vhd Line: 142
    Info (12023): Found entity 1: alt_sld_fab_alt_sld_fab_sldfabric File: /home/cari/cst455_soc/Lab3/db/ip/sld7bb2859b/submodules/alt_sld_fab_alt_sld_fab_sldfabric.vhd Line: 11
Info (12021): Found 1 design units, including 1 entities, in source file db/ip/sld7bb2859b/submodules/alt_sld_fab_alt_sld_fab_splitter.sv
    Info (12023): Found entity 1: alt_sld_fab_alt_sld_fab_splitter File: /home/cari/cst455_soc/Lab3/db/ip/sld7bb2859b/submodules/alt_sld_fab_alt_sld_fab_splitter.sv Line: 3
Warning (12241): 2 hierarchies have connectivity warnings - see the Connectivity Checks report folder
Info (144001): Generated suppressed messages file /home/cari/cst455_soc/Lab3/output_files/Lab3.map.smsg
Info: Quartus Prime Analysis & Elaboration was successful. 0 errors, 12 warnings
    Info: Peak virtual memory: 990 megabytes
    Info: Processing ended: Wed Nov  6 19:35:40 2024
    Info: Elapsed time: 00:01:00
    Info: Total CPU time (on all processors): 00:02:29


+--------------------------------------------+
; Analysis & Elaboration Suppressed Messages ;
+--------------------------------------------+
The suppressed messages can be found in /home/cari/cst455_soc/Lab3/output_files/Lab3.map.smsg.


